INSERT IGNORE INTO `sys_ruleset` (`name`, `title`, `packagename`, `domain`, `role`, `permission`) VALUES ('marketbilling', 'Market Billing', 'marketbilling', 'MARKET', 'RULE_AUTHOR', NULL);
INSERT IGNORE INTO `sys_ruleset` (`name`, `title`, `packagename`, `domain`, `role`, `permission`) VALUES ('marketrentalrate', 'Market Rental Rate', 'marketrentalrate', 'MARKET', 'RULE_AUTHOR', NULL);
INSERT IGNORE INTO `sys_ruleset` (`name`, `title`, `packagename`, `domain`, `role`, `permission`) VALUES ('marketutility', 'Market Utility', 'marketutility', 'MARKET', 'RULE_AUTHOR', NULL);

INSERT IGNORE INTO `sys_rulegroup` (`name`, `ruleset`, `title`, `sortorder`) VALUES ('account-mapping', 'marketbilling', 'Account Mapping', '15');
INSERT IGNORE INTO `sys_rulegroup` (`name`, `ruleset`, `title`, `sortorder`) VALUES ('apply-payment', 'marketbilling', 'Apply Payment', '12');
INSERT IGNORE INTO `sys_rulegroup` (`name`, `ruleset`, `title`, `sortorder`) VALUES ('build-schedule', 'marketbilling', 'Build Schedule', '3');
INSERT IGNORE INTO `sys_rulegroup` (`name`, `ruleset`, `title`, `sortorder`) VALUES ('initial', 'marketbilling', 'Initial', '1');
INSERT IGNORE INTO `sys_rulegroup` (`name`, `ruleset`, `title`, `sortorder`) VALUES ('interest', 'marketbilling', 'Interest', '11');
INSERT IGNORE INTO `sys_rulegroup` (`name`, `ruleset`, `title`, `sortorder`) VALUES ('otherfee', 'marketbilling', 'Other Fee', '8');
INSERT IGNORE INTO `sys_rulegroup` (`name`, `ruleset`, `title`, `sortorder`) VALUES ('post-apply-payment', 'marketbilling', 'Post Apply Payment', '13');
INSERT IGNORE INTO `sys_rulegroup` (`name`, `ruleset`, `title`, `sortorder`) VALUES ('post-build-schedule', 'marketbilling', 'Post Build Schedule', '4');
INSERT IGNORE INTO `sys_rulegroup` (`name`, `ruleset`, `title`, `sortorder`) VALUES ('post-otherfee', 'marketbilling', 'Post Other Fee', '9');
INSERT IGNORE INTO `sys_rulegroup` (`name`, `ruleset`, `title`, `sortorder`) VALUES ('post-recurringfee', 'marketbilling', 'Post Recurring Fee', '9');
INSERT IGNORE INTO `sys_rulegroup` (`name`, `ruleset`, `title`, `sortorder`) VALUES ('postcomputefee', 'marketbilling', 'Post Compute Fee', '6');
INSERT IGNORE INTO `sys_rulegroup` (`name`, `ruleset`, `title`, `sortorder`) VALUES ('postinitial', 'marketbilling', 'Post Initial', '2');
INSERT IGNORE INTO `sys_rulegroup` (`name`, `ruleset`, `title`, `sortorder`) VALUES ('pre-recurringfee', 'marketbilling', 'Pre Recurring Fee', '7');
INSERT IGNORE INTO `sys_rulegroup` (`name`, `ruleset`, `title`, `sortorder`) VALUES ('recurringfee', 'marketbilling', 'Apply Recurring Fee', '8');
INSERT IGNORE INTO `sys_rulegroup` (`name`, `ruleset`, `title`, `sortorder`) VALUES ('summary', 'marketbilling', 'Summary', '14');
INSERT IGNORE INTO `sys_rulegroup` (`name`, `ruleset`, `title`, `sortorder`) VALUES ('surcharge', 'marketbilling', 'Surcharge', '10');
INSERT IGNORE INTO `sys_rulegroup` (`name`, `ruleset`, `title`, `sortorder`) VALUES ('after-compute-fee', 'marketrentalrate', 'After Compute Fee', '2');
INSERT IGNORE INTO `sys_rulegroup` (`name`, `ruleset`, `title`, `sortorder`) VALUES ('compute-fee', 'marketrentalrate', 'Compute Fee', '1');
INSERT IGNORE INTO `sys_rulegroup` (`name`, `ruleset`, `title`, `sortorder`) VALUES ('initial', 'marketrentalrate', 'Initial', '0');
INSERT IGNORE INTO `sys_rulegroup` (`name`, `ruleset`, `title`, `sortorder`) VALUES ('compute', 'marketutility', 'Compute Rate', '0');

INSERT IGNORE INTO `sys_rule_fact` (`objid`, `name`, `title`, `factclass`, `sortorder`, `handler`, `defaultvarname`, `dynamic`, `lookuphandler`, `lookupkey`, `lookupvalue`, `lookupdatatype`, `dynamicfieldname`, `builtinconstraints`, `domain`, `factsuperclass`) VALUES ('-4c7763af:15d0a248672:-7ff4', 'treasury.facts.MonthBillItem', 'Month Bill Item', 'treasury.facts.MonthBillItem', '1', NULL, 'MBI', NULL, NULL, NULL, NULL, NULL, NULL, NULL, 'TREASURY', 'treasury.facts.AbstractBillItem');
INSERT IGNORE INTO `sys_rule_fact` (`objid`, `name`, `title`, `factclass`, `sortorder`, `handler`, `defaultvarname`, `dynamic`, `lookuphandler`, `lookupkey`, `lookupvalue`, `lookupdatatype`, `dynamicfieldname`, `builtinconstraints`, `domain`, `factsuperclass`) VALUES ('12aecdff:15f31e30a92:-7ff4', 'market.facts.MarketRentalBillItem', 'Market Rental Bill Item', 'market.facts.MarketRentalBillItem', '1', NULL, 'MRI', NULL, NULL, NULL, NULL, NULL, NULL, NULL, 'MARKET', 'treasury.facts.AbstractBillItem');
INSERT IGNORE INTO `sys_rule_fact` (`objid`, `name`, `title`, `factclass`, `sortorder`, `handler`, `defaultvarname`, `dynamic`, `lookuphandler`, `lookupkey`, `lookupvalue`, `lookupdatatype`, `dynamicfieldname`, `builtinconstraints`, `domain`, `factsuperclass`) VALUES ('2ecbcac2:15f2d21e588:-7ff1', 'treasury.facts.VarDate', 'Variable Date', 'treasury.facts.VarDate', '1', NULL, NULL, NULL, NULL, NULL, NULL, NULL, NULL, NULL, 'TREASURY', NULL);
INSERT IGNORE INTO `sys_rule_fact` (`objid`, `name`, `title`, `factclass`, `sortorder`, `handler`, `defaultvarname`, `dynamic`, `lookuphandler`, `lookupkey`, `lookupvalue`, `lookupdatatype`, `dynamicfieldname`, `builtinconstraints`, `domain`, `factsuperclass`) VALUES ('478dffc8:15d2b542c28:-7ff4', 'treasury.facts.BillSubItem', 'Bill Sub Item', 'treasury.facts.BillSubItem', '1', NULL, 'BILLSUB', NULL, NULL, NULL, NULL, NULL, NULL, NULL, 'TREASURY', 'treasury.facts.AbstractBillItem');
INSERT IGNORE INTO `sys_rule_fact` (`objid`, `name`, `title`, `factclass`, `sortorder`, `handler`, `defaultvarname`, `dynamic`, `lookuphandler`, `lookupkey`, `lookupvalue`, `lookupdatatype`, `dynamicfieldname`, `builtinconstraints`, `domain`, `factsuperclass`) VALUES ('RULFACT-18bde35a:15f2352729b:-7034', 'market.facts.MarketAccount', 'Market Account', 'market.facts.MarketAccount', '1', NULL, 'MA', NULL, NULL, NULL, NULL, NULL, NULL, NULL, 'MARKET', NULL);
INSERT IGNORE INTO `sys_rule_fact` (`objid`, `name`, `title`, `factclass`, `sortorder`, `handler`, `defaultvarname`, `dynamic`, `lookuphandler`, `lookupkey`, `lookupvalue`, `lookupdatatype`, `dynamicfieldname`, `builtinconstraints`, `domain`, `factsuperclass`) VALUES ('RULFACT-4b6f9ba:151d6820541:-7fca', 'treasury.facts.DueDate', 'Due Date', 'treasury.facts.DueDate', '1', NULL, NULL, NULL, NULL, NULL, NULL, NULL, NULL, NULL, 'TREASURY', NULL);
INSERT IGNORE INTO `sys_rule_fact` (`objid`, `name`, `title`, `factclass`, `sortorder`, `handler`, `defaultvarname`, `dynamic`, `lookuphandler`, `lookupkey`, `lookupvalue`, `lookupdatatype`, `dynamicfieldname`, `builtinconstraints`, `domain`, `factsuperclass`) VALUES ('RULFACT-570b5574:15884ac24cf:-77c5', 'treasury.facts.ExcessPayment', 'Excess Payment', 'treasury.facts.ExcessPayment', '5', NULL, 'EXPMT', NULL, NULL, NULL, NULL, NULL, NULL, NULL, 'TREASURY', NULL);
INSERT IGNORE INTO `sys_rule_fact` (`objid`, `name`, `title`, `factclass`, `sortorder`, `handler`, `defaultvarname`, `dynamic`, `lookuphandler`, `lookupkey`, `lookupvalue`, `lookupdatatype`, `dynamicfieldname`, `builtinconstraints`, `domain`, `factsuperclass`) VALUES ('RULFACT-570b5574:15884ac24cf:-77fd', 'treasury.facts.Payment', 'Payment', 'treasury.facts.Payment', '5', NULL, 'PMT', NULL, NULL, NULL, NULL, NULL, NULL, NULL, 'TREASURY', NULL);
INSERT IGNORE INTO `sys_rule_fact` (`objid`, `name`, `title`, `factclass`, `sortorder`, `handler`, `defaultvarname`, `dynamic`, `lookuphandler`, `lookupkey`, `lookupvalue`, `lookupdatatype`, `dynamicfieldname`, `builtinconstraints`, `domain`, `factsuperclass`) VALUES ('RULFACT-570b5574:15884ac24cf:-7932', 'treasury.facts.InterestItem', 'Interest Item', 'treasury.facts.InterestItem', '4', NULL, NULL, NULL, NULL, NULL, NULL, NULL, NULL, NULL, 'TREASURY', 'treasury.facts.AbstractBillItem');
INSERT IGNORE INTO `sys_rule_fact` (`objid`, `name`, `title`, `factclass`, `sortorder`, `handler`, `defaultvarname`, `dynamic`, `lookuphandler`, `lookupkey`, `lookupvalue`, `lookupdatatype`, `dynamicfieldname`, `builtinconstraints`, `domain`, `factsuperclass`) VALUES ('RULFACT-570b5574:15884ac24cf:-79a1', 'treasury.facts.SurchargeItem', 'Surcharge Item', 'treasury.facts.SurchargeItem', '4', NULL, 'SUR', NULL, NULL, NULL, NULL, NULL, NULL, NULL, 'TREASURY', 'treasury.facts.AbstractBillItem');
INSERT IGNORE INTO `sys_rule_fact` (`objid`, `name`, `title`, `factclass`, `sortorder`, `handler`, `defaultvarname`, `dynamic`, `lookuphandler`, `lookupkey`, `lookupvalue`, `lookupdatatype`, `dynamicfieldname`, `builtinconstraints`, `domain`, `factsuperclass`) VALUES ('RULFACT-b2e6a1c:15f2e184cbf:-71ac', 'treasury.facts.HolidayFact', 'Holidays', 'treasury.facts.HolidayFact', '1', NULL, 'HOLIDAYS', NULL, NULL, NULL, NULL, NULL, NULL, NULL, 'TREASURY', NULL);
INSERT IGNORE INTO `sys_rule_fact` (`objid`, `name`, `title`, `factclass`, `sortorder`, `handler`, `defaultvarname`, `dynamic`, `lookuphandler`, `lookupkey`, `lookupvalue`, `lookupdatatype`, `dynamicfieldname`, `builtinconstraints`, `domain`, `factsuperclass`) VALUES ('RULFACT3837987e:15a6307eedb:-6fa5', 'market.facts.MarketRentalUnit', 'Market Rental Unit', 'market.facts.MarketRentalUnit', '1', NULL, 'MRU', NULL, NULL, NULL, NULL, NULL, NULL, NULL, 'MARKET', NULL);
INSERT IGNORE INTO `sys_rule_fact` (`objid`, `name`, `title`, `factclass`, `sortorder`, `handler`, `defaultvarname`, `dynamic`, `lookuphandler`, `lookupkey`, `lookupvalue`, `lookupdatatype`, `dynamicfieldname`, `builtinconstraints`, `domain`, `factsuperclass`) VALUES ('RULFACT491be146:151e37c52d1:-7ec1', 'treasury.facts.BillDate', 'Bill Date', 'treasury.facts.BillDate', '1', NULL, NULL, NULL, NULL, NULL, NULL, NULL, NULL, NULL, 'TREASURY', NULL);
INSERT IGNORE INTO `sys_rule_fact` (`objid`, `name`, `title`, `factclass`, `sortorder`, `handler`, `defaultvarname`, `dynamic`, `lookuphandler`, `lookupkey`, `lookupvalue`, `lookupdatatype`, `dynamicfieldname`, `builtinconstraints`, `domain`, `factsuperclass`) VALUES ('RULFACT4b93ce90:151cf1da713:-7f23', 'com.rameses.rules.common.CurrentDate', 'Current Date', 'com.rameses.rules.common.CurrentDate', '0', NULL, NULL, NULL, NULL, NULL, NULL, NULL, NULL, NULL, 'SYSTEM', NULL);
INSERT IGNORE INTO `sys_rule_fact` (`objid`, `name`, `title`, `factclass`, `sortorder`, `handler`, `defaultvarname`, `dynamic`, `lookuphandler`, `lookupkey`, `lookupvalue`, `lookupdatatype`, `dynamicfieldname`, `builtinconstraints`, `domain`, `factsuperclass`) VALUES ('RULFACT4d7b803c:15f039909ef:-7be4', 'market.facts.MarketAttribute', 'Market Attribute', 'market.facts.MarketAttribute', '1', NULL, NULL, NULL, NULL, NULL, NULL, NULL, NULL, NULL, 'MARKET', NULL);
INSERT IGNORE INTO `sys_rule_fact` (`objid`, `name`, `title`, `factclass`, `sortorder`, `handler`, `defaultvarname`, `dynamic`, `lookuphandler`, `lookupkey`, `lookupvalue`, `lookupdatatype`, `dynamicfieldname`, `builtinconstraints`, `domain`, `factsuperclass`) VALUES ('RULFACT4d7b803c:15f039909ef:-7ca1', 'market.facts.MarketRentalRate', 'Market Rental Rate', 'market.facts.MarketRentalRate', '1', NULL, 'MRR', NULL, NULL, NULL, NULL, NULL, NULL, NULL, 'MARKET', NULL);
INSERT IGNORE INTO `sys_rule_fact` (`objid`, `name`, `title`, `factclass`, `sortorder`, `handler`, `defaultvarname`, `dynamic`, `lookuphandler`, `lookupkey`, `lookupvalue`, `lookupdatatype`, `dynamicfieldname`, `builtinconstraints`, `domain`, `factsuperclass`) VALUES ('RULFACT5432d2cc:15f6c1f37cb:-7dcb', 'treasury.facts.BillItemTxnTypeOption', 'Bill Item Txn Type Option', 'treasury.facts.BillItemTxnTypeOption', '1', NULL, NULL, NULL, NULL, NULL, NULL, NULL, NULL, NULL, 'TREASURY', NULL);
INSERT IGNORE INTO `sys_rule_fact` (`objid`, `name`, `title`, `factclass`, `sortorder`, `handler`, `defaultvarname`, `dynamic`, `lookuphandler`, `lookupkey`, `lookupvalue`, `lookupdatatype`, `dynamicfieldname`, `builtinconstraints`, `domain`, `factsuperclass`) VALUES ('RULFACT68be8d6c:15d0a1669d7:-7cdf', 'treasury.facts.MonthEntry', 'Month Entry', 'treasury.facts.MonthEntry', '1', NULL, 'MONTHENTRY', NULL, NULL, NULL, NULL, NULL, NULL, NULL, 'TREASURY', NULL);
INSERT IGNORE INTO `sys_rule_fact` (`objid`, `name`, `title`, `factclass`, `sortorder`, `handler`, `defaultvarname`, `dynamic`, `lookuphandler`, `lookupkey`, `lookupvalue`, `lookupdatatype`, `dynamicfieldname`, `builtinconstraints`, `domain`, `factsuperclass`) VALUES ('RULFACT-18bde35a:15f2352729b:-7034', 'market.facts.MarketAccount', 'Market Account', 'market.facts.MarketAccount', '1', NULL, 'MA', NULL, NULL, NULL, NULL, NULL, NULL, NULL, 'MARKET', NULL);
INSERT IGNORE INTO `sys_rule_fact` (`objid`, `name`, `title`, `factclass`, `sortorder`, `handler`, `defaultvarname`, `dynamic`, `lookuphandler`, `lookupkey`, `lookupvalue`, `lookupdatatype`, `dynamicfieldname`, `builtinconstraints`, `domain`, `factsuperclass`) VALUES ('RULFACT-7e324860:15f03bb9ad8:-7b87', 'treasury.facts.YearEntry', 'Year Entry', 'treasury.facts.YearEntry', '1', NULL, NULL, NULL, NULL, NULL, NULL, NULL, NULL, NULL, 'TREASURY', NULL);
INSERT IGNORE INTO `sys_rule_fact` (`objid`, `name`, `title`, `factclass`, `sortorder`, `handler`, `defaultvarname`, `dynamic`, `lookuphandler`, `lookupkey`, `lookupvalue`, `lookupdatatype`, `dynamicfieldname`, `builtinconstraints`, `domain`, `factsuperclass`) VALUES ('RULFACT3837987e:15a6307eedb:-6fa5', 'market.facts.MarketRentalUnit', 'Market Rental Unit', 'market.facts.MarketRentalUnit', '1', NULL, 'MRU', NULL, NULL, NULL, NULL, NULL, NULL, NULL, 'MARKET', NULL);
INSERT IGNORE INTO `sys_rule_fact` (`objid`, `name`, `title`, `factclass`, `sortorder`, `handler`, `defaultvarname`, `dynamic`, `lookuphandler`, `lookupkey`, `lookupvalue`, `lookupdatatype`, `dynamicfieldname`, `builtinconstraints`, `domain`, `factsuperclass`) VALUES ('RULFACT4b93ce90:151cf1da713:-7f23', 'com.rameses.rules.common.CurrentDate', 'Current Date', 'com.rameses.rules.common.CurrentDate', '0', NULL, NULL, NULL, NULL, NULL, NULL, NULL, NULL, NULL, 'SYSTEM', NULL);
INSERT IGNORE INTO `sys_rule_fact` (`objid`, `name`, `title`, `factclass`, `sortorder`, `handler`, `defaultvarname`, `dynamic`, `lookuphandler`, `lookupkey`, `lookupvalue`, `lookupdatatype`, `dynamicfieldname`, `builtinconstraints`, `domain`, `factsuperclass`) VALUES ('RULFACT4d7b803c:15f039909ef:-7be4', 'market.facts.MarketAttribute', 'Market Attribute', 'market.facts.MarketAttribute', '1', NULL, NULL, NULL, NULL, NULL, NULL, NULL, NULL, NULL, 'MARKET', NULL);
INSERT IGNORE INTO `sys_rule_fact` (`objid`, `name`, `title`, `factclass`, `sortorder`, `handler`, `defaultvarname`, `dynamic`, `lookuphandler`, `lookupkey`, `lookupvalue`, `lookupdatatype`, `dynamicfieldname`, `builtinconstraints`, `domain`, `factsuperclass`) VALUES ('RULFACT4d7b803c:15f039909ef:-7ca1', 'market.facts.MarketRentalRate', 'Market Rental Rate', 'market.facts.MarketRentalRate', '1', NULL, 'MRR', NULL, NULL, NULL, NULL, NULL, NULL, NULL, 'MARKET', NULL);
INSERT IGNORE INTO `sys_rule_fact` (`objid`, `name`, `title`, `factclass`, `sortorder`, `handler`, `defaultvarname`, `dynamic`, `lookuphandler`, `lookupkey`, `lookupvalue`, `lookupdatatype`, `dynamicfieldname`, `builtinconstraints`, `domain`, `factsuperclass`) VALUES ('RULFACT-57af268f:15ded804f1b:-7e0f', 'treasury.facts.UtilityRate', 'Utility Rate', 'treasury.facts.UtilityRate', '1', NULL, 'UR', NULL, NULL, NULL, NULL, NULL, NULL, NULL, 'TREASURY', 'treasury.facts.UtilityRate');
INSERT IGNORE INTO `sys_rule_fact` (`objid`, `name`, `title`, `factclass`, `sortorder`, `handler`, `defaultvarname`, `dynamic`, `lookuphandler`, `lookupkey`, `lookupvalue`, `lookupdatatype`, `dynamicfieldname`, `builtinconstraints`, `domain`, `factsuperclass`) VALUES ('RULFACT4b93ce90:151cf1da713:-7f23', 'com.rameses.rules.common.CurrentDate', 'Current Date', 'com.rameses.rules.common.CurrentDate', '0', NULL, NULL, NULL, NULL, NULL, NULL, NULL, NULL, NULL, 'SYSTEM', NULL);
INSERT IGNORE INTO `sys_rule_fact` (`objid`, `name`, `title`, `factclass`, `sortorder`, `handler`, `defaultvarname`, `dynamic`, `lookuphandler`, `lookupkey`, `lookupvalue`, `lookupdatatype`, `dynamicfieldname`, `builtinconstraints`, `domain`, `factsuperclass`) VALUES ('RULFACT68be8d6c:15d0a1669d7:-7cdf', 'treasury.facts.MonthEntry', 'Month Entry', 'treasury.facts.MonthEntry', '1', NULL, 'MONTHENTRY', NULL, NULL, NULL, NULL, NULL, NULL, NULL, 'TREASURY', NULL);

INSERT IGNORE INTO `sys_rule_fact_field` (`objid`, `parentid`, `name`, `title`, `datatype`, `sortorder`, `handler`, `lookuphandler`, `lookupkey`, `lookupvalue`, `lookupdatatype`, `multivalued`, `required`, `vardatatype`, `lovname`) VALUES ('-4c7763af:15d0a248672:-7ff0', '-4c7763af:15d0a248672:-7ff4', 'duedate', 'Due Date', 'date', '3', 'date', NULL, NULL, NULL, NULL, NULL, NULL, 'date', NULL);
INSERT IGNORE INTO `sys_rule_fact_field` (`objid`, `parentid`, `name`, `title`, `datatype`, `sortorder`, `handler`, `lookuphandler`, `lookupkey`, `lookupvalue`, `lookupdatatype`, `multivalued`, `required`, `vardatatype`, `lovname`) VALUES ('-4c7763af:15d0a248672:-7ff1', '-4c7763af:15d0a248672:-7ff4', 'amount', 'Amount', 'decimal', '2', 'decimal', NULL, NULL, NULL, NULL, NULL, NULL, 'decimal', NULL);
INSERT IGNORE INTO `sys_rule_fact_field` (`objid`, `parentid`, `name`, `title`, `datatype`, `sortorder`, `handler`, `lookuphandler`, `lookupkey`, `lookupvalue`, `lookupdatatype`, `multivalued`, `required`, `vardatatype`, `lovname`) VALUES ('-4c7763af:15d0a248672:-7ff2', '-4c7763af:15d0a248672:-7ff4', 'account', 'Account', 'string', '1', 'lookup', 'revenueitem:lookup', 'objid', 'title', NULL, NULL, NULL, 'object', NULL);
INSERT IGNORE INTO `sys_rule_fact_field` (`objid`, `parentid`, `name`, `title`, `datatype`, `sortorder`, `handler`, `lookuphandler`, `lookupkey`, `lookupvalue`, `lookupdatatype`, `multivalued`, `required`, `vardatatype`, `lovname`) VALUES ('FACTFLD2c0a85e7:15f3250c4ec:-70cb', '-4c7763af:15d0a248672:-7ff4', 'txntype', 'Txn Type', 'string', '10', 'lookup', 'billitem_txntype:lookup', 'objid', 'title', NULL, NULL, NULL, 'string', NULL);
INSERT IGNORE INTO `sys_rule_fact_field` (`objid`, `parentid`, `name`, `title`, `datatype`, `sortorder`, `handler`, `lookuphandler`, `lookupkey`, `lookupvalue`, `lookupdatatype`, `multivalued`, `required`, `vardatatype`, `lovname`) VALUES ('FACTFLD2c28c088:15d34e3d03f:-7be8', '-4c7763af:15d0a248672:-7ff4', 'partialunpaid', 'Partial Unpaid', 'decimal', '9', 'decimal', NULL, NULL, NULL, NULL, NULL, NULL, 'decimal', NULL);
INSERT IGNORE INTO `sys_rule_fact_field` (`objid`, `parentid`, `name`, `title`, `datatype`, `sortorder`, `handler`, `lookuphandler`, `lookupkey`, `lookupvalue`, `lookupdatatype`, `multivalued`, `required`, `vardatatype`, `lovname`) VALUES ('FACTFLD54dbf588:15d34786708:-7823', '-4c7763af:15d0a248672:-7ff4', 'numdays', 'No. of Days', 'integer', '8', 'integer', NULL, NULL, NULL, NULL, NULL, NULL, 'integer', NULL);
INSERT IGNORE INTO `sys_rule_fact_field` (`objid`, `parentid`, `name`, `title`, `datatype`, `sortorder`, `handler`, `lookuphandler`, `lookupkey`, `lookupvalue`, `lookupdatatype`, `multivalued`, `required`, `vardatatype`, `lovname`) VALUES ('FACTFLD54dbf588:15d34786708:-783c', '-4c7763af:15d0a248672:-7ff4', 'todate', 'To Date', 'date', '7', 'date', NULL, NULL, NULL, NULL, NULL, NULL, 'date', NULL);
INSERT IGNORE INTO `sys_rule_fact_field` (`objid`, `parentid`, `name`, `title`, `datatype`, `sortorder`, `handler`, `lookuphandler`, `lookupkey`, `lookupvalue`, `lookupdatatype`, `multivalued`, `required`, `vardatatype`, `lovname`) VALUES ('FACTFLD54dbf588:15d34786708:-7855', '-4c7763af:15d0a248672:-7ff4', 'fromdate', 'From Date', 'date', '6', 'date', NULL, NULL, NULL, NULL, NULL, NULL, 'date', NULL);
INSERT IGNORE INTO `sys_rule_fact_field` (`objid`, `parentid`, `name`, `title`, `datatype`, `sortorder`, `handler`, `lookuphandler`, `lookupkey`, `lookupvalue`, `lookupdatatype`, `multivalued`, `required`, `vardatatype`, `lovname`) VALUES ('FACTFLD68be8d6c:15d0a1669d7:-79d4', '-4c7763af:15d0a248672:-7ff4', 'month', 'Month', 'integer', '5', 'integer', NULL, NULL, NULL, NULL, NULL, NULL, 'integer', NULL);
INSERT IGNORE INTO `sys_rule_fact_field` (`objid`, `parentid`, `name`, `title`, `datatype`, `sortorder`, `handler`, `lookuphandler`, `lookupkey`, `lookupvalue`, `lookupdatatype`, `multivalued`, `required`, `vardatatype`, `lovname`) VALUES ('FACTFLD68be8d6c:15d0a1669d7:-7a21', '-4c7763af:15d0a248672:-7ff4', 'year', 'Year', 'integer', '4', 'integer', NULL, NULL, NULL, NULL, NULL, NULL, 'integer', NULL);
INSERT IGNORE INTO `sys_rule_fact_field` (`objid`, `parentid`, `name`, `title`, `datatype`, `sortorder`, `handler`, `lookuphandler`, `lookupkey`, `lookupvalue`, `lookupdatatype`, `multivalued`, `required`, `vardatatype`, `lovname`) VALUES ('12aecdff:15f31e30a92:-7fe9', '12aecdff:15f31e30a92:-7ff4', 'partialunpaid', 'Partial Unpaid', 'decimal', '9', 'decimal', NULL, NULL, NULL, NULL, NULL, NULL, 'decimal', NULL);
INSERT IGNORE INTO `sys_rule_fact_field` (`objid`, `parentid`, `name`, `title`, `datatype`, `sortorder`, `handler`, `lookuphandler`, `lookupkey`, `lookupvalue`, `lookupdatatype`, `multivalued`, `required`, `vardatatype`, `lovname`) VALUES ('12aecdff:15f31e30a92:-7fea', '12aecdff:15f31e30a92:-7ff4', 'numdays', 'No. of Days', 'integer', '8', 'integer', NULL, NULL, NULL, NULL, NULL, NULL, 'integer', NULL);
INSERT IGNORE INTO `sys_rule_fact_field` (`objid`, `parentid`, `name`, `title`, `datatype`, `sortorder`, `handler`, `lookuphandler`, `lookupkey`, `lookupvalue`, `lookupdatatype`, `multivalued`, `required`, `vardatatype`, `lovname`) VALUES ('12aecdff:15f31e30a92:-7feb', '12aecdff:15f31e30a92:-7ff4', 'todate', 'To Date', 'date', '7', 'date', NULL, NULL, NULL, NULL, NULL, NULL, 'date', NULL);
INSERT IGNORE INTO `sys_rule_fact_field` (`objid`, `parentid`, `name`, `title`, `datatype`, `sortorder`, `handler`, `lookuphandler`, `lookupkey`, `lookupvalue`, `lookupdatatype`, `multivalued`, `required`, `vardatatype`, `lovname`) VALUES ('12aecdff:15f31e30a92:-7fec', '12aecdff:15f31e30a92:-7ff4', 'fromdate', 'From Date', 'date', '6', 'date', NULL, NULL, NULL, NULL, NULL, NULL, 'date', NULL);
INSERT IGNORE INTO `sys_rule_fact_field` (`objid`, `parentid`, `name`, `title`, `datatype`, `sortorder`, `handler`, `lookuphandler`, `lookupkey`, `lookupvalue`, `lookupdatatype`, `multivalued`, `required`, `vardatatype`, `lovname`) VALUES ('12aecdff:15f31e30a92:-7fed', '12aecdff:15f31e30a92:-7ff4', 'month', 'Month', 'integer', '5', 'integer', NULL, NULL, NULL, NULL, NULL, NULL, 'integer', NULL);
INSERT IGNORE INTO `sys_rule_fact_field` (`objid`, `parentid`, `name`, `title`, `datatype`, `sortorder`, `handler`, `lookuphandler`, `lookupkey`, `lookupvalue`, `lookupdatatype`, `multivalued`, `required`, `vardatatype`, `lovname`) VALUES ('12aecdff:15f31e30a92:-7fee', '12aecdff:15f31e30a92:-7ff4', 'year', 'Year', 'integer', '4', 'integer', NULL, NULL, NULL, NULL, NULL, NULL, 'integer', NULL);
INSERT IGNORE INTO `sys_rule_fact_field` (`objid`, `parentid`, `name`, `title`, `datatype`, `sortorder`, `handler`, `lookuphandler`, `lookupkey`, `lookupvalue`, `lookupdatatype`, `multivalued`, `required`, `vardatatype`, `lovname`) VALUES ('12aecdff:15f31e30a92:-7ff0', '12aecdff:15f31e30a92:-7ff4', 'duedate', 'Due Date', 'date', '3', 'date', NULL, NULL, NULL, NULL, NULL, NULL, 'date', NULL);
INSERT IGNORE INTO `sys_rule_fact_field` (`objid`, `parentid`, `name`, `title`, `datatype`, `sortorder`, `handler`, `lookuphandler`, `lookupkey`, `lookupvalue`, `lookupdatatype`, `multivalued`, `required`, `vardatatype`, `lovname`) VALUES ('12aecdff:15f31e30a92:-7ff1', '12aecdff:15f31e30a92:-7ff4', 'amount', 'Amount', 'decimal', '2', 'decimal', NULL, NULL, NULL, NULL, NULL, NULL, 'decimal', NULL);
INSERT IGNORE INTO `sys_rule_fact_field` (`objid`, `parentid`, `name`, `title`, `datatype`, `sortorder`, `handler`, `lookuphandler`, `lookupkey`, `lookupvalue`, `lookupdatatype`, `multivalued`, `required`, `vardatatype`, `lovname`) VALUES ('12aecdff:15f31e30a92:-7ff2', '12aecdff:15f31e30a92:-7ff4', 'account', 'Account', 'string', '1', 'lookup', 'revenueitem:lookup', 'objid', 'title', NULL, NULL, NULL, 'object', NULL);
INSERT IGNORE INTO `sys_rule_fact_field` (`objid`, `parentid`, `name`, `title`, `datatype`, `sortorder`, `handler`, `lookuphandler`, `lookupkey`, `lookupvalue`, `lookupdatatype`, `multivalued`, `required`, `vardatatype`, `lovname`) VALUES ('FACTFLD60778c6e:15f31df829d:-7d5b', '12aecdff:15f31e30a92:-7ff4', 'ratetype', 'Rate Type', 'string', '11', 'lov', NULL, NULL, NULL, NULL, NULL, NULL, 'string', 'MARKET_RATE_TYPES');
INSERT IGNORE INTO `sys_rule_fact_field` (`objid`, `parentid`, `name`, `title`, `datatype`, `sortorder`, `handler`, `lookuphandler`, `lookupkey`, `lookupvalue`, `lookupdatatype`, `multivalued`, `required`, `vardatatype`, `lovname`) VALUES ('FACTFLD60778c6e:15f31df829d:-7d73', '12aecdff:15f31e30a92:-7ff4', 'rate', 'Rate', 'decimal', '10', 'decimal', NULL, NULL, NULL, NULL, NULL, NULL, 'decimal', NULL);
INSERT IGNORE INTO `sys_rule_fact_field` (`objid`, `parentid`, `name`, `title`, `datatype`, `sortorder`, `handler`, `lookuphandler`, `lookupkey`, `lookupvalue`, `lookupdatatype`, `multivalued`, `required`, `vardatatype`, `lovname`) VALUES ('FACTFLD73e8d17d:15f7b8ae24e:-7c18', '12aecdff:15f31e30a92:-7ff4', 'txntype', 'Txn Type', 'string', '12', 'lookup', 'billitem_txntype:lookup', 'objid', 'title', NULL, NULL, NULL, 'string', NULL);
INSERT IGNORE INTO `sys_rule_fact_field` (`objid`, `parentid`, `name`, `title`, `datatype`, `sortorder`, `handler`, `lookuphandler`, `lookupkey`, `lookupvalue`, `lookupdatatype`, `multivalued`, `required`, `vardatatype`, `lovname`) VALUES ('2ecbcac2:15f2d21e588:-7fec', '2ecbcac2:15f2d21e588:-7ff1', 'qtr', 'Qtr', 'integer', '5', 'integer', NULL, NULL, NULL, NULL, NULL, NULL, 'integer', NULL);
INSERT IGNORE INTO `sys_rule_fact_field` (`objid`, `parentid`, `name`, `title`, `datatype`, `sortorder`, `handler`, `lookuphandler`, `lookupkey`, `lookupvalue`, `lookupdatatype`, `multivalued`, `required`, `vardatatype`, `lovname`) VALUES ('2ecbcac2:15f2d21e588:-7fed', '2ecbcac2:15f2d21e588:-7ff1', 'day', 'Day', 'integer', '4', 'integer', NULL, NULL, NULL, NULL, NULL, NULL, 'integer', NULL);
INSERT IGNORE INTO `sys_rule_fact_field` (`objid`, `parentid`, `name`, `title`, `datatype`, `sortorder`, `handler`, `lookuphandler`, `lookupkey`, `lookupvalue`, `lookupdatatype`, `multivalued`, `required`, `vardatatype`, `lovname`) VALUES ('2ecbcac2:15f2d21e588:-7fee', '2ecbcac2:15f2d21e588:-7ff1', 'month', 'Month', 'integer', '3', 'integer', NULL, NULL, NULL, NULL, NULL, NULL, 'integer', NULL);
INSERT IGNORE INTO `sys_rule_fact_field` (`objid`, `parentid`, `name`, `title`, `datatype`, `sortorder`, `handler`, `lookuphandler`, `lookupkey`, `lookupvalue`, `lookupdatatype`, `multivalued`, `required`, `vardatatype`, `lovname`) VALUES ('2ecbcac2:15f2d21e588:-7fef', '2ecbcac2:15f2d21e588:-7ff1', 'year', 'Year', 'integer', '2', 'integer', NULL, NULL, NULL, NULL, NULL, NULL, 'integer', NULL);
INSERT IGNORE INTO `sys_rule_fact_field` (`objid`, `parentid`, `name`, `title`, `datatype`, `sortorder`, `handler`, `lookuphandler`, `lookupkey`, `lookupvalue`, `lookupdatatype`, `multivalued`, `required`, `vardatatype`, `lovname`) VALUES ('2ecbcac2:15f2d21e588:-7ff0', '2ecbcac2:15f2d21e588:-7ff1', 'date', 'Date', 'date', '1', 'date', NULL, NULL, NULL, NULL, NULL, NULL, 'date', NULL);
INSERT IGNORE INTO `sys_rule_fact_field` (`objid`, `parentid`, `name`, `title`, `datatype`, `sortorder`, `handler`, `lookuphandler`, `lookupkey`, `lookupvalue`, `lookupdatatype`, `multivalued`, `required`, `vardatatype`, `lovname`) VALUES ('FACTFLD2aa2c7e9:15f2d373b3b:-7bc5', '2ecbcac2:15f2d21e588:-7ff1', 'tag', 'Tag', 'string', '6', 'string', NULL, NULL, NULL, NULL, NULL, NULL, 'string', NULL);
INSERT IGNORE INTO `sys_rule_fact_field` (`objid`, `parentid`, `name`, `title`, `datatype`, `sortorder`, `handler`, `lookuphandler`, `lookupkey`, `lookupvalue`, `lookupdatatype`, `multivalued`, `required`, `vardatatype`, `lovname`) VALUES ('478dffc8:15d2b542c28:-7fef', '478dffc8:15d2b542c28:-7ff4', 'txntype', 'Txn Type', 'string', '5', 'lookup', 'billitem_txntype:lookup', 'objid', 'title', NULL, NULL, NULL, 'string', NULL);
INSERT IGNORE INTO `sys_rule_fact_field` (`objid`, `parentid`, `name`, `title`, `datatype`, `sortorder`, `handler`, `lookuphandler`, `lookupkey`, `lookupvalue`, `lookupdatatype`, `multivalued`, `required`, `vardatatype`, `lovname`) VALUES ('478dffc8:15d2b542c28:-7ff0', '478dffc8:15d2b542c28:-7ff4', 'duedate', 'Due Date', 'date', '4', 'date', NULL, NULL, NULL, NULL, NULL, NULL, 'date', NULL);
INSERT IGNORE INTO `sys_rule_fact_field` (`objid`, `parentid`, `name`, `title`, `datatype`, `sortorder`, `handler`, `lookuphandler`, `lookupkey`, `lookupvalue`, `lookupdatatype`, `multivalued`, `required`, `vardatatype`, `lovname`) VALUES ('478dffc8:15d2b542c28:-7ff1', '478dffc8:15d2b542c28:-7ff4', 'amount', 'Amount', 'decimal', '3', 'decimal', NULL, NULL, NULL, NULL, NULL, NULL, 'decimal', NULL);
INSERT IGNORE INTO `sys_rule_fact_field` (`objid`, `parentid`, `name`, `title`, `datatype`, `sortorder`, `handler`, `lookuphandler`, `lookupkey`, `lookupvalue`, `lookupdatatype`, `multivalued`, `required`, `vardatatype`, `lovname`) VALUES ('478dffc8:15d2b542c28:-7ff2', '478dffc8:15d2b542c28:-7ff4', 'account', 'Account', 'string', '2', 'lookup', 'revenueitem:lookup', 'objid', 'title', NULL, NULL, NULL, 'object', NULL);
INSERT IGNORE INTO `sys_rule_fact_field` (`objid`, `parentid`, `name`, `title`, `datatype`, `sortorder`, `handler`, `lookuphandler`, `lookupkey`, `lookupvalue`, `lookupdatatype`, `multivalued`, `required`, `vardatatype`, `lovname`) VALUES ('478dffc8:15d2b542c28:-7ff3', '478dffc8:15d2b542c28:-7ff4', 'account.objid', 'Account', 'string', '1', 'lookup', 'revenueitem:lookup', 'objid', 'title', NULL, NULL, NULL, 'string', NULL);
INSERT IGNORE INTO `sys_rule_fact_field` (`objid`, `parentid`, `name`, `title`, `datatype`, `sortorder`, `handler`, `lookuphandler`, `lookupkey`, `lookupvalue`, `lookupdatatype`, `multivalued`, `required`, `vardatatype`, `lovname`) VALUES ('FACTFLD6359c4bc:15d2b4f5dd9:-768b', '478dffc8:15d2b542c28:-7ff4', 'parent', 'Parent', 'string', '6', 'var', NULL, NULL, NULL, NULL, NULL, NULL, 'treasury.facts.AbstractBillItem', NULL);
INSERT IGNORE INTO `sys_rule_fact_field` (`objid`, `parentid`, `name`, `title`, `datatype`, `sortorder`, `handler`, `lookuphandler`, `lookupkey`, `lookupvalue`, `lookupdatatype`, `multivalued`, `required`, `vardatatype`, `lovname`) VALUES ('FACTFLD-18bde35a:15f2352729b:-6ff1', 'RULFACT-18bde35a:15f2352729b:-7034', 'extrate', 'Ext Rate', 'decimal', '3', 'decimal', NULL, NULL, NULL, NULL, NULL, NULL, 'decimal', NULL);
INSERT IGNORE INTO `sys_rule_fact_field` (`objid`, `parentid`, `name`, `title`, `datatype`, `sortorder`, `handler`, `lookuphandler`, `lookupkey`, `lookupvalue`, `lookupdatatype`, `multivalued`, `required`, `vardatatype`, `lovname`) VALUES ('FACTFLD-18bde35a:15f2352729b:-7009', 'RULFACT-18bde35a:15f2352729b:-7034', 'partialbalance', 'Partial Balance', 'decimal', '2', 'decimal', NULL, NULL, NULL, NULL, NULL, NULL, 'decimal', NULL);
INSERT IGNORE INTO `sys_rule_fact_field` (`objid`, `parentid`, `name`, `title`, `datatype`, `sortorder`, `handler`, `lookuphandler`, `lookupkey`, `lookupvalue`, `lookupdatatype`, `multivalued`, `required`, `vardatatype`, `lovname`) VALUES ('FACTFLD-18bde35a:15f2352729b:-7023', 'RULFACT-18bde35a:15f2352729b:-7034', 'payfrequency', 'Pay Frequency', 'string', '1', 'lov', NULL, NULL, NULL, NULL, NULL, NULL, 'string', 'MARKET_PAY_FREQUENCY');
INSERT IGNORE INTO `sys_rule_fact_field` (`objid`, `parentid`, `name`, `title`, `datatype`, `sortorder`, `handler`, `lookuphandler`, `lookupkey`, `lookupvalue`, `lookupdatatype`, `multivalued`, `required`, `vardatatype`, `lovname`) VALUES ('FACTFLD-636a4b22:15f2d0d86ab:-7d98', 'RULFACT-18bde35a:15f2352729b:-7034', 'lastdatepaid', 'Paid Until Date', 'date', '4', 'date', NULL, NULL, NULL, NULL, NULL, NULL, 'date', NULL);
INSERT IGNORE INTO `sys_rule_fact_field` (`objid`, `parentid`, `name`, `title`, `datatype`, `sortorder`, `handler`, `lookuphandler`, `lookupkey`, `lookupvalue`, `lookupdatatype`, `multivalued`, `required`, `vardatatype`, `lovname`) VALUES ('FACTFLD70ef2c35:15f70e1781d:-7ddc', 'RULFACT-18bde35a:15f2352729b:-7034', 'startdate', 'Start Date', 'date', '6', 'date', NULL, NULL, NULL, NULL, NULL, NULL, 'date', NULL);
INSERT IGNORE INTO `sys_rule_fact_field` (`objid`, `parentid`, `name`, `title`, `datatype`, `sortorder`, `handler`, `lookuphandler`, `lookupkey`, `lookupvalue`, `lookupdatatype`, `multivalued`, `required`, `vardatatype`, `lovname`) VALUES ('FACTFLD70ef2c35:15f70e1781d:-7df5', 'RULFACT-18bde35a:15f2352729b:-7034', 'extarea', 'Ext. Area', 'decimal', '5', 'decimal', NULL, NULL, NULL, NULL, NULL, NULL, 'decimal', NULL);
INSERT IGNORE INTO `sys_rule_fact_field` (`objid`, `parentid`, `name`, `title`, `datatype`, `sortorder`, `handler`, `lookuphandler`, `lookupkey`, `lookupvalue`, `lookupdatatype`, `multivalued`, `required`, `vardatatype`, `lovname`) VALUES ('FACTFLD-4b6f9ba:151d6820541:-7cb7', 'RULFACT-4b6f9ba:151d6820541:-7fca', 'qtr', 'Qtr', 'integer', '5', 'integer', NULL, NULL, NULL, NULL, NULL, NULL, 'integer', NULL);
INSERT IGNORE INTO `sys_rule_fact_field` (`objid`, `parentid`, `name`, `title`, `datatype`, `sortorder`, `handler`, `lookuphandler`, `lookupkey`, `lookupvalue`, `lookupdatatype`, `multivalued`, `required`, `vardatatype`, `lovname`) VALUES ('FACTFLD-4b6f9ba:151d6820541:-7fb2', 'RULFACT-4b6f9ba:151d6820541:-7fca', 'date', 'Date', 'date', '1', 'date', NULL, NULL, NULL, NULL, NULL, NULL, 'date', NULL);
INSERT IGNORE INTO `sys_rule_fact_field` (`objid`, `parentid`, `name`, `title`, `datatype`, `sortorder`, `handler`, `lookuphandler`, `lookupkey`, `lookupvalue`, `lookupdatatype`, `multivalued`, `required`, `vardatatype`, `lovname`) VALUES ('FACTFLD-570b5574:15884ac24cf:-775c', 'RULFACT-4b6f9ba:151d6820541:-7fca', 'day', 'Day', 'integer', '4', 'integer', NULL, NULL, NULL, NULL, NULL, NULL, 'integer', NULL);
INSERT IGNORE INTO `sys_rule_fact_field` (`objid`, `parentid`, `name`, `title`, `datatype`, `sortorder`, `handler`, `lookuphandler`, `lookupkey`, `lookupvalue`, `lookupdatatype`, `multivalued`, `required`, `vardatatype`, `lovname`) VALUES ('FACTFLD68129e35:15876a50bc6:-7ab3', 'RULFACT-4b6f9ba:151d6820541:-7fca', 'year', 'Year', 'integer', '2', 'integer', NULL, NULL, NULL, NULL, NULL, NULL, 'integer', NULL);
INSERT IGNORE INTO `sys_rule_fact_field` (`objid`, `parentid`, `name`, `title`, `datatype`, `sortorder`, `handler`, `lookuphandler`, `lookupkey`, `lookupvalue`, `lookupdatatype`, `multivalued`, `required`, `vardatatype`, `lovname`) VALUES ('FACTFLD68129e35:15876a50bc6:-7acc', 'RULFACT-4b6f9ba:151d6820541:-7fca', 'month', 'Month', 'integer', '3', 'integer', NULL, NULL, NULL, NULL, NULL, NULL, 'integer', NULL);
INSERT IGNORE INTO `sys_rule_fact_field` (`objid`, `parentid`, `name`, `title`, `datatype`, `sortorder`, `handler`, `lookuphandler`, `lookupkey`, `lookupvalue`, `lookupdatatype`, `multivalued`, `required`, `vardatatype`, `lovname`) VALUES ('FACTFLD-570b5574:15884ac24cf:-77b4', 'RULFACT-570b5574:15884ac24cf:-77c5', 'amount', 'Amount', 'decimal', '1', 'decimal', NULL, NULL, NULL, NULL, NULL, NULL, 'decimal', NULL);
INSERT IGNORE INTO `sys_rule_fact_field` (`objid`, `parentid`, `name`, `title`, `datatype`, `sortorder`, `handler`, `lookuphandler`, `lookupkey`, `lookupvalue`, `lookupdatatype`, `multivalued`, `required`, `vardatatype`, `lovname`) VALUES ('FACTFLD-570b5574:15884ac24cf:-77ec', 'RULFACT-570b5574:15884ac24cf:-77fd', 'amount', 'Amount', 'decimal', '1', 'decimal', NULL, NULL, NULL, NULL, NULL, NULL, 'decimal', NULL);
INSERT IGNORE INTO `sys_rule_fact_field` (`objid`, `parentid`, `name`, `title`, `datatype`, `sortorder`, `handler`, `lookuphandler`, `lookupkey`, `lookupvalue`, `lookupdatatype`, `multivalued`, `required`, `vardatatype`, `lovname`) VALUES ('FACTFLD-570b5574:15884ac24cf:-7901', 'RULFACT-570b5574:15884ac24cf:-7932', 'amount', 'Amount', 'decimal', '3', 'decimal', NULL, NULL, NULL, NULL, NULL, NULL, 'decimal', NULL);
INSERT IGNORE INTO `sys_rule_fact_field` (`objid`, `parentid`, `name`, `title`, `datatype`, `sortorder`, `handler`, `lookuphandler`, `lookupkey`, `lookupvalue`, `lookupdatatype`, `multivalued`, `required`, `vardatatype`, `lovname`) VALUES ('FACTFLD-570b5574:15884ac24cf:-7921', 'RULFACT-570b5574:15884ac24cf:-7932', 'account', 'Account', 'string', '2', 'lookup', 'revenueitem:lookup', 'objid', 'title', NULL, NULL, NULL, 'object', NULL);
INSERT IGNORE INTO `sys_rule_fact_field` (`objid`, `parentid`, `name`, `title`, `datatype`, `sortorder`, `handler`, `lookuphandler`, `lookupkey`, `lookupvalue`, `lookupdatatype`, `multivalued`, `required`, `vardatatype`, `lovname`) VALUES ('FACTFLD686da19:1588a0d8ae4:-7ed5', 'RULFACT-570b5574:15884ac24cf:-7932', 'parent', 'Parent BillItem', 'string', '1', 'var', NULL, NULL, NULL, NULL, NULL, NULL, 'treasury.facts.AbstractBillItem', NULL);
INSERT IGNORE INTO `sys_rule_fact_field` (`objid`, `parentid`, `name`, `title`, `datatype`, `sortorder`, `handler`, `lookuphandler`, `lookupkey`, `lookupvalue`, `lookupdatatype`, `multivalued`, `required`, `vardatatype`, `lovname`) VALUES ('FACTFLD-1a90cae7:15f130ef553:-6c09', 'RULFACT-570b5574:15884ac24cf:-79a1', 'txntype', 'Txn Type', 'string', '4', 'lookup', 'billitem_txntype:lookup', 'objid', 'title', NULL, NULL, NULL, 'string', NULL);
INSERT IGNORE INTO `sys_rule_fact_field` (`objid`, `parentid`, `name`, `title`, `datatype`, `sortorder`, `handler`, `lookuphandler`, `lookupkey`, `lookupvalue`, `lookupdatatype`, `multivalued`, `required`, `vardatatype`, `lovname`) VALUES ('FACTFLD-570b5574:15884ac24cf:-7970', 'RULFACT-570b5574:15884ac24cf:-79a1', 'amount', 'Amount', 'decimal', '3', 'decimal', NULL, NULL, NULL, NULL, NULL, NULL, 'decimal', NULL);
INSERT IGNORE INTO `sys_rule_fact_field` (`objid`, `parentid`, `name`, `title`, `datatype`, `sortorder`, `handler`, `lookuphandler`, `lookupkey`, `lookupvalue`, `lookupdatatype`, `multivalued`, `required`, `vardatatype`, `lovname`) VALUES ('FACTFLD-570b5574:15884ac24cf:-7990', 'RULFACT-570b5574:15884ac24cf:-79a1', 'account', 'Account', 'string', '2', 'lookup', 'revenueitem:lookup', 'objid', 'title', NULL, NULL, NULL, 'object', NULL);
INSERT IGNORE INTO `sys_rule_fact_field` (`objid`, `parentid`, `name`, `title`, `datatype`, `sortorder`, `handler`, `lookuphandler`, `lookupkey`, `lookupvalue`, `lookupdatatype`, `multivalued`, `required`, `vardatatype`, `lovname`) VALUES ('FACTFLD686da19:1588a0d8ae4:-7f81', 'RULFACT-570b5574:15884ac24cf:-79a1', 'parent', 'Parent Bill Item', 'string', '1', 'var', NULL, NULL, NULL, NULL, NULL, NULL, 'treasury.facts.AbstractBillItem', NULL);
INSERT IGNORE INTO `sys_rule_fact_field` (`objid`, `parentid`, `name`, `title`, `datatype`, `sortorder`, `handler`, `lookuphandler`, `lookupkey`, `lookupvalue`, `lookupdatatype`, `multivalued`, `required`, `vardatatype`, `lovname`) VALUES ('FACTFLD-b2e6a1c:15f2e184cbf:-719b', 'RULFACT-b2e6a1c:15f2e184cbf:-71ac', 'id', 'ID', 'string', '1', 'string', NULL, NULL, NULL, NULL, NULL, NULL, 'string', NULL);
INSERT IGNORE INTO `sys_rule_fact_field` (`objid`, `parentid`, `name`, `title`, `datatype`, `sortorder`, `handler`, `lookuphandler`, `lookupkey`, `lookupvalue`, `lookupdatatype`, `multivalued`, `required`, `vardatatype`, `lovname`) VALUES ('FACTFLD-18bde35a:15f2352729b:-73a0', 'RULFACT3837987e:15a6307eedb:-6fa5', 'startdate', 'Start Date', 'date', '5', 'date', NULL, NULL, NULL, NULL, NULL, NULL, 'date', NULL);
INSERT IGNORE INTO `sys_rule_fact_field` (`objid`, `parentid`, `name`, `title`, `datatype`, `sortorder`, `handler`, `lookuphandler`, `lookupkey`, `lookupvalue`, `lookupdatatype`, `multivalued`, `required`, `vardatatype`, `lovname`) VALUES ('FACTFLD-1978bd02:15f4d7c1e1c:-78b1', 'RULFACT3837987e:15a6307eedb:-6fa5', 'areasqm', 'Area (Sqm)', 'decimal', '6', 'decimal', NULL, NULL, NULL, NULL, NULL, NULL, 'decimal', NULL);
INSERT IGNORE INTO `sys_rule_fact_field` (`objid`, `parentid`, `name`, `title`, `datatype`, `sortorder`, `handler`, `lookuphandler`, `lookupkey`, `lookupvalue`, `lookupdatatype`, `multivalued`, `required`, `vardatatype`, `lovname`) VALUES ('FACTFLD3837987e:15a6307eedb:-6f94', 'RULFACT3837987e:15a6307eedb:-6fa5', 'unittype', 'Unit Type', 'string', '1', 'lov', NULL, NULL, NULL, NULL, NULL, NULL, 'string', 'MARKET_UNIT_TYPES');
INSERT IGNORE INTO `sys_rule_fact_field` (`objid`, `parentid`, `name`, `title`, `datatype`, `sortorder`, `handler`, `lookuphandler`, `lookupkey`, `lookupvalue`, `lookupdatatype`, `multivalued`, `required`, `vardatatype`, `lovname`) VALUES ('FACTFLD947e6a8:15f5672678c:-53c1', 'RULFACT3837987e:15a6307eedb:-6fa5', 'ratetype', 'Rate Type', 'string', '7', 'lov', NULL, NULL, NULL, NULL, NULL, NULL, 'string', 'MARKET_RATE_TYPES');
INSERT IGNORE INTO `sys_rule_fact_field` (`objid`, `parentid`, `name`, `title`, `datatype`, `sortorder`, `handler`, `lookuphandler`, `lookupkey`, `lookupvalue`, `lookupdatatype`, `multivalued`, `required`, `vardatatype`, `lovname`) VALUES ('FACTFLDa2a22d7:15aef756538:-7e96', 'RULFACT3837987e:15a6307eedb:-6fa5', 'unitid', 'Unit', 'string', '4', 'lookup', 'market_rentalunit_all:lookup', 'objid', 'code', NULL, NULL, NULL, 'string', NULL);
INSERT IGNORE INTO `sys_rule_fact_field` (`objid`, `parentid`, `name`, `title`, `datatype`, `sortorder`, `handler`, `lookuphandler`, `lookupkey`, `lookupvalue`, `lookupdatatype`, `multivalued`, `required`, `vardatatype`, `lovname`) VALUES ('FACTFLDa2a22d7:15aef756538:-7eb7', 'RULFACT3837987e:15a6307eedb:-6fa5', 'sectionid', 'Section', 'string', '3', 'lookup', 'market_section:lookup', 'objid', 'name', NULL, NULL, NULL, 'string', NULL);
INSERT IGNORE INTO `sys_rule_fact_field` (`objid`, `parentid`, `name`, `title`, `datatype`, `sortorder`, `handler`, `lookuphandler`, `lookupkey`, `lookupvalue`, `lookupdatatype`, `multivalued`, `required`, `vardatatype`, `lovname`) VALUES ('FACTFLDa2a22d7:15aef756538:-7ed8', 'RULFACT3837987e:15a6307eedb:-6fa5', 'clusterid', 'Cluster', 'string', '2', 'lookup', 'market_cluster:lookup', 'objid', 'name', NULL, NULL, NULL, 'string', NULL);
INSERT IGNORE INTO `sys_rule_fact_field` (`objid`, `parentid`, `name`, `title`, `datatype`, `sortorder`, `handler`, `lookuphandler`, `lookupkey`, `lookupvalue`, `lookupdatatype`, `multivalued`, `required`, `vardatatype`, `lovname`) VALUES ('FACTFLD-570b5574:15884ac24cf:-75fb', 'RULFACT491be146:151e37c52d1:-7ec1', 'qtr', 'Qtr', 'integer', '5', 'integer', NULL, NULL, NULL, NULL, NULL, NULL, 'integer', NULL);
INSERT IGNORE INTO `sys_rule_fact_field` (`objid`, `parentid`, `name`, `title`, `datatype`, `sortorder`, `handler`, `lookuphandler`, `lookupkey`, `lookupvalue`, `lookupdatatype`, `multivalued`, `required`, `vardatatype`, `lovname`) VALUES ('FACTFLD491be146:151e37c52d1:-7e8d', 'RULFACT491be146:151e37c52d1:-7ec1', 'date', 'Date', 'date', '1', 'date', NULL, NULL, NULL, NULL, NULL, NULL, 'date', NULL);
INSERT IGNORE INTO `sys_rule_fact_field` (`objid`, `parentid`, `name`, `title`, `datatype`, `sortorder`, `handler`, `lookuphandler`, `lookupkey`, `lookupvalue`, `lookupdatatype`, `multivalued`, `required`, `vardatatype`, `lovname`) VALUES ('FACTFLD491be146:151e37c52d1:-7e96', 'RULFACT491be146:151e37c52d1:-7ec1', 'day', 'Day', 'integer', '4', 'integer', NULL, NULL, NULL, NULL, NULL, NULL, 'integer', NULL);
INSERT IGNORE INTO `sys_rule_fact_field` (`objid`, `parentid`, `name`, `title`, `datatype`, `sortorder`, `handler`, `lookuphandler`, `lookupkey`, `lookupvalue`, `lookupdatatype`, `multivalued`, `required`, `vardatatype`, `lovname`) VALUES ('FACTFLD491be146:151e37c52d1:-7e9f', 'RULFACT491be146:151e37c52d1:-7ec1', 'month', 'Month', 'integer', '3', 'integer', NULL, NULL, NULL, NULL, NULL, NULL, 'integer', NULL);
INSERT IGNORE INTO `sys_rule_fact_field` (`objid`, `parentid`, `name`, `title`, `datatype`, `sortorder`, `handler`, `lookuphandler`, `lookupkey`, `lookupvalue`, `lookupdatatype`, `multivalued`, `required`, `vardatatype`, `lovname`) VALUES ('FACTFLD491be146:151e37c52d1:-7ea9', 'RULFACT491be146:151e37c52d1:-7ec1', 'year', 'Year', 'integer', '2', 'integer', NULL, NULL, NULL, NULL, NULL, NULL, 'integer', NULL);
INSERT IGNORE INTO `sys_rule_fact_field` (`objid`, `parentid`, `name`, `title`, `datatype`, `sortorder`, `handler`, `lookuphandler`, `lookupkey`, `lookupvalue`, `lookupdatatype`, `multivalued`, `required`, `vardatatype`, `lovname`) VALUES ('FACTFLD-6ea8a863:15413786361:-7dea', 'RULFACT4b93ce90:151cf1da713:-7f23', 'day', 'Day', 'integer', '5', 'integer', NULL, NULL, NULL, NULL, NULL, NULL, 'integer', NULL);
INSERT IGNORE INTO `sys_rule_fact_field` (`objid`, `parentid`, `name`, `title`, `datatype`, `sortorder`, `handler`, `lookuphandler`, `lookupkey`, `lookupvalue`, `lookupdatatype`, `multivalued`, `required`, `vardatatype`, `lovname`) VALUES ('FACTFLD4b93ce90:151cf1da713:-7eef', 'RULFACT4b93ce90:151cf1da713:-7f23', 'date', 'Date', 'date', '4', 'date', NULL, NULL, NULL, NULL, NULL, NULL, 'date', NULL);
INSERT IGNORE INTO `sys_rule_fact_field` (`objid`, `parentid`, `name`, `title`, `datatype`, `sortorder`, `handler`, `lookuphandler`, `lookupkey`, `lookupvalue`, `lookupdatatype`, `multivalued`, `required`, `vardatatype`, `lovname`) VALUES ('FACTFLD4b93ce90:151cf1da713:-7ef8', 'RULFACT4b93ce90:151cf1da713:-7f23', 'month', 'Month', 'integer', '3', 'integer', NULL, NULL, NULL, NULL, NULL, NULL, 'integer', NULL);
INSERT IGNORE INTO `sys_rule_fact_field` (`objid`, `parentid`, `name`, `title`, `datatype`, `sortorder`, `handler`, `lookuphandler`, `lookupkey`, `lookupvalue`, `lookupdatatype`, `multivalued`, `required`, `vardatatype`, `lovname`) VALUES ('FACTFLD4b93ce90:151cf1da713:-7f01', 'RULFACT4b93ce90:151cf1da713:-7f23', 'year', 'Year', 'integer', '2', 'integer', NULL, NULL, NULL, NULL, NULL, NULL, 'integer', NULL);
INSERT IGNORE INTO `sys_rule_fact_field` (`objid`, `parentid`, `name`, `title`, `datatype`, `sortorder`, `handler`, `lookuphandler`, `lookupkey`, `lookupvalue`, `lookupdatatype`, `multivalued`, `required`, `vardatatype`, `lovname`) VALUES ('FACTFLD4b93ce90:151cf1da713:-7f0c', 'RULFACT4b93ce90:151cf1da713:-7f23', 'qtr', 'Qtr', 'integer', '1', 'integer', NULL, NULL, NULL, NULL, NULL, NULL, 'integer', NULL);
INSERT IGNORE INTO `sys_rule_fact_field` (`objid`, `parentid`, `name`, `title`, `datatype`, `sortorder`, `handler`, `lookuphandler`, `lookupkey`, `lookupvalue`, `lookupdatatype`, `multivalued`, `required`, `vardatatype`, `lovname`) VALUES ('FACTFLD4d7b803c:15f039909ef:-7bd3', 'RULFACT4d7b803c:15f039909ef:-7be4', 'name', 'Name', 'string', '1', 'lookup', 'market_attribute:lookup', 'name', 'title', NULL, NULL, NULL, 'string', NULL);
INSERT IGNORE INTO `sys_rule_fact_field` (`objid`, `parentid`, `name`, `title`, `datatype`, `sortorder`, `handler`, `lookuphandler`, `lookupkey`, `lookupvalue`, `lookupdatatype`, `multivalued`, `required`, `vardatatype`, `lovname`) VALUES ('FACTFLD4d7b803c:15f039909ef:-7c60', 'RULFACT4d7b803c:15f039909ef:-7ca1', 'type', 'Type', 'string', '3', 'lov', NULL, NULL, NULL, NULL, NULL, NULL, 'string', 'MARKET_RATE_TYPES');
INSERT IGNORE INTO `sys_rule_fact_field` (`objid`, `parentid`, `name`, `title`, `datatype`, `sortorder`, `handler`, `lookuphandler`, `lookupkey`, `lookupvalue`, `lookupdatatype`, `multivalued`, `required`, `vardatatype`, `lovname`) VALUES ('FACTFLD4d7b803c:15f039909ef:-7c78', 'RULFACT4d7b803c:15f039909ef:-7ca1', 'rate', 'Rate', 'decimal', '2', 'decimal', NULL, NULL, NULL, NULL, NULL, NULL, 'decimal', NULL);
INSERT IGNORE INTO `sys_rule_fact_field` (`objid`, `parentid`, `name`, `title`, `datatype`, `sortorder`, `handler`, `lookuphandler`, `lookupkey`, `lookupvalue`, `lookupdatatype`, `multivalued`, `required`, `vardatatype`, `lovname`) VALUES ('FACTFLD4d7b803c:15f039909ef:-7c90', 'RULFACT4d7b803c:15f039909ef:-7ca1', 'year', 'Year', 'integer', '1', 'integer', NULL, NULL, NULL, NULL, NULL, NULL, 'integer', NULL);
INSERT IGNORE INTO `sys_rule_fact_field` (`objid`, `parentid`, `name`, `title`, `datatype`, `sortorder`, `handler`, `lookuphandler`, `lookupkey`, `lookupvalue`, `lookupdatatype`, `multivalued`, `required`, `vardatatype`, `lovname`) VALUES ('FACTFLD5432d2cc:15f6c1f37cb:-7db7', 'RULFACT5432d2cc:15f6c1f37cb:-7dcb', 'txntype', 'Txn Type', 'string', '1', 'lookup', 'billitem_txntype:lookup', 'objid', 'title', NULL, NULL, NULL, 'string', NULL);
INSERT IGNORE INTO `sys_rule_fact_field` (`objid`, `parentid`, `name`, `title`, `datatype`, `sortorder`, `handler`, `lookuphandler`, `lookupkey`, `lookupvalue`, `lookupdatatype`, `multivalued`, `required`, `vardatatype`, `lovname`) VALUES ('FACTFLD-4f353c13:15d2dd9babc:-7b98', 'RULFACT68be8d6c:15d0a1669d7:-7cdf', 'last', 'Last', 'boolean', '12', 'boolean', NULL, NULL, NULL, NULL, NULL, NULL, 'boolean', NULL);
INSERT IGNORE INTO `sys_rule_fact_field` (`objid`, `parentid`, `name`, `title`, `datatype`, `sortorder`, `handler`, `lookuphandler`, `lookupkey`, `lookupvalue`, `lookupdatatype`, `multivalued`, `required`, `vardatatype`, `lovname`) VALUES ('FACTFLD-4f353c13:15d2dd9babc:-7bb1', 'RULFACT68be8d6c:15d0a1669d7:-7cdf', 'first', 'First', 'boolean', '11', 'boolean', NULL, NULL, NULL, NULL, NULL, NULL, 'boolean', NULL);
INSERT IGNORE INTO `sys_rule_fact_field` (`objid`, `parentid`, `name`, `title`, `datatype`, `sortorder`, `handler`, `lookuphandler`, `lookupkey`, `lookupvalue`, `lookupdatatype`, `multivalued`, `required`, `vardatatype`, `lovname`) VALUES ('FACTFLD-4f353c13:15d2dd9babc:-7bca', 'RULFACT68be8d6c:15d0a1669d7:-7cdf', 'index', 'Index', 'integer', '10', 'integer', NULL, NULL, NULL, NULL, NULL, NULL, 'integer', NULL);
INSERT IGNORE INTO `sys_rule_fact_field` (`objid`, `parentid`, `name`, `title`, `datatype`, `sortorder`, `handler`, `lookuphandler`, `lookupkey`, `lookupvalue`, `lookupdatatype`, `multivalued`, `required`, `vardatatype`, `lovname`) VALUES ('FACTFLD-f00c7e5:15f2d6deb84:-6b40', 'RULFACT68be8d6c:15d0a1669d7:-7cdf', 'duedate', 'Due date', 'date', '13', 'date', NULL, NULL, NULL, NULL, NULL, NULL, 'date', NULL);
INSERT IGNORE INTO `sys_rule_fact_field` (`objid`, `parentid`, `name`, `title`, `datatype`, `sortorder`, `handler`, `lookuphandler`, `lookupkey`, `lookupvalue`, `lookupdatatype`, `multivalued`, `required`, `vardatatype`, `lovname`) VALUES ('FACTFLD68be8d6c:15d0a1669d7:-7c0e', 'RULFACT68be8d6c:15d0a1669d7:-7cdf', 'maxdays', 'Month Max Days', 'integer', '9', 'integer', NULL, NULL, NULL, NULL, NULL, NULL, 'integer', NULL);
INSERT IGNORE INTO `sys_rule_fact_field` (`objid`, `parentid`, `name`, `title`, `datatype`, `sortorder`, `handler`, `lookuphandler`, `lookupkey`, `lookupvalue`, `lookupdatatype`, `multivalued`, `required`, `vardatatype`, `lovname`) VALUES ('FACTFLD68be8d6c:15d0a1669d7:-7c26', 'RULFACT68be8d6c:15d0a1669d7:-7cdf', 'numdays', 'No. of Days', 'integer', '8', 'integer', NULL, NULL, NULL, NULL, NULL, NULL, 'integer', NULL);
INSERT IGNORE INTO `sys_rule_fact_field` (`objid`, `parentid`, `name`, `title`, `datatype`, `sortorder`, `handler`, `lookuphandler`, `lookupkey`, `lookupvalue`, `lookupdatatype`, `multivalued`, `required`, `vardatatype`, `lovname`) VALUES ('FACTFLD68be8d6c:15d0a1669d7:-7c3e', 'RULFACT68be8d6c:15d0a1669d7:-7cdf', 'today', 'To Day', 'integer', '7', 'integer', NULL, NULL, NULL, NULL, NULL, NULL, 'integer', NULL);
INSERT IGNORE INTO `sys_rule_fact_field` (`objid`, `parentid`, `name`, `title`, `datatype`, `sortorder`, `handler`, `lookuphandler`, `lookupkey`, `lookupvalue`, `lookupdatatype`, `multivalued`, `required`, `vardatatype`, `lovname`) VALUES ('FACTFLD68be8d6c:15d0a1669d7:-7c56', 'RULFACT68be8d6c:15d0a1669d7:-7cdf', 'fromday', 'From Day', 'integer', '6', 'integer', NULL, NULL, NULL, NULL, NULL, NULL, 'integer', NULL);
INSERT IGNORE INTO `sys_rule_fact_field` (`objid`, `parentid`, `name`, `title`, `datatype`, `sortorder`, `handler`, `lookuphandler`, `lookupkey`, `lookupvalue`, `lookupdatatype`, `multivalued`, `required`, `vardatatype`, `lovname`) VALUES ('FACTFLD68be8d6c:15d0a1669d7:-7c6e', 'RULFACT68be8d6c:15d0a1669d7:-7cdf', 'todate', 'To Date', 'date', '5', 'date', NULL, NULL, NULL, NULL, NULL, NULL, 'date', NULL);
INSERT IGNORE INTO `sys_rule_fact_field` (`objid`, `parentid`, `name`, `title`, `datatype`, `sortorder`, `handler`, `lookuphandler`, `lookupkey`, `lookupvalue`, `lookupdatatype`, `multivalued`, `required`, `vardatatype`, `lovname`) VALUES ('FACTFLD68be8d6c:15d0a1669d7:-7c86', 'RULFACT68be8d6c:15d0a1669d7:-7cdf', 'fromdate', 'From Date', 'date', '4', 'date', NULL, NULL, NULL, NULL, NULL, NULL, 'date', NULL);
INSERT IGNORE INTO `sys_rule_fact_field` (`objid`, `parentid`, `name`, `title`, `datatype`, `sortorder`, `handler`, `lookuphandler`, `lookupkey`, `lookupvalue`, `lookupdatatype`, `multivalued`, `required`, `vardatatype`, `lovname`) VALUES ('FACTFLD68be8d6c:15d0a1669d7:-7c9e', 'RULFACT68be8d6c:15d0a1669d7:-7cdf', 'qtr', 'Qtr', 'integer', '3', 'integer', NULL, NULL, NULL, NULL, NULL, NULL, 'integer', NULL);
INSERT IGNORE INTO `sys_rule_fact_field` (`objid`, `parentid`, `name`, `title`, `datatype`, `sortorder`, `handler`, `lookuphandler`, `lookupkey`, `lookupvalue`, `lookupdatatype`, `multivalued`, `required`, `vardatatype`, `lovname`) VALUES ('FACTFLD68be8d6c:15d0a1669d7:-7cb6', 'RULFACT68be8d6c:15d0a1669d7:-7cdf', 'month', 'Month', 'integer', '2', 'integer', NULL, NULL, NULL, NULL, NULL, NULL, 'integer', NULL);
INSERT IGNORE INTO `sys_rule_fact_field` (`objid`, `parentid`, `name`, `title`, `datatype`, `sortorder`, `handler`, `lookuphandler`, `lookupkey`, `lookupvalue`, `lookupdatatype`, `multivalued`, `required`, `vardatatype`, `lovname`) VALUES ('FACTFLD68be8d6c:15d0a1669d7:-7cce', 'RULFACT68be8d6c:15d0a1669d7:-7cdf', 'year', 'Year', 'integer', '1', 'integer', NULL, NULL, NULL, NULL, NULL, NULL, 'integer', NULL);
INSERT IGNORE INTO `sys_rule_fact_field` (`objid`, `parentid`, `name`, `title`, `datatype`, `sortorder`, `handler`, `lookuphandler`, `lookupkey`, `lookupvalue`, `lookupdatatype`, `multivalued`, `required`, `vardatatype`, `lovname`) VALUES ('FACTFLD-18bde35a:15f2352729b:-6ff1', 'RULFACT-18bde35a:15f2352729b:-7034', 'extrate', 'Ext Rate', 'decimal', '3', 'decimal', NULL, NULL, NULL, NULL, NULL, NULL, 'decimal', NULL);
INSERT IGNORE INTO `sys_rule_fact_field` (`objid`, `parentid`, `name`, `title`, `datatype`, `sortorder`, `handler`, `lookuphandler`, `lookupkey`, `lookupvalue`, `lookupdatatype`, `multivalued`, `required`, `vardatatype`, `lovname`) VALUES ('FACTFLD-18bde35a:15f2352729b:-7009', 'RULFACT-18bde35a:15f2352729b:-7034', 'partialbalance', 'Partial Balance', 'decimal', '2', 'decimal', NULL, NULL, NULL, NULL, NULL, NULL, 'decimal', NULL);
INSERT IGNORE INTO `sys_rule_fact_field` (`objid`, `parentid`, `name`, `title`, `datatype`, `sortorder`, `handler`, `lookuphandler`, `lookupkey`, `lookupvalue`, `lookupdatatype`, `multivalued`, `required`, `vardatatype`, `lovname`) VALUES ('FACTFLD-18bde35a:15f2352729b:-7023', 'RULFACT-18bde35a:15f2352729b:-7034', 'payfrequency', 'Pay Frequency', 'string', '1', 'lov', NULL, NULL, NULL, NULL, NULL, NULL, 'string', 'MARKET_PAY_FREQUENCY');
INSERT IGNORE INTO `sys_rule_fact_field` (`objid`, `parentid`, `name`, `title`, `datatype`, `sortorder`, `handler`, `lookuphandler`, `lookupkey`, `lookupvalue`, `lookupdatatype`, `multivalued`, `required`, `vardatatype`, `lovname`) VALUES ('FACTFLD-636a4b22:15f2d0d86ab:-7d98', 'RULFACT-18bde35a:15f2352729b:-7034', 'lastdatepaid', 'Paid Until Date', 'date', '4', 'date', NULL, NULL, NULL, NULL, NULL, NULL, 'date', NULL);
INSERT IGNORE INTO `sys_rule_fact_field` (`objid`, `parentid`, `name`, `title`, `datatype`, `sortorder`, `handler`, `lookuphandler`, `lookupkey`, `lookupvalue`, `lookupdatatype`, `multivalued`, `required`, `vardatatype`, `lovname`) VALUES ('FACTFLD70ef2c35:15f70e1781d:-7ddc', 'RULFACT-18bde35a:15f2352729b:-7034', 'startdate', 'Start Date', 'date', '6', 'date', NULL, NULL, NULL, NULL, NULL, NULL, 'date', NULL);
INSERT IGNORE INTO `sys_rule_fact_field` (`objid`, `parentid`, `name`, `title`, `datatype`, `sortorder`, `handler`, `lookuphandler`, `lookupkey`, `lookupvalue`, `lookupdatatype`, `multivalued`, `required`, `vardatatype`, `lovname`) VALUES ('FACTFLD70ef2c35:15f70e1781d:-7df5', 'RULFACT-18bde35a:15f2352729b:-7034', 'extarea', 'Ext. Area', 'decimal', '5', 'decimal', NULL, NULL, NULL, NULL, NULL, NULL, 'decimal', NULL);
INSERT IGNORE INTO `sys_rule_fact_field` (`objid`, `parentid`, `name`, `title`, `datatype`, `sortorder`, `handler`, `lookuphandler`, `lookupkey`, `lookupvalue`, `lookupdatatype`, `multivalued`, `required`, `vardatatype`, `lovname`) VALUES ('FACTFLD-7e324860:15f03bb9ad8:-7b76', 'RULFACT-7e324860:15f03bb9ad8:-7b87', 'year', 'Year', 'integer', '1', 'integer', NULL, NULL, NULL, NULL, NULL, NULL, 'integer', NULL);
INSERT IGNORE INTO `sys_rule_fact_field` (`objid`, `parentid`, `name`, `title`, `datatype`, `sortorder`, `handler`, `lookuphandler`, `lookupkey`, `lookupvalue`, `lookupdatatype`, `multivalued`, `required`, `vardatatype`, `lovname`) VALUES ('FACTFLD-18bde35a:15f2352729b:-73a0', 'RULFACT3837987e:15a6307eedb:-6fa5', 'startdate', 'Start Date', 'date', '5', 'date', NULL, NULL, NULL, NULL, NULL, NULL, 'date', NULL);
INSERT IGNORE INTO `sys_rule_fact_field` (`objid`, `parentid`, `name`, `title`, `datatype`, `sortorder`, `handler`, `lookuphandler`, `lookupkey`, `lookupvalue`, `lookupdatatype`, `multivalued`, `required`, `vardatatype`, `lovname`) VALUES ('FACTFLD-1978bd02:15f4d7c1e1c:-78b1', 'RULFACT3837987e:15a6307eedb:-6fa5', 'areasqm', 'Area (Sqm)', 'decimal', '6', 'decimal', NULL, NULL, NULL, NULL, NULL, NULL, 'decimal', NULL);
INSERT IGNORE INTO `sys_rule_fact_field` (`objid`, `parentid`, `name`, `title`, `datatype`, `sortorder`, `handler`, `lookuphandler`, `lookupkey`, `lookupvalue`, `lookupdatatype`, `multivalued`, `required`, `vardatatype`, `lovname`) VALUES ('FACTFLD3837987e:15a6307eedb:-6f94', 'RULFACT3837987e:15a6307eedb:-6fa5', 'unittype', 'Unit Type', 'string', '1', 'lov', NULL, NULL, NULL, NULL, NULL, NULL, 'string', 'MARKET_UNIT_TYPES');
INSERT IGNORE INTO `sys_rule_fact_field` (`objid`, `parentid`, `name`, `title`, `datatype`, `sortorder`, `handler`, `lookuphandler`, `lookupkey`, `lookupvalue`, `lookupdatatype`, `multivalued`, `required`, `vardatatype`, `lovname`) VALUES ('FACTFLD947e6a8:15f5672678c:-53c1', 'RULFACT3837987e:15a6307eedb:-6fa5', 'ratetype', 'Rate Type', 'string', '7', 'lov', NULL, NULL, NULL, NULL, NULL, NULL, 'string', 'MARKET_RATE_TYPES');
INSERT IGNORE INTO `sys_rule_fact_field` (`objid`, `parentid`, `name`, `title`, `datatype`, `sortorder`, `handler`, `lookuphandler`, `lookupkey`, `lookupvalue`, `lookupdatatype`, `multivalued`, `required`, `vardatatype`, `lovname`) VALUES ('FACTFLDa2a22d7:15aef756538:-7e96', 'RULFACT3837987e:15a6307eedb:-6fa5', 'unitid', 'Unit', 'string', '4', 'lookup', 'market_rentalunit_all:lookup', 'objid', 'code', NULL, NULL, NULL, 'string', NULL);
INSERT IGNORE INTO `sys_rule_fact_field` (`objid`, `parentid`, `name`, `title`, `datatype`, `sortorder`, `handler`, `lookuphandler`, `lookupkey`, `lookupvalue`, `lookupdatatype`, `multivalued`, `required`, `vardatatype`, `lovname`) VALUES ('FACTFLDa2a22d7:15aef756538:-7eb7', 'RULFACT3837987e:15a6307eedb:-6fa5', 'sectionid', 'Section', 'string', '3', 'lookup', 'market_section:lookup', 'objid', 'name', NULL, NULL, NULL, 'string', NULL);
INSERT IGNORE INTO `sys_rule_fact_field` (`objid`, `parentid`, `name`, `title`, `datatype`, `sortorder`, `handler`, `lookuphandler`, `lookupkey`, `lookupvalue`, `lookupdatatype`, `multivalued`, `required`, `vardatatype`, `lovname`) VALUES ('FACTFLDa2a22d7:15aef756538:-7ed8', 'RULFACT3837987e:15a6307eedb:-6fa5', 'clusterid', 'Cluster', 'string', '2', 'lookup', 'market_cluster:lookup', 'objid', 'name', NULL, NULL, NULL, 'string', NULL);
INSERT IGNORE INTO `sys_rule_fact_field` (`objid`, `parentid`, `name`, `title`, `datatype`, `sortorder`, `handler`, `lookuphandler`, `lookupkey`, `lookupvalue`, `lookupdatatype`, `multivalued`, `required`, `vardatatype`, `lovname`) VALUES ('FACTFLD-6ea8a863:15413786361:-7dea', 'RULFACT4b93ce90:151cf1da713:-7f23', 'day', 'Day', 'integer', '5', 'integer', NULL, NULL, NULL, NULL, NULL, NULL, 'integer', NULL);
INSERT IGNORE INTO `sys_rule_fact_field` (`objid`, `parentid`, `name`, `title`, `datatype`, `sortorder`, `handler`, `lookuphandler`, `lookupkey`, `lookupvalue`, `lookupdatatype`, `multivalued`, `required`, `vardatatype`, `lovname`) VALUES ('FACTFLD4b93ce90:151cf1da713:-7eef', 'RULFACT4b93ce90:151cf1da713:-7f23', 'date', 'Date', 'date', '4', 'date', NULL, NULL, NULL, NULL, NULL, NULL, 'date', NULL);
INSERT IGNORE INTO `sys_rule_fact_field` (`objid`, `parentid`, `name`, `title`, `datatype`, `sortorder`, `handler`, `lookuphandler`, `lookupkey`, `lookupvalue`, `lookupdatatype`, `multivalued`, `required`, `vardatatype`, `lovname`) VALUES ('FACTFLD4b93ce90:151cf1da713:-7ef8', 'RULFACT4b93ce90:151cf1da713:-7f23', 'month', 'Month', 'integer', '3', 'integer', NULL, NULL, NULL, NULL, NULL, NULL, 'integer', NULL);
INSERT IGNORE INTO `sys_rule_fact_field` (`objid`, `parentid`, `name`, `title`, `datatype`, `sortorder`, `handler`, `lookuphandler`, `lookupkey`, `lookupvalue`, `lookupdatatype`, `multivalued`, `required`, `vardatatype`, `lovname`) VALUES ('FACTFLD4b93ce90:151cf1da713:-7f01', 'RULFACT4b93ce90:151cf1da713:-7f23', 'year', 'Year', 'integer', '2', 'integer', NULL, NULL, NULL, NULL, NULL, NULL, 'integer', NULL);
INSERT IGNORE INTO `sys_rule_fact_field` (`objid`, `parentid`, `name`, `title`, `datatype`, `sortorder`, `handler`, `lookuphandler`, `lookupkey`, `lookupvalue`, `lookupdatatype`, `multivalued`, `required`, `vardatatype`, `lovname`) VALUES ('FACTFLD4b93ce90:151cf1da713:-7f0c', 'RULFACT4b93ce90:151cf1da713:-7f23', 'qtr', 'Qtr', 'integer', '1', 'integer', NULL, NULL, NULL, NULL, NULL, NULL, 'integer', NULL);
INSERT IGNORE INTO `sys_rule_fact_field` (`objid`, `parentid`, `name`, `title`, `datatype`, `sortorder`, `handler`, `lookuphandler`, `lookupkey`, `lookupvalue`, `lookupdatatype`, `multivalued`, `required`, `vardatatype`, `lovname`) VALUES ('FACTFLD4d7b803c:15f039909ef:-7bd3', 'RULFACT4d7b803c:15f039909ef:-7be4', 'name', 'Name', 'string', '1', 'lookup', 'market_attribute:lookup', 'name', 'title', NULL, NULL, NULL, 'string', NULL);
INSERT IGNORE INTO `sys_rule_fact_field` (`objid`, `parentid`, `name`, `title`, `datatype`, `sortorder`, `handler`, `lookuphandler`, `lookupkey`, `lookupvalue`, `lookupdatatype`, `multivalued`, `required`, `vardatatype`, `lovname`) VALUES ('FACTFLD4d7b803c:15f039909ef:-7c60', 'RULFACT4d7b803c:15f039909ef:-7ca1', 'type', 'Type', 'string', '3', 'lov', NULL, NULL, NULL, NULL, NULL, NULL, 'string', 'MARKET_RATE_TYPES');
INSERT IGNORE INTO `sys_rule_fact_field` (`objid`, `parentid`, `name`, `title`, `datatype`, `sortorder`, `handler`, `lookuphandler`, `lookupkey`, `lookupvalue`, `lookupdatatype`, `multivalued`, `required`, `vardatatype`, `lovname`) VALUES ('FACTFLD4d7b803c:15f039909ef:-7c78', 'RULFACT4d7b803c:15f039909ef:-7ca1', 'rate', 'Rate', 'decimal', '2', 'decimal', NULL, NULL, NULL, NULL, NULL, NULL, 'decimal', NULL);
INSERT IGNORE INTO `sys_rule_fact_field` (`objid`, `parentid`, `name`, `title`, `datatype`, `sortorder`, `handler`, `lookuphandler`, `lookupkey`, `lookupvalue`, `lookupdatatype`, `multivalued`, `required`, `vardatatype`, `lovname`) VALUES ('FACTFLD4d7b803c:15f039909ef:-7c90', 'RULFACT4d7b803c:15f039909ef:-7ca1', 'year', 'Year', 'integer', '1', 'integer', NULL, NULL, NULL, NULL, NULL, NULL, 'integer', NULL);
INSERT IGNORE INTO `sys_rule_fact_field` (`objid`, `parentid`, `name`, `title`, `datatype`, `sortorder`, `handler`, `lookuphandler`, `lookupkey`, `lookupvalue`, `lookupdatatype`, `multivalued`, `required`, `vardatatype`, `lovname`) VALUES ('FACTFLD-57af268f:15ded804f1b:-7d9d', 'RULFACT-57af268f:15ded804f1b:-7e0f', 'rate', 'Rate', 'decimal', '3', 'decimal', NULL, NULL, NULL, NULL, NULL, NULL, 'decimal', NULL);
INSERT IGNORE INTO `sys_rule_fact_field` (`objid`, `parentid`, `name`, `title`, `datatype`, `sortorder`, `handler`, `lookuphandler`, `lookupkey`, `lookupvalue`, `lookupdatatype`, `multivalued`, `required`, `vardatatype`, `lovname`) VALUES ('FACTFLD-57af268f:15ded804f1b:-7de6', 'RULFACT-57af268f:15ded804f1b:-7e0f', 'type', 'Type', 'string', '2', 'lov', NULL, NULL, NULL, NULL, NULL, NULL, 'string', 'UTILITY_TYPE');
INSERT IGNORE INTO `sys_rule_fact_field` (`objid`, `parentid`, `name`, `title`, `datatype`, `sortorder`, `handler`, `lookuphandler`, `lookupkey`, `lookupvalue`, `lookupdatatype`, `multivalued`, `required`, `vardatatype`, `lovname`) VALUES ('FACTFLD-57af268f:15ded804f1b:-7dfe', 'RULFACT-57af268f:15ded804f1b:-7e0f', 'usage', 'Usage', 'decimal', '1', 'decimal', NULL, NULL, NULL, NULL, NULL, NULL, 'decimal', NULL);
INSERT IGNORE INTO `sys_rule_fact_field` (`objid`, `parentid`, `name`, `title`, `datatype`, `sortorder`, `handler`, `lookuphandler`, `lookupkey`, `lookupvalue`, `lookupdatatype`, `multivalued`, `required`, `vardatatype`, `lovname`) VALUES ('FACTFLD-6ea8a863:15413786361:-7dea', 'RULFACT4b93ce90:151cf1da713:-7f23', 'day', 'Day', 'integer', '5', 'integer', NULL, NULL, NULL, NULL, NULL, NULL, 'integer', NULL);
INSERT IGNORE INTO `sys_rule_fact_field` (`objid`, `parentid`, `name`, `title`, `datatype`, `sortorder`, `handler`, `lookuphandler`, `lookupkey`, `lookupvalue`, `lookupdatatype`, `multivalued`, `required`, `vardatatype`, `lovname`) VALUES ('FACTFLD4b93ce90:151cf1da713:-7eef', 'RULFACT4b93ce90:151cf1da713:-7f23', 'date', 'Date', 'date', '4', 'date', NULL, NULL, NULL, NULL, NULL, NULL, 'date', NULL);
INSERT IGNORE INTO `sys_rule_fact_field` (`objid`, `parentid`, `name`, `title`, `datatype`, `sortorder`, `handler`, `lookuphandler`, `lookupkey`, `lookupvalue`, `lookupdatatype`, `multivalued`, `required`, `vardatatype`, `lovname`) VALUES ('FACTFLD4b93ce90:151cf1da713:-7ef8', 'RULFACT4b93ce90:151cf1da713:-7f23', 'month', 'Month', 'integer', '3', 'integer', NULL, NULL, NULL, NULL, NULL, NULL, 'integer', NULL);
INSERT IGNORE INTO `sys_rule_fact_field` (`objid`, `parentid`, `name`, `title`, `datatype`, `sortorder`, `handler`, `lookuphandler`, `lookupkey`, `lookupvalue`, `lookupdatatype`, `multivalued`, `required`, `vardatatype`, `lovname`) VALUES ('FACTFLD4b93ce90:151cf1da713:-7f01', 'RULFACT4b93ce90:151cf1da713:-7f23', 'year', 'Year', 'integer', '2', 'integer', NULL, NULL, NULL, NULL, NULL, NULL, 'integer', NULL);
INSERT IGNORE INTO `sys_rule_fact_field` (`objid`, `parentid`, `name`, `title`, `datatype`, `sortorder`, `handler`, `lookuphandler`, `lookupkey`, `lookupvalue`, `lookupdatatype`, `multivalued`, `required`, `vardatatype`, `lovname`) VALUES ('FACTFLD4b93ce90:151cf1da713:-7f0c', 'RULFACT4b93ce90:151cf1da713:-7f23', 'qtr', 'Qtr', 'integer', '1', 'integer', NULL, NULL, NULL, NULL, NULL, NULL, 'integer', NULL);
INSERT IGNORE INTO `sys_rule_fact_field` (`objid`, `parentid`, `name`, `title`, `datatype`, `sortorder`, `handler`, `lookuphandler`, `lookupkey`, `lookupvalue`, `lookupdatatype`, `multivalued`, `required`, `vardatatype`, `lovname`) VALUES ('FACTFLD-4f353c13:15d2dd9babc:-7b98', 'RULFACT68be8d6c:15d0a1669d7:-7cdf', 'last', 'Last', 'boolean', '12', 'boolean', NULL, NULL, NULL, NULL, NULL, NULL, 'boolean', NULL);
INSERT IGNORE INTO `sys_rule_fact_field` (`objid`, `parentid`, `name`, `title`, `datatype`, `sortorder`, `handler`, `lookuphandler`, `lookupkey`, `lookupvalue`, `lookupdatatype`, `multivalued`, `required`, `vardatatype`, `lovname`) VALUES ('FACTFLD-4f353c13:15d2dd9babc:-7bb1', 'RULFACT68be8d6c:15d0a1669d7:-7cdf', 'first', 'First', 'boolean', '11', 'boolean', NULL, NULL, NULL, NULL, NULL, NULL, 'boolean', NULL);
INSERT IGNORE INTO `sys_rule_fact_field` (`objid`, `parentid`, `name`, `title`, `datatype`, `sortorder`, `handler`, `lookuphandler`, `lookupkey`, `lookupvalue`, `lookupdatatype`, `multivalued`, `required`, `vardatatype`, `lovname`) VALUES ('FACTFLD-4f353c13:15d2dd9babc:-7bca', 'RULFACT68be8d6c:15d0a1669d7:-7cdf', 'index', 'Index', 'integer', '10', 'integer', NULL, NULL, NULL, NULL, NULL, NULL, 'integer', NULL);
INSERT IGNORE INTO `sys_rule_fact_field` (`objid`, `parentid`, `name`, `title`, `datatype`, `sortorder`, `handler`, `lookuphandler`, `lookupkey`, `lookupvalue`, `lookupdatatype`, `multivalued`, `required`, `vardatatype`, `lovname`) VALUES ('FACTFLD-f00c7e5:15f2d6deb84:-6b40', 'RULFACT68be8d6c:15d0a1669d7:-7cdf', 'duedate', 'Due date', 'date', '13', 'date', NULL, NULL, NULL, NULL, NULL, NULL, 'date', NULL);
INSERT IGNORE INTO `sys_rule_fact_field` (`objid`, `parentid`, `name`, `title`, `datatype`, `sortorder`, `handler`, `lookuphandler`, `lookupkey`, `lookupvalue`, `lookupdatatype`, `multivalued`, `required`, `vardatatype`, `lovname`) VALUES ('FACTFLD68be8d6c:15d0a1669d7:-7c0e', 'RULFACT68be8d6c:15d0a1669d7:-7cdf', 'maxdays', 'Month Max Days', 'integer', '9', 'integer', NULL, NULL, NULL, NULL, NULL, NULL, 'integer', NULL);
INSERT IGNORE INTO `sys_rule_fact_field` (`objid`, `parentid`, `name`, `title`, `datatype`, `sortorder`, `handler`, `lookuphandler`, `lookupkey`, `lookupvalue`, `lookupdatatype`, `multivalued`, `required`, `vardatatype`, `lovname`) VALUES ('FACTFLD68be8d6c:15d0a1669d7:-7c26', 'RULFACT68be8d6c:15d0a1669d7:-7cdf', 'numdays', 'No. of Days', 'integer', '8', 'integer', NULL, NULL, NULL, NULL, NULL, NULL, 'integer', NULL);
INSERT IGNORE INTO `sys_rule_fact_field` (`objid`, `parentid`, `name`, `title`, `datatype`, `sortorder`, `handler`, `lookuphandler`, `lookupkey`, `lookupvalue`, `lookupdatatype`, `multivalued`, `required`, `vardatatype`, `lovname`) VALUES ('FACTFLD68be8d6c:15d0a1669d7:-7c3e', 'RULFACT68be8d6c:15d0a1669d7:-7cdf', 'today', 'To Day', 'integer', '7', 'integer', NULL, NULL, NULL, NULL, NULL, NULL, 'integer', NULL);
INSERT IGNORE INTO `sys_rule_fact_field` (`objid`, `parentid`, `name`, `title`, `datatype`, `sortorder`, `handler`, `lookuphandler`, `lookupkey`, `lookupvalue`, `lookupdatatype`, `multivalued`, `required`, `vardatatype`, `lovname`) VALUES ('FACTFLD68be8d6c:15d0a1669d7:-7c56', 'RULFACT68be8d6c:15d0a1669d7:-7cdf', 'fromday', 'From Day', 'integer', '6', 'integer', NULL, NULL, NULL, NULL, NULL, NULL, 'integer', NULL);
INSERT IGNORE INTO `sys_rule_fact_field` (`objid`, `parentid`, `name`, `title`, `datatype`, `sortorder`, `handler`, `lookuphandler`, `lookupkey`, `lookupvalue`, `lookupdatatype`, `multivalued`, `required`, `vardatatype`, `lovname`) VALUES ('FACTFLD68be8d6c:15d0a1669d7:-7c6e', 'RULFACT68be8d6c:15d0a1669d7:-7cdf', 'todate', 'To Date', 'date', '5', 'date', NULL, NULL, NULL, NULL, NULL, NULL, 'date', NULL);
INSERT IGNORE INTO `sys_rule_fact_field` (`objid`, `parentid`, `name`, `title`, `datatype`, `sortorder`, `handler`, `lookuphandler`, `lookupkey`, `lookupvalue`, `lookupdatatype`, `multivalued`, `required`, `vardatatype`, `lovname`) VALUES ('FACTFLD68be8d6c:15d0a1669d7:-7c86', 'RULFACT68be8d6c:15d0a1669d7:-7cdf', 'fromdate', 'From Date', 'date', '4', 'date', NULL, NULL, NULL, NULL, NULL, NULL, 'date', NULL);
INSERT IGNORE INTO `sys_rule_fact_field` (`objid`, `parentid`, `name`, `title`, `datatype`, `sortorder`, `handler`, `lookuphandler`, `lookupkey`, `lookupvalue`, `lookupdatatype`, `multivalued`, `required`, `vardatatype`, `lovname`) VALUES ('FACTFLD68be8d6c:15d0a1669d7:-7c9e', 'RULFACT68be8d6c:15d0a1669d7:-7cdf', 'qtr', 'Qtr', 'integer', '3', 'integer', NULL, NULL, NULL, NULL, NULL, NULL, 'integer', NULL);
INSERT IGNORE INTO `sys_rule_fact_field` (`objid`, `parentid`, `name`, `title`, `datatype`, `sortorder`, `handler`, `lookuphandler`, `lookupkey`, `lookupvalue`, `lookupdatatype`, `multivalued`, `required`, `vardatatype`, `lovname`) VALUES ('FACTFLD68be8d6c:15d0a1669d7:-7cb6', 'RULFACT68be8d6c:15d0a1669d7:-7cdf', 'month', 'Month', 'integer', '2', 'integer', NULL, NULL, NULL, NULL, NULL, NULL, 'integer', NULL);
INSERT IGNORE INTO `sys_rule_fact_field` (`objid`, `parentid`, `name`, `title`, `datatype`, `sortorder`, `handler`, `lookuphandler`, `lookupkey`, `lookupvalue`, `lookupdatatype`, `multivalued`, `required`, `vardatatype`, `lovname`) VALUES ('FACTFLD68be8d6c:15d0a1669d7:-7cce', 'RULFACT68be8d6c:15d0a1669d7:-7cdf', 'year', 'Year', 'integer', '1', 'integer', NULL, NULL, NULL, NULL, NULL, NULL, 'integer', NULL);

INSERT IGNORE INTO `sys_ruleset_fact` (`ruleset`, `rulefact`) VALUES ('marketbilling', '-4c7763af:15d0a248672:-7ff4');
INSERT IGNORE INTO `sys_ruleset_fact` (`ruleset`, `rulefact`) VALUES ('marketbilling', '12aecdff:15f31e30a92:-7ff4');
INSERT IGNORE INTO `sys_ruleset_fact` (`ruleset`, `rulefact`) VALUES ('marketbilling', '2ecbcac2:15f2d21e588:-7ff1');
INSERT IGNORE INTO `sys_ruleset_fact` (`ruleset`, `rulefact`) VALUES ('marketbilling', '478dffc8:15d2b542c28:-7ff4');
INSERT IGNORE INTO `sys_ruleset_fact` (`ruleset`, `rulefact`) VALUES ('marketbilling', 'RULFACT-18bde35a:15f2352729b:-7034');
INSERT IGNORE INTO `sys_ruleset_fact` (`ruleset`, `rulefact`) VALUES ('marketbilling', 'RULFACT-4b6f9ba:151d6820541:-7fca');
INSERT IGNORE INTO `sys_ruleset_fact` (`ruleset`, `rulefact`) VALUES ('marketbilling', 'RULFACT-570b5574:15884ac24cf:-77c5');
INSERT IGNORE INTO `sys_ruleset_fact` (`ruleset`, `rulefact`) VALUES ('marketbilling', 'RULFACT-570b5574:15884ac24cf:-77fd');
INSERT IGNORE INTO `sys_ruleset_fact` (`ruleset`, `rulefact`) VALUES ('marketbilling', 'RULFACT-570b5574:15884ac24cf:-7932');
INSERT IGNORE INTO `sys_ruleset_fact` (`ruleset`, `rulefact`) VALUES ('marketbilling', 'RULFACT-570b5574:15884ac24cf:-79a1');
INSERT IGNORE INTO `sys_ruleset_fact` (`ruleset`, `rulefact`) VALUES ('marketbilling', 'RULFACT-b2e6a1c:15f2e184cbf:-71ac');
INSERT IGNORE INTO `sys_ruleset_fact` (`ruleset`, `rulefact`) VALUES ('marketbilling', 'RULFACT3837987e:15a6307eedb:-6fa5');
INSERT IGNORE INTO `sys_ruleset_fact` (`ruleset`, `rulefact`) VALUES ('marketbilling', 'RULFACT491be146:151e37c52d1:-7ec1');
INSERT IGNORE INTO `sys_ruleset_fact` (`ruleset`, `rulefact`) VALUES ('marketbilling', 'RULFACT4b93ce90:151cf1da713:-7f23');
INSERT IGNORE INTO `sys_ruleset_fact` (`ruleset`, `rulefact`) VALUES ('marketbilling', 'RULFACT4d7b803c:15f039909ef:-7be4');
INSERT IGNORE INTO `sys_ruleset_fact` (`ruleset`, `rulefact`) VALUES ('marketbilling', 'RULFACT4d7b803c:15f039909ef:-7ca1');
INSERT IGNORE INTO `sys_ruleset_fact` (`ruleset`, `rulefact`) VALUES ('marketbilling', 'RULFACT5432d2cc:15f6c1f37cb:-7dcb');
INSERT IGNORE INTO `sys_ruleset_fact` (`ruleset`, `rulefact`) VALUES ('marketbilling', 'RULFACT68be8d6c:15d0a1669d7:-7cdf');
INSERT IGNORE INTO `sys_ruleset_fact` (`ruleset`, `rulefact`) VALUES ('marketrentalrate', 'RULFACT-18bde35a:15f2352729b:-7034');
INSERT IGNORE INTO `sys_ruleset_fact` (`ruleset`, `rulefact`) VALUES ('marketrentalrate', 'RULFACT-7e324860:15f03bb9ad8:-7b87');
INSERT IGNORE INTO `sys_ruleset_fact` (`ruleset`, `rulefact`) VALUES ('marketrentalrate', 'RULFACT3837987e:15a6307eedb:-6fa5');
INSERT IGNORE INTO `sys_ruleset_fact` (`ruleset`, `rulefact`) VALUES ('marketrentalrate', 'RULFACT4b93ce90:151cf1da713:-7f23');
INSERT IGNORE INTO `sys_ruleset_fact` (`ruleset`, `rulefact`) VALUES ('marketrentalrate', 'RULFACT4d7b803c:15f039909ef:-7be4');
INSERT IGNORE INTO `sys_ruleset_fact` (`ruleset`, `rulefact`) VALUES ('marketrentalrate', 'RULFACT4d7b803c:15f039909ef:-7ca1');
INSERT IGNORE INTO `sys_ruleset_fact` (`ruleset`, `rulefact`) VALUES ('marketutility', 'RULFACT-57af268f:15ded804f1b:-7e0f');
INSERT IGNORE INTO `sys_ruleset_fact` (`ruleset`, `rulefact`) VALUES ('marketutility', 'RULFACT4b93ce90:151cf1da713:-7f23');
INSERT IGNORE INTO `sys_ruleset_fact` (`ruleset`, `rulefact`) VALUES ('marketutility', 'RULFACT68be8d6c:15d0a1669d7:-7cdf');

INSERT IGNORE INTO `sys_rule_actiondef` (`objid`, `name`, `title`, `sortorder`, `actionname`, `domain`, `actionclass`) VALUES ('-4c7763af:15d0a248672:-7fee', 'add-monthbillitem', 'Add Month Bill Item', '2', 'add-monthbillitem', 'TREASURY', 'treasury.actions.AddMonthBillItem');
INSERT IGNORE INTO `sys_rule_actiondef` (`objid`, `name`, `title`, `sortorder`, `actionname`, `domain`, `actionclass`) VALUES ('-5a2ce557:15d3492883c:-7ff4', 'set-billitem-property', 'Set BillItem Property Value', '10', 'set-billitem-property', 'TREASURY', 'treasury.actions.SetBillItemProperty');
INSERT IGNORE INTO `sys_rule_actiondef` (`objid`, `name`, `title`, `sortorder`, `actionname`, `domain`, `actionclass`) VALUES ('12aecdff:15f31e30a92:-7fe8', 'add-marketrental-item', 'Add Market Rental Bill Item', '2', 'add-marketrental-item', 'MARKET', 'market.actions.AddMarketRentalBillItem');
INSERT IGNORE INTO `sys_rule_actiondef` (`objid`, `name`, `title`, `sortorder`, `actionname`, `domain`, `actionclass`) VALUES ('2ecbcac2:15f2d21e588:-7ff4', 'add-vardate', 'Add Variable Date', '1', 'add-vardate', 'TREASURY', 'treasury.actions.AddVarDate');
INSERT IGNORE INTO `sys_rule_actiondef` (`objid`, `name`, `title`, `sortorder`, `actionname`, `domain`, `actionclass`) VALUES ('RULADEF-1bc7542a:15b22baf4c3:-7ec1', 'remove-billitem', 'Remove Bill Item', '1', 'remove-billitem', 'TREASURY', 'treasury.actions.RemoveBillItem');
INSERT IGNORE INTO `sys_rule_actiondef` (`objid`, `name`, `title`, `sortorder`, `actionname`, `domain`, `actionclass`) VALUES ('RULADEF-27d41d82:15884460b67:-7e68', 'set-billitem-account', 'Set Bill Item Account', '4', 'set-billitem-account', 'TREASURY', 'treasury.actions.SetBillItemAccount');
INSERT IGNORE INTO `sys_rule_actiondef` (`objid`, `name`, `title`, `sortorder`, `actionname`, `domain`, `actionclass`) VALUES ('RULADEF-27d41d82:15884460b67:-7ea0', 'add-duedate', 'Add Due Date', '1', 'add-duedate', 'TREASURY', 'treasury.actions.AddDueDate');
INSERT IGNORE INTO `sys_rule_actiondef` (`objid`, `name`, `title`, `sortorder`, `actionname`, `domain`, `actionclass`) VALUES ('RULADEF-3b9f5734:15f2ad1108a:-79b9', 'update-month-entry', 'Update Month Year Period', '1', 'update-month-entry', 'TREASURY', 'treasury.actions.UpdateMonthYearPeriod');
INSERT IGNORE INTO `sys_rule_actiondef` (`objid`, `name`, `title`, `sortorder`, `actionname`, `domain`, `actionclass`) VALUES ('RULADEF-62a762db:14201d65080:-7576', 'print_test', 'Print Test. For debugging (developers) only.', '100', 'print_test', 'BPLS', 'enterprise.actions.PrintTest');
INSERT IGNORE INTO `sys_rule_actiondef` (`objid`, `name`, `title`, `sortorder`, `actionname`, `domain`, `actionclass`) VALUES ('RULADEF-636a4b22:15f2d0d86ab:-7d68', 'build-month-entries', 'Build Month Year Entries', '1', 'build-month-entries', 'TREASURY', 'treasury.actions.BuildMonthYearEntries');
INSERT IGNORE INTO `sys_rule_actiondef` (`objid`, `name`, `title`, `sortorder`, `actionname`, `domain`, `actionclass`) VALUES ('RULADEF1f8e2e8d:1571c13dade:-7f5f', 'add-billitem', 'Add Bill Item', '2', 'add-billitem', 'TREASURY', 'treasury.actions.AddBillItem');
INSERT IGNORE INTO `sys_rule_actiondef` (`objid`, `name`, `title`, `sortorder`, `actionname`, `domain`, `actionclass`) VALUES ('RULADEF2a992e85:15d257baf17:-7ad6', 'add-bill-subitem', 'Add Bill Subitem', '11', 'add-bill-subitem', 'TREASURY', 'treasury.actions.AddBillSubItem');
INSERT IGNORE INTO `sys_rule_actiondef` (`objid`, `name`, `title`, `sortorder`, `actionname`, `domain`, `actionclass`) VALUES ('RULADEF2fc067f3:151cc3fac96:-7ea4', 'add-discount-item', 'Add Discount', '5', 'add-discount-item', 'TREASURY', 'treasury.actions.AddDiscountItem');
INSERT IGNORE INTO `sys_rule_actiondef` (`objid`, `name`, `title`, `sortorder`, `actionname`, `domain`, `actionclass`) VALUES ('RULADEF5a7a6450:1588558f7e3:-6351', 'summarize-item', 'Summarize Bill Item', '5', 'summarize-item', 'TREASURY', 'treasury.actions.SummarizeBillItem');
INSERT IGNORE INTO `sys_rule_actiondef` (`objid`, `name`, `title`, `sortorder`, `actionname`, `domain`, `actionclass`) VALUES ('RULADEF5a7a6450:1588558f7e3:-6a23', 'apply-payment', 'Apply Payment', '5', 'apply-payment', 'TREASURY', 'treasury.actions.ApplyPayment');
INSERT IGNORE INTO `sys_rule_actiondef` (`objid`, `name`, `title`, `sortorder`, `actionname`, `domain`, `actionclass`) VALUES ('RULADEF68129e35:15876a50bc6:-7e47', 'add-surcharge-item', 'Add Surcharge', '3', 'add-surcharge-item', 'TREASURY', 'treasury.actions.AddSurchargeItem');
INSERT IGNORE INTO `sys_rule_actiondef` (`objid`, `name`, `title`, `sortorder`, `actionname`, `domain`, `actionclass`) VALUES ('RULADEF68129e35:15876a50bc6:-7e8b', 'add-interest-item', 'Add Interest', '3', 'add-interest-item', 'TREASURY', 'treasury.actions.AddInterestItem');
INSERT IGNORE INTO `sys_rule_actiondef` (`objid`, `name`, `title`, `sortorder`, `actionname`, `domain`, `actionclass`) VALUES ('RULADEF4d7b803c:15f039909ef:-7ce7', 'add-market-rental-rates', 'Add Market Rental Rates', '1', 'add-market-rental-rates', 'MARKET', 'market.actions.AddMarketRentalRate');
INSERT IGNORE INTO `sys_rule_actiondef` (`objid`, `name`, `title`, `sortorder`, `actionname`, `domain`, `actionclass`) VALUES ('RULADEF769657ff:15f08d25454:-7da9', 'update-market-rental-rate', 'Update Market Rental Rate', '1', 'update-market-rental-rate', 'MARKET', 'market.actions.UpdateMarketRentalRate');
INSERT IGNORE INTO `sys_rule_actiondef` (`objid`, `name`, `title`, `sortorder`, `actionname`, `domain`, `actionclass`) VALUES ('2ecbcac2:15f2d21e588:-7ff4', 'add-vardate', 'Add Variable Date', '1', 'add-vardate', 'TREASURY', 'treasury.actions.AddVarDate');
INSERT IGNORE INTO `sys_rule_actiondef` (`objid`, `name`, `title`, `sortorder`, `actionname`, `domain`, `actionclass`) VALUES ('RULADEF-57af268f:15ded804f1b:-7d6f', 'compute-utility-rate', 'Compute Utility Rate', '1', 'compute-utility-rate', 'TREASURY', 'treasury.actions.ComputeUtilityRate');

INSERT IGNORE INTO `sys_rule_actiondef_param` (`objid`, `parentid`, `name`, `sortorder`, `title`, `datatype`, `handler`, `lookuphandler`, `lookupkey`, `lookupvalue`, `vardatatype`, `lovname`) VALUES ('-4c7763af:15d0a248672:-7feb', '-4c7763af:15d0a248672:-7fee', 'txntype', '2', 'Txn Type', NULL, 'lookup', 'billitem_txntype:lookup', 'objid', 'title', 'string', NULL);
INSERT IGNORE INTO `sys_rule_actiondef_param` (`objid`, `parentid`, `name`, `sortorder`, `title`, `datatype`, `handler`, `lookuphandler`, `lookupkey`, `lookupvalue`, `vardatatype`, `lovname`) VALUES ('-4c7763af:15d0a248672:-7fec', '-4c7763af:15d0a248672:-7fee', 'amount', '3', 'Amount', NULL, 'expression', NULL, NULL, NULL, NULL, NULL);
INSERT IGNORE INTO `sys_rule_actiondef_param` (`objid`, `parentid`, `name`, `sortorder`, `title`, `datatype`, `handler`, `lookuphandler`, `lookupkey`, `lookupvalue`, `vardatatype`, `lovname`) VALUES ('ACTPARAM-3b9f5734:15f2ad1108a:-7252', '-4c7763af:15d0a248672:-7fee', 'monthentry', '1', 'Month Entry', NULL, 'var', NULL, NULL, NULL, 'treasury.facts.MonthEntry', NULL);
INSERT IGNORE INTO `sys_rule_actiondef_param` (`objid`, `parentid`, `name`, `sortorder`, `title`, `datatype`, `handler`, `lookuphandler`, `lookupkey`, `lookupvalue`, `vardatatype`, `lovname`) VALUES ('-5a2ce557:15d3492883c:-7ff3', '-5a2ce557:15d3492883c:-7ff4', 'billitem', '1', 'Bill Item', NULL, 'var', NULL, NULL, NULL, 'treasury.facts.AbstractBillItem', NULL);
INSERT IGNORE INTO `sys_rule_actiondef_param` (`objid`, `parentid`, `name`, `sortorder`, `title`, `datatype`, `handler`, `lookuphandler`, `lookupkey`, `lookupvalue`, `vardatatype`, `lovname`) VALUES ('ACTPARAM54dbf588:15d34786708:-72ec', '-5a2ce557:15d3492883c:-7ff4', 'value', '3', 'Value', NULL, 'expression', NULL, NULL, NULL, NULL, NULL);
INSERT IGNORE INTO `sys_rule_actiondef_param` (`objid`, `parentid`, `name`, `sortorder`, `title`, `datatype`, `handler`, `lookuphandler`, `lookupkey`, `lookupvalue`, `vardatatype`, `lovname`) VALUES ('ACTPARAM54dbf588:15d34786708:-72f9', '-5a2ce557:15d3492883c:-7ff4', 'fieldname', '2', 'Property Field Name', 'string', 'string', NULL, NULL, NULL, 'string', NULL);
INSERT IGNORE INTO `sys_rule_actiondef_param` (`objid`, `parentid`, `name`, `sortorder`, `title`, `datatype`, `handler`, `lookuphandler`, `lookupkey`, `lookupvalue`, `vardatatype`, `lovname`) VALUES ('12aecdff:15f31e30a92:-7fe5', '12aecdff:15f31e30a92:-7fe8', 'amount', '3', 'Amount', NULL, 'expression', NULL, NULL, NULL, NULL, NULL);
INSERT IGNORE INTO `sys_rule_actiondef_param` (`objid`, `parentid`, `name`, `sortorder`, `title`, `datatype`, `handler`, `lookuphandler`, `lookupkey`, `lookupvalue`, `vardatatype`, `lovname`) VALUES ('12aecdff:15f31e30a92:-7fe7', '12aecdff:15f31e30a92:-7fe8', 'monthentry', '1', 'Month Entry', NULL, 'var', NULL, NULL, NULL, 'treasury.facts.MonthEntry', NULL);
INSERT IGNORE INTO `sys_rule_actiondef_param` (`objid`, `parentid`, `name`, `sortorder`, `title`, `datatype`, `handler`, `lookuphandler`, `lookupkey`, `lookupvalue`, `vardatatype`, `lovname`) VALUES ('ACTPARAM60778c6e:15f31df829d:-7bb7', '12aecdff:15f31e30a92:-7fe8', 'rentalrate', '2', 'Rental Rate', NULL, 'var', NULL, NULL, NULL, 'market.facts.MarketRentalRate', NULL);
INSERT IGNORE INTO `sys_rule_actiondef_param` (`objid`, `parentid`, `name`, `sortorder`, `title`, `datatype`, `handler`, `lookuphandler`, `lookupkey`, `lookupvalue`, `vardatatype`, `lovname`) VALUES ('2ecbcac2:15f2d21e588:-7ff2', '2ecbcac2:15f2d21e588:-7ff4', 'tag', '2', 'Tag', 'string', 'string', NULL, NULL, NULL, 'string', NULL);
INSERT IGNORE INTO `sys_rule_actiondef_param` (`objid`, `parentid`, `name`, `sortorder`, `title`, `datatype`, `handler`, `lookuphandler`, `lookupkey`, `lookupvalue`, `vardatatype`, `lovname`) VALUES ('2ecbcac2:15f2d21e588:-7ff3', '2ecbcac2:15f2d21e588:-7ff4', 'date', '1', 'Date', NULL, 'expression', NULL, NULL, NULL, NULL, NULL);
INSERT IGNORE INTO `sys_rule_actiondef_param` (`objid`, `parentid`, `name`, `sortorder`, `title`, `datatype`, `handler`, `lookuphandler`, `lookupkey`, `lookupvalue`, `vardatatype`, `lovname`) VALUES ('ACTPARAM-1bc7542a:15b22baf4c3:-7eb9', 'RULADEF-1bc7542a:15b22baf4c3:-7ec1', 'billitem', '1', 'Bill Item', NULL, 'var', NULL, NULL, NULL, 'treasury.facts.AbstractBillItem', NULL);
INSERT IGNORE INTO `sys_rule_actiondef_param` (`objid`, `parentid`, `name`, `sortorder`, `title`, `datatype`, `handler`, `lookuphandler`, `lookupkey`, `lookupvalue`, `vardatatype`, `lovname`) VALUES ('ACTPARAM-27d41d82:15884460b67:-7e51', 'RULADEF-27d41d82:15884460b67:-7e68', 'account', '2', 'Account', NULL, 'lookup', 'revenueitem:lookup', 'objid', 'title', NULL, NULL);
INSERT IGNORE INTO `sys_rule_actiondef_param` (`objid`, `parentid`, `name`, `sortorder`, `title`, `datatype`, `handler`, `lookuphandler`, `lookupkey`, `lookupvalue`, `vardatatype`, `lovname`) VALUES ('ACTPARAM-27d41d82:15884460b67:-7e60', 'RULADEF-27d41d82:15884460b67:-7e68', 'billitem', '1', 'Bill Item', NULL, 'var', NULL, NULL, NULL, 'treasury.facts.AbstractBillItem', NULL);
INSERT IGNORE INTO `sys_rule_actiondef_param` (`objid`, `parentid`, `name`, `sortorder`, `title`, `datatype`, `handler`, `lookuphandler`, `lookupkey`, `lookupvalue`, `vardatatype`, `lovname`) VALUES ('ACTPARAM-27d41d82:15884460b67:-7e98', 'RULADEF-27d41d82:15884460b67:-7ea0', 'date', '1', 'Date', NULL, 'expression', NULL, NULL, NULL, NULL, NULL);
INSERT IGNORE INTO `sys_rule_actiondef_param` (`objid`, `parentid`, `name`, `sortorder`, `title`, `datatype`, `handler`, `lookuphandler`, `lookupkey`, `lookupvalue`, `vardatatype`, `lovname`) VALUES ('ACTPARAM5a7a6450:1588558f7e3:-7b28', 'RULADEF-27d41d82:15884460b67:-7ea0', 'tag', '2', 'Tag', 'string', 'string', NULL, NULL, NULL, 'string', NULL);
INSERT IGNORE INTO `sys_rule_actiondef_param` (`objid`, `parentid`, `name`, `sortorder`, `title`, `datatype`, `handler`, `lookuphandler`, `lookupkey`, `lookupvalue`, `vardatatype`, `lovname`) VALUES ('ACTPARAM-3b9f5734:15f2ad1108a:-7995', 'RULADEF-3b9f5734:15f2ad1108a:-79b9', 'todate', '3', 'To Date', NULL, 'expression', NULL, NULL, NULL, NULL, NULL);
INSERT IGNORE INTO `sys_rule_actiondef_param` (`objid`, `parentid`, `name`, `sortorder`, `title`, `datatype`, `handler`, `lookuphandler`, `lookupkey`, `lookupvalue`, `vardatatype`, `lovname`) VALUES ('ACTPARAM-3b9f5734:15f2ad1108a:-79a2', 'RULADEF-3b9f5734:15f2ad1108a:-79b9', 'fromdate', '2', 'From Date', NULL, 'expression', NULL, NULL, NULL, NULL, NULL);
INSERT IGNORE INTO `sys_rule_actiondef_param` (`objid`, `parentid`, `name`, `sortorder`, `title`, `datatype`, `handler`, `lookuphandler`, `lookupkey`, `lookupvalue`, `vardatatype`, `lovname`) VALUES ('ACTPARAM-3b9f5734:15f2ad1108a:-79b1', 'RULADEF-3b9f5734:15f2ad1108a:-79b9', 'monthentry', '1', 'Month Entry', NULL, 'var', NULL, NULL, NULL, 'treasury.facts.MonthEntry', NULL);
INSERT IGNORE INTO `sys_rule_actiondef_param` (`objid`, `parentid`, `name`, `sortorder`, `title`, `datatype`, `handler`, `lookuphandler`, `lookupkey`, `lookupvalue`, `vardatatype`, `lovname`) VALUES ('ACTPARAM-62a762db:14201d65080:-756e', 'RULADEF-62a762db:14201d65080:-7576', 'message', '1', 'Message', NULL, 'expression', NULL, NULL, NULL, NULL, NULL);
INSERT IGNORE INTO `sys_rule_actiondef_param` (`objid`, `parentid`, `name`, `sortorder`, `title`, `datatype`, `handler`, `lookuphandler`, `lookupkey`, `lookupvalue`, `vardatatype`, `lovname`) VALUES ('ACTPARAM-44c73c9d:15f3bfec0d6:-7dd6', 'RULADEF-636a4b22:15f2d0d86ab:-7d68', 'todate', '2', 'To Date', NULL, 'expression', NULL, NULL, NULL, NULL, NULL);
INSERT IGNORE INTO `sys_rule_actiondef_param` (`objid`, `parentid`, `name`, `sortorder`, `title`, `datatype`, `handler`, `lookuphandler`, `lookupkey`, `lookupvalue`, `vardatatype`, `lovname`) VALUES ('ACTPARAM-44c73c9d:15f3bfec0d6:-7de4', 'RULADEF-636a4b22:15f2d0d86ab:-7d68', 'fromdate', '1', 'From Date', NULL, 'expression', NULL, NULL, NULL, NULL, NULL);
INSERT IGNORE INTO `sys_rule_actiondef_param` (`objid`, `parentid`, `name`, `sortorder`, `title`, `datatype`, `handler`, `lookuphandler`, `lookupkey`, `lookupvalue`, `vardatatype`, `lovname`) VALUES ('ACTPARAM-72a66630:15e2bfc1193:-7b0e', 'RULADEF1f8e2e8d:1571c13dade:-7f5f', 'account', '1', 'Account', NULL, 'lookup', 'revenueitem:lookup', 'objid', 'title', NULL, NULL);
INSERT IGNORE INTO `sys_rule_actiondef_param` (`objid`, `parentid`, `name`, `sortorder`, `title`, `datatype`, `handler`, `lookuphandler`, `lookupkey`, `lookupvalue`, `vardatatype`, `lovname`) VALUES ('ACTPARAM1f8e2e8d:1571c13dade:-7f49', 'RULADEF1f8e2e8d:1571c13dade:-7f5f', 'amount', '2', 'Amount', NULL, 'expression', NULL, NULL, NULL, NULL, NULL);
INSERT IGNORE INTO `sys_rule_actiondef_param` (`objid`, `parentid`, `name`, `sortorder`, `title`, `datatype`, `handler`, `lookuphandler`, `lookupkey`, `lookupvalue`, `vardatatype`, `lovname`) VALUES ('ACTPARAM7808a5e1:15e30cc7b71:-7de3', 'RULADEF1f8e2e8d:1571c13dade:-7f5f', 'txntype', '3', 'Txn Type', NULL, 'lookup', 'billitem_txntype:lookup', 'objid', 'title', 'string', NULL);
INSERT IGNORE INTO `sys_rule_actiondef_param` (`objid`, `parentid`, `name`, `sortorder`, `title`, `datatype`, `handler`, `lookuphandler`, `lookupkey`, `lookupvalue`, `vardatatype`, `lovname`) VALUES ('ACTPARAM2a992e85:15d257baf17:-7a2c', 'RULADEF2a992e85:15d257baf17:-7ad6', 'txntype', '4', 'Txn Type', NULL, 'lookup', 'billitem_txntype:lookup', 'objid', 'title', 'string', NULL);
INSERT IGNORE INTO `sys_rule_actiondef_param` (`objid`, `parentid`, `name`, `sortorder`, `title`, `datatype`, `handler`, `lookuphandler`, `lookupkey`, `lookupvalue`, `vardatatype`, `lovname`) VALUES ('ACTPARAM2a992e85:15d257baf17:-7a39', 'RULADEF2a992e85:15d257baf17:-7ad6', 'amount', '3', 'Amount', NULL, 'expression', NULL, NULL, NULL, NULL, NULL);
INSERT IGNORE INTO `sys_rule_actiondef_param` (`objid`, `parentid`, `name`, `sortorder`, `title`, `datatype`, `handler`, `lookuphandler`, `lookupkey`, `lookupvalue`, `vardatatype`, `lovname`) VALUES ('ACTPARAM2a992e85:15d257baf17:-7abf', 'RULADEF2a992e85:15d257baf17:-7ad6', 'account', '2', 'Account', NULL, 'lookup', 'revenueitem:lookup', 'objid', 'title', NULL, NULL);
INSERT IGNORE INTO `sys_rule_actiondef_param` (`objid`, `parentid`, `name`, `sortorder`, `title`, `datatype`, `handler`, `lookuphandler`, `lookupkey`, `lookupvalue`, `vardatatype`, `lovname`) VALUES ('ACTPARAM2a992e85:15d257baf17:-7ace', 'RULADEF2a992e85:15d257baf17:-7ad6', 'billitem', '1', 'Parent Bill Item', NULL, 'var', NULL, NULL, NULL, 'treasury.facts.AbstractBillItem', NULL);
INSERT IGNORE INTO `sys_rule_actiondef_param` (`objid`, `parentid`, `name`, `sortorder`, `title`, `datatype`, `handler`, `lookuphandler`, `lookupkey`, `lookupvalue`, `vardatatype`, `lovname`) VALUES ('ACTPARAM2fc067f3:151cc3fac96:-7e8f', 'RULADEF2fc067f3:151cc3fac96:-7ea4', 'amount', '3', 'Amount', NULL, 'expression', NULL, NULL, NULL, NULL, NULL);
INSERT IGNORE INTO `sys_rule_actiondef_param` (`objid`, `parentid`, `name`, `sortorder`, `title`, `datatype`, `handler`, `lookuphandler`, `lookupkey`, `lookupvalue`, `vardatatype`, `lovname`) VALUES ('ACTPARAM2fc067f3:151cc3fac96:-7e97', 'RULADEF2fc067f3:151cc3fac96:-7ea4', 'billitem', '1', 'Bill Item', NULL, 'var', NULL, NULL, NULL, 'treasury.facts.AbstractBillItem', NULL);
INSERT IGNORE INTO `sys_rule_actiondef_param` (`objid`, `parentid`, `name`, `sortorder`, `title`, `datatype`, `handler`, `lookuphandler`, `lookupkey`, `lookupvalue`, `vardatatype`, `lovname`) VALUES ('ACTPARAM62888c28:151cc92197a:-7f6b', 'RULADEF2fc067f3:151cc3fac96:-7ea4', 'account', '2', 'Discount Account', NULL, 'lookup', 'revenueitem:lookup', 'objid', 'title', NULL, NULL);
INSERT IGNORE INTO `sys_rule_actiondef_param` (`objid`, `parentid`, `name`, `sortorder`, `title`, `datatype`, `handler`, `lookuphandler`, `lookupkey`, `lookupvalue`, `vardatatype`, `lovname`) VALUES ('ACTPARAM-28669ae3:15ab354ec4f:-7ed1', 'RULADEF5a7a6450:1588558f7e3:-6351', 'fields', '2', 'Group Fields', 'string', 'string', NULL, NULL, NULL, 'string', NULL);
INSERT IGNORE INTO `sys_rule_actiondef_param` (`objid`, `parentid`, `name`, `sortorder`, `title`, `datatype`, `handler`, `lookuphandler`, `lookupkey`, `lookupvalue`, `vardatatype`, `lovname`) VALUES ('ACTPARAM5355ce7b:15ab36e8ae2:-791e', 'RULADEF5a7a6450:1588558f7e3:-6351', 'remarks', '3', 'Remarks', NULL, 'expression', NULL, NULL, NULL, NULL, NULL);
INSERT IGNORE INTO `sys_rule_actiondef_param` (`objid`, `parentid`, `name`, `sortorder`, `title`, `datatype`, `handler`, `lookuphandler`, `lookupkey`, `lookupvalue`, `vardatatype`, `lovname`) VALUES ('ACTPARAM5a7a6450:1588558f7e3:-633a', 'RULADEF5a7a6450:1588558f7e3:-6351', 'aggtype', '2', 'Aggregate Type', NULL, 'lov', NULL, NULL, NULL, NULL, 'SUMMARY_AGGREGATE_TYPE');
INSERT IGNORE INTO `sys_rule_actiondef_param` (`objid`, `parentid`, `name`, `sortorder`, `title`, `datatype`, `handler`, `lookuphandler`, `lookupkey`, `lookupvalue`, `vardatatype`, `lovname`) VALUES ('ACTPARAM5a7a6450:1588558f7e3:-6349', 'RULADEF5a7a6450:1588558f7e3:-6351', 'billitem', '1', 'BillItem', NULL, 'var', NULL, NULL, NULL, 'treasury.facts.AbstractBillItem', NULL);
INSERT IGNORE INTO `sys_rule_actiondef_param` (`objid`, `parentid`, `name`, `sortorder`, `title`, `datatype`, `handler`, `lookuphandler`, `lookupkey`, `lookupvalue`, `vardatatype`, `lovname`) VALUES ('ACTPARAM5a7a6450:1588558f7e3:-6a1b', 'RULADEF5a7a6450:1588558f7e3:-6a23', 'payment', '1', 'Payment', NULL, 'var', NULL, NULL, NULL, 'treasury.facts.Payment', NULL);
INSERT IGNORE INTO `sys_rule_actiondef_param` (`objid`, `parentid`, `name`, `sortorder`, `title`, `datatype`, `handler`, `lookuphandler`, `lookupkey`, `lookupvalue`, `vardatatype`, `lovname`) VALUES ('ACTPARAM-1a90cae7:15f130ef553:-6df2', 'RULADEF68129e35:15876a50bc6:-7e47', 'txntype', '4', 'Txn Type', NULL, 'lookup', 'billitem_txntype:lookup', 'objid', 'title', 'string', NULL);
INSERT IGNORE INTO `sys_rule_actiondef_param` (`objid`, `parentid`, `name`, `sortorder`, `title`, `datatype`, `handler`, `lookuphandler`, `lookupkey`, `lookupvalue`, `vardatatype`, `lovname`) VALUES ('ACTPARAM68129e35:15876a50bc6:-7e1d', 'RULADEF68129e35:15876a50bc6:-7e47', 'amount', '3', 'Amount', NULL, 'expression', NULL, NULL, NULL, NULL, NULL);
INSERT IGNORE INTO `sys_rule_actiondef_param` (`objid`, `parentid`, `name`, `sortorder`, `title`, `datatype`, `handler`, `lookuphandler`, `lookupkey`, `lookupvalue`, `vardatatype`, `lovname`) VALUES ('ACTPARAM68129e35:15876a50bc6:-7e30', 'RULADEF68129e35:15876a50bc6:-7e47', 'account', '2', 'Account', NULL, 'lookup', 'revenueitem:lookup', 'objid', 'title', 'string', NULL);
INSERT IGNORE INTO `sys_rule_actiondef_param` (`objid`, `parentid`, `name`, `sortorder`, `title`, `datatype`, `handler`, `lookuphandler`, `lookupkey`, `lookupvalue`, `vardatatype`, `lovname`) VALUES ('ACTPARAM68129e35:15876a50bc6:-7e3f', 'RULADEF68129e35:15876a50bc6:-7e47', 'billitem', '1', 'Bill Item', NULL, 'var', NULL, NULL, NULL, 'treasury.facts.AbstractBillItem', NULL);
INSERT IGNORE INTO `sys_rule_actiondef_param` (`objid`, `parentid`, `name`, `sortorder`, `title`, `datatype`, `handler`, `lookuphandler`, `lookupkey`, `lookupvalue`, `vardatatype`, `lovname`) VALUES ('ACTPARAM68129e35:15876a50bc6:-7e61', 'RULADEF68129e35:15876a50bc6:-7e8b', 'amount', '3', 'Amount', NULL, 'expression', NULL, NULL, NULL, NULL, NULL);
INSERT IGNORE INTO `sys_rule_actiondef_param` (`objid`, `parentid`, `name`, `sortorder`, `title`, `datatype`, `handler`, `lookuphandler`, `lookupkey`, `lookupvalue`, `vardatatype`, `lovname`) VALUES ('ACTPARAM68129e35:15876a50bc6:-7e74', 'RULADEF68129e35:15876a50bc6:-7e8b', 'account', '2', 'Account', NULL, 'lookup', 'revenueitem:lookup', 'objid', 'title', 'string', NULL);
INSERT IGNORE INTO `sys_rule_actiondef_param` (`objid`, `parentid`, `name`, `sortorder`, `title`, `datatype`, `handler`, `lookuphandler`, `lookupkey`, `lookupvalue`, `vardatatype`, `lovname`) VALUES ('ACTPARAM68129e35:15876a50bc6:-7e83', 'RULADEF68129e35:15876a50bc6:-7e8b', 'billitem', '1', 'Bill Item', NULL, 'var', NULL, NULL, NULL, 'treasury.facts.AbstractBillItem', NULL);
INSERT IGNORE INTO `sys_rule_actiondef_param` (`objid`, `parentid`, `name`, `sortorder`, `title`, `datatype`, `handler`, `lookuphandler`, `lookupkey`, `lookupvalue`, `vardatatype`, `lovname`) VALUES ('ACTPARAM4d7b803c:15f039909ef:-7cc3', 'RULADEF4d7b803c:15f039909ef:-7ce7', 'type', '3', 'Rate Type', NULL, 'lov', NULL, NULL, NULL, NULL, 'MARKET_RATE_TYPES');
INSERT IGNORE INTO `sys_rule_actiondef_param` (`objid`, `parentid`, `name`, `sortorder`, `title`, `datatype`, `handler`, `lookuphandler`, `lookupkey`, `lookupvalue`, `vardatatype`, `lovname`) VALUES ('ACTPARAM4d7b803c:15f039909ef:-7cd0', 'RULADEF4d7b803c:15f039909ef:-7ce7', 'rate', '2', 'Rate', NULL, 'expression', NULL, NULL, NULL, NULL, NULL);
INSERT IGNORE INTO `sys_rule_actiondef_param` (`objid`, `parentid`, `name`, `sortorder`, `title`, `datatype`, `handler`, `lookuphandler`, `lookupkey`, `lookupvalue`, `vardatatype`, `lovname`) VALUES ('ACTPARAM4d7b803c:15f039909ef:-7cdf', 'RULADEF4d7b803c:15f039909ef:-7ce7', 'year', '1', 'Year', NULL, 'var', NULL, NULL, NULL, 'integer', NULL);
INSERT IGNORE INTO `sys_rule_actiondef_param` (`objid`, `parentid`, `name`, `sortorder`, `title`, `datatype`, `handler`, `lookuphandler`, `lookupkey`, `lookupvalue`, `vardatatype`, `lovname`) VALUES ('ACTPARAM769657ff:15f08d25454:-7d79', 'RULADEF769657ff:15f08d25454:-7da9', 'rate', '2', 'Rate', NULL, 'expression', NULL, NULL, NULL, NULL, NULL);
INSERT IGNORE INTO `sys_rule_actiondef_param` (`objid`, `parentid`, `name`, `sortorder`, `title`, `datatype`, `handler`, `lookuphandler`, `lookupkey`, `lookupvalue`, `vardatatype`, `lovname`) VALUES ('ACTPARAM769657ff:15f08d25454:-7d94', 'RULADEF769657ff:15f08d25454:-7da9', 'rentalrate', '1', 'Market Rental Rate', NULL, 'var', NULL, NULL, NULL, 'market.facts.MarketRentalRate', NULL);
INSERT IGNORE INTO `sys_rule_actiondef_param` (`objid`, `parentid`, `name`, `sortorder`, `title`, `datatype`, `handler`, `lookuphandler`, `lookupkey`, `lookupvalue`, `vardatatype`, `lovname`) VALUES ('2ecbcac2:15f2d21e588:-7ff2', '2ecbcac2:15f2d21e588:-7ff4', 'tag', '2', 'Tag', 'string', 'string', NULL, NULL, NULL, 'string', NULL);
INSERT IGNORE INTO `sys_rule_actiondef_param` (`objid`, `parentid`, `name`, `sortorder`, `title`, `datatype`, `handler`, `lookuphandler`, `lookupkey`, `lookupvalue`, `vardatatype`, `lovname`) VALUES ('2ecbcac2:15f2d21e588:-7ff3', '2ecbcac2:15f2d21e588:-7ff4', 'date', '1', 'Date', NULL, 'expression', NULL, NULL, NULL, NULL, NULL);
INSERT IGNORE INTO `sys_rule_actiondef_param` (`objid`, `parentid`, `name`, `sortorder`, `title`, `datatype`, `handler`, `lookuphandler`, `lookupkey`, `lookupvalue`, `vardatatype`, `lovname`) VALUES ('ACTPARAM-57af268f:15ded804f1b:-7d58', 'RULADEF-57af268f:15ded804f1b:-7d6f', 'amount', '2', 'Amount', NULL, 'expression', NULL, NULL, NULL, NULL, NULL);
INSERT IGNORE INTO `sys_rule_actiondef_param` (`objid`, `parentid`, `name`, `sortorder`, `title`, `datatype`, `handler`, `lookuphandler`, `lookupkey`, `lookupvalue`, `vardatatype`, `lovname`) VALUES ('ACTPARAM-57af268f:15ded804f1b:-7d67', 'RULADEF-57af268f:15ded804f1b:-7d6f', 'item', '1', 'Item', NULL, 'var', NULL, NULL, NULL, 'treasury.facts.UtilityRate', NULL);

INSERT IGNORE INTO `sys_ruleset_actiondef` (`ruleset`, `actiondef`) VALUES ('marketbilling', '-4c7763af:15d0a248672:-7fee');
INSERT IGNORE INTO `sys_ruleset_actiondef` (`ruleset`, `actiondef`) VALUES ('marketbilling', '-5a2ce557:15d3492883c:-7ff4');
INSERT IGNORE INTO `sys_ruleset_actiondef` (`ruleset`, `actiondef`) VALUES ('marketbilling', '12aecdff:15f31e30a92:-7fe8');
INSERT IGNORE INTO `sys_ruleset_actiondef` (`ruleset`, `actiondef`) VALUES ('marketbilling', '2ecbcac2:15f2d21e588:-7ff4');
INSERT IGNORE INTO `sys_ruleset_actiondef` (`ruleset`, `actiondef`) VALUES ('marketbilling', 'RULADEF-1bc7542a:15b22baf4c3:-7ec1');
INSERT IGNORE INTO `sys_ruleset_actiondef` (`ruleset`, `actiondef`) VALUES ('marketbilling', 'RULADEF-27d41d82:15884460b67:-7e68');
INSERT IGNORE INTO `sys_ruleset_actiondef` (`ruleset`, `actiondef`) VALUES ('marketbilling', 'RULADEF-27d41d82:15884460b67:-7ea0');
INSERT IGNORE INTO `sys_ruleset_actiondef` (`ruleset`, `actiondef`) VALUES ('marketbilling', 'RULADEF-3b9f5734:15f2ad1108a:-79b9');
INSERT IGNORE INTO `sys_ruleset_actiondef` (`ruleset`, `actiondef`) VALUES ('marketbilling', 'RULADEF-62a762db:14201d65080:-7576');
INSERT IGNORE INTO `sys_ruleset_actiondef` (`ruleset`, `actiondef`) VALUES ('marketbilling', 'RULADEF-636a4b22:15f2d0d86ab:-7d68');
INSERT IGNORE INTO `sys_ruleset_actiondef` (`ruleset`, `actiondef`) VALUES ('marketbilling', 'RULADEF1f8e2e8d:1571c13dade:-7f5f');
INSERT IGNORE INTO `sys_ruleset_actiondef` (`ruleset`, `actiondef`) VALUES ('marketbilling', 'RULADEF2a992e85:15d257baf17:-7ad6');
INSERT IGNORE INTO `sys_ruleset_actiondef` (`ruleset`, `actiondef`) VALUES ('marketbilling', 'RULADEF2fc067f3:151cc3fac96:-7ea4');
INSERT IGNORE INTO `sys_ruleset_actiondef` (`ruleset`, `actiondef`) VALUES ('marketbilling', 'RULADEF5a7a6450:1588558f7e3:-6351');
INSERT IGNORE INTO `sys_ruleset_actiondef` (`ruleset`, `actiondef`) VALUES ('marketbilling', 'RULADEF5a7a6450:1588558f7e3:-6a23');
INSERT IGNORE INTO `sys_ruleset_actiondef` (`ruleset`, `actiondef`) VALUES ('marketbilling', 'RULADEF68129e35:15876a50bc6:-7e47');
INSERT IGNORE INTO `sys_ruleset_actiondef` (`ruleset`, `actiondef`) VALUES ('marketbilling', 'RULADEF68129e35:15876a50bc6:-7e8b');
INSERT IGNORE INTO `sys_ruleset_actiondef` (`ruleset`, `actiondef`) VALUES ('marketrentalrate', 'RULADEF4d7b803c:15f039909ef:-7ce7');
INSERT IGNORE INTO `sys_ruleset_actiondef` (`ruleset`, `actiondef`) VALUES ('marketrentalrate', 'RULADEF769657ff:15f08d25454:-7da9');
INSERT IGNORE INTO `sys_ruleset_actiondef` (`ruleset`, `actiondef`) VALUES ('marketutility', '2ecbcac2:15f2d21e588:-7ff4');
INSERT IGNORE INTO `sys_ruleset_actiondef` (`ruleset`, `actiondef`) VALUES ('marketutility', 'RULADEF-57af268f:15ded804f1b:-7d6f');
