-- MySQL dump 10.13  Distrib 5.5.59, for Win64 (AMD64)
--
-- Host: localhost    Database: market_20191109
-- ------------------------------------------------------
-- Server version	5.5.59

/*!40101 SET @OLD_CHARACTER_SET_CLIENT=@@CHARACTER_SET_CLIENT */;
/*!40101 SET @OLD_CHARACTER_SET_RESULTS=@@CHARACTER_SET_RESULTS */;
/*!40101 SET @OLD_COLLATION_CONNECTION=@@COLLATION_CONNECTION */;
/*!40101 SET NAMES utf8 */;
/*!40103 SET @OLD_TIME_ZONE=@@TIME_ZONE */;
/*!40103 SET TIME_ZONE='+00:00' */;
/*!40014 SET @OLD_UNIQUE_CHECKS=@@UNIQUE_CHECKS, UNIQUE_CHECKS=0 */;
/*!40014 SET @OLD_FOREIGN_KEY_CHECKS=@@FOREIGN_KEY_CHECKS, FOREIGN_KEY_CHECKS=0 */;
/*!40101 SET @OLD_SQL_MODE=@@SQL_MODE, SQL_MODE='NO_AUTO_VALUE_ON_ZERO' */;
/*!40111 SET @OLD_SQL_NOTES=@@SQL_NOTES, SQL_NOTES=0 */;

CREATE DATABASE market CHARACTER SET utf8
;
USE market
;

--
-- Table structure for table `market_account`
--

DROP TABLE IF EXISTS `market_account`;
/*!40101 SET @saved_cs_client     = @@character_set_client */;
/*!40101 SET character_set_client = utf8 */;
CREATE TABLE `market_account` (
  `objid` varchar(50) NOT NULL,
  `state` varchar(50) DEFAULT NULL,
  `acctno` varchar(50) DEFAULT NULL,
  `acctname` varchar(255) DEFAULT NULL,
  `dtcreated` datetime DEFAULT NULL,
  `owner_objid` varchar(50) DEFAULT NULL,
  `owner_name` varchar(50) DEFAULT NULL,
  `owner_address_text` varchar(255) DEFAULT NULL,
  `txnmode` varchar(50) DEFAULT NULL,
  `createdby_objid` varchar(50) DEFAULT NULL,
  `createdby_name` varchar(255) DEFAULT NULL,
  `remarks` varchar(255) DEFAULT NULL,
  `dateclosed` date DEFAULT NULL,
  `extrate` decimal(18,2) DEFAULT NULL,
  `extarea` decimal(18,2) DEFAULT NULL,
  `business_objid` varchar(50) DEFAULT NULL,
  `business_bin` varchar(50) DEFAULT NULL,
  `business_tradename` varchar(255) DEFAULT NULL,
  `business_owner_name` varchar(255) DEFAULT NULL,
  `unitid` varchar(50) DEFAULT NULL,
  `paymentmode` varchar(50) DEFAULT NULL,
  PRIMARY KEY (`objid`),
  UNIQUE KEY `uix_acctno` (`acctno`),
  KEY `ix_dtcreated` (`dtcreated`),
  KEY `ix_createdby_objid` (`createdby_objid`),
  KEY `ix_owner_objid` (`owner_objid`),
  KEY `ix_unitid` (`unitid`)
) ENGINE=InnoDB DEFAULT CHARSET=utf8;
/*!40101 SET character_set_client = @saved_cs_client */;

--
-- Dumping data for table `market_account`
--

LOCK TABLES `market_account` WRITE;
/*!40000 ALTER TABLE `market_account` DISABLE KEYS */;
/*!40000 ALTER TABLE `market_account` ENABLE KEYS */;
UNLOCK TABLES;

--
-- Table structure for table `market_attribute`
--

DROP TABLE IF EXISTS `market_attribute`;
/*!40101 SET @saved_cs_client     = @@character_set_client */;
/*!40101 SET character_set_client = utf8 */;
CREATE TABLE `market_attribute` (
  `name` varchar(50) NOT NULL,
  `title` varchar(155) DEFAULT NULL,
  PRIMARY KEY (`name`)
) ENGINE=InnoDB DEFAULT CHARSET=utf8;
/*!40101 SET character_set_client = @saved_cs_client */;

--
-- Dumping data for table `market_attribute`
--

LOCK TABLES `market_attribute` WRITE;
/*!40000 ALTER TABLE `market_attribute` DISABLE KEYS */;
/*!40000 ALTER TABLE `market_attribute` ENABLE KEYS */;
UNLOCK TABLES;

--
-- Table structure for table `market_cluster`
--

DROP TABLE IF EXISTS `market_cluster`;
/*!40101 SET @saved_cs_client     = @@character_set_client */;
/*!40101 SET character_set_client = utf8 */;
CREATE TABLE `market_cluster` (
  `objid` varchar(50) NOT NULL,
  `market_objid` varchar(50) DEFAULT NULL,
  `market_name` varchar(255) DEFAULT NULL,
  `market_barangay_objid` varchar(50) DEFAULT NULL,
  `market_barangay_name` varchar(255) DEFAULT NULL,
  `name` varchar(50) DEFAULT NULL,
  `description` varchar(255) DEFAULT NULL,
  PRIMARY KEY (`objid`),
  KEY `ix_marketid` (`market_objid`),
  KEY `ix_name` (`name`),
  CONSTRAINT `fk_market_cluster_marketid` FOREIGN KEY (`market_objid`) REFERENCES `market_property` (`objid`)
) ENGINE=InnoDB DEFAULT CHARSET=utf8;
/*!40101 SET character_set_client = @saved_cs_client */;

--
-- Dumping data for table `market_cluster`
--

LOCK TABLES `market_cluster` WRITE;
/*!40000 ALTER TABLE `market_cluster` DISABLE KEYS */;
/*!40000 ALTER TABLE `market_cluster` ENABLE KEYS */;
UNLOCK TABLES;

--
-- Table structure for table `market_itemaccount`
--

DROP TABLE IF EXISTS `market_itemaccount`;
/*!40101 SET @saved_cs_client     = @@character_set_client */;
/*!40101 SET character_set_client = utf8 */;
CREATE TABLE `market_itemaccount` (
  `objid` varchar(50) NOT NULL,
  `title` varchar(50) DEFAULT NULL,
  `item_objid` varchar(50) DEFAULT NULL,
  `item_title` varchar(255) DEFAULT NULL,
  `item_code` varchar(50) DEFAULT NULL,
  `item_fund_objid` varchar(50) DEFAULT NULL,
  `sortorder` int(255) DEFAULT NULL,
  `type` varchar(50) DEFAULT NULL,
  `system` int(255) DEFAULT NULL,
  PRIMARY KEY (`objid`),
  UNIQUE KEY `uix_obo_itemaccount_itemobjid` (`item_objid`)
) ENGINE=InnoDB DEFAULT CHARSET=utf8;
/*!40101 SET character_set_client = @saved_cs_client */;

--
-- Dumping data for table `market_itemaccount`
--

LOCK TABLES `market_itemaccount` WRITE;
/*!40000 ALTER TABLE `market_itemaccount` DISABLE KEYS */;
INSERT INTO `market_itemaccount` VALUES ('ELECTRICITY','ELECTRICITY',NULL,NULL,NULL,NULL,3,'ELECTRICITY',0),('INTEREST','INTEREST',NULL,NULL,NULL,NULL,5,NULL,0),('MARKET_RENTAL','MARKET RENTAL',NULL,NULL,NULL,NULL,0,NULL,0),('SURCHARGE','SURCHARGE',NULL,NULL,NULL,NULL,6,NULL,0),('WATER','WATER',NULL,NULL,NULL,NULL,4,'WATER',0);
/*!40000 ALTER TABLE `market_itemaccount` ENABLE KEYS */;
UNLOCK TABLES;

--
-- Table structure for table `market_otherfee`
--

DROP TABLE IF EXISTS `market_otherfee`;
/*!40101 SET @saved_cs_client     = @@character_set_client */;
/*!40101 SET character_set_client = utf8 */;
CREATE TABLE `market_otherfee` (
  `objid` varchar(50) NOT NULL,
  `acctid` varchar(50) DEFAULT NULL,
  `itemid` varchar(50) DEFAULT NULL,
  `amount` decimal(16,2) DEFAULT NULL,
  `amtpaid` decimal(16,2) DEFAULT NULL,
  `fromdate` date DEFAULT NULL,
  `todate` date DEFAULT NULL,
  `year` int(4) DEFAULT NULL,
  `month` int(2) DEFAULT NULL,
  `remarks` varchar(255) DEFAULT NULL,
  PRIMARY KEY (`objid`),
  UNIQUE KEY `uix_market_electricity_acctid_year_month` (`acctid`,`year`,`month`),
  KEY `fk_market_electricity_acctid` (`acctid`),
  KEY `fk_market_otherfee_itemid` (`itemid`),
  CONSTRAINT `fk_market_otherfee_acctid` FOREIGN KEY (`acctid`) REFERENCES `market_account` (`objid`),
  CONSTRAINT `fk_market_otherfee_itemid` FOREIGN KEY (`itemid`) REFERENCES `market_itemaccount` (`objid`)
) ENGINE=InnoDB DEFAULT CHARSET=utf8;
/*!40101 SET character_set_client = @saved_cs_client */;

--
-- Dumping data for table `market_otherfee`
--

LOCK TABLES `market_otherfee` WRITE;
/*!40000 ALTER TABLE `market_otherfee` DISABLE KEYS */;
/*!40000 ALTER TABLE `market_otherfee` ENABLE KEYS */;
UNLOCK TABLES;

--
-- Table structure for table `market_payment`
--

DROP TABLE IF EXISTS `market_payment`;
/*!40101 SET @saved_cs_client     = @@character_set_client */;
/*!40101 SET character_set_client = utf8 */;
CREATE TABLE `market_payment` (
  `objid` varchar(50) NOT NULL,
  `txndate` datetime DEFAULT NULL,
  `amount` decimal(16,4) DEFAULT NULL,
  `voided` int(11) DEFAULT NULL,
  `refid` varchar(50) DEFAULT NULL,
  `reftype` varchar(50) DEFAULT NULL,
  `refno` varchar(50) DEFAULT NULL,
  `refdate` date DEFAULT NULL,
  `txnmode` varchar(10) DEFAULT NULL,
  PRIMARY KEY (`objid`),
  KEY `ix_refid` (`refid`),
  KEY `ix_refno` (`refno`),
  KEY `ix_refdate` (`refdate`)
) ENGINE=InnoDB DEFAULT CHARSET=utf8;
/*!40101 SET character_set_client = @saved_cs_client */;

--
-- Dumping data for table `market_payment`
--

LOCK TABLES `market_payment` WRITE;
/*!40000 ALTER TABLE `market_payment` DISABLE KEYS */;
/*!40000 ALTER TABLE `market_payment` ENABLE KEYS */;
UNLOCK TABLES;

--
-- Table structure for table `market_payment_item`
--

DROP TABLE IF EXISTS `market_payment_item`;
/*!40101 SET @saved_cs_client     = @@character_set_client */;
/*!40101 SET character_set_client = utf8 */;
CREATE TABLE `market_payment_item` (
  `objid` varchar(50) NOT NULL,
  `parentid` varchar(50) DEFAULT NULL,
  `acctid` varchar(50) DEFAULT NULL,
  `itemid` varchar(50) DEFAULT NULL,
  `refid` varchar(50) DEFAULT NULL,
  `reftype` varchar(50) DEFAULT NULL,
  `month` int(255) DEFAULT NULL,
  `year` int(255) DEFAULT NULL,
  `fromdate` date DEFAULT NULL,
  `todate` date DEFAULT NULL,
  `amount` decimal(16,4) DEFAULT NULL,
  `discount` decimal(16,2) DEFAULT NULL,
  `surcharge` decimal(16,2) DEFAULT NULL,
  `interest` decimal(16,2) DEFAULT NULL,
  `rate` decimal(16,2) DEFAULT NULL,
  `ratetype` varchar(50) DEFAULT NULL,
  PRIMARY KEY (`objid`),
  KEY `parentid` (`parentid`),
  KEY `fk_market_payment_item_acctid` (`acctid`),
  CONSTRAINT `fk_market_payment_item_acctid` FOREIGN KEY (`acctid`) REFERENCES `market_account` (`objid`),
  CONSTRAINT `fk_market_payment_item_parentid` FOREIGN KEY (`parentid`) REFERENCES `market_payment` (`objid`)
) ENGINE=InnoDB DEFAULT CHARSET=utf8;
/*!40101 SET character_set_client = @saved_cs_client */;

--
-- Dumping data for table `market_payment_item`
--

LOCK TABLES `market_payment_item` WRITE;
/*!40000 ALTER TABLE `market_payment_item` DISABLE KEYS */;
/*!40000 ALTER TABLE `market_payment_item` ENABLE KEYS */;
UNLOCK TABLES;

--
-- Table structure for table `market_property`
--

DROP TABLE IF EXISTS `market_property`;
/*!40101 SET @saved_cs_client     = @@character_set_client */;
/*!40101 SET character_set_client = utf8 */;
CREATE TABLE `market_property` (
  `objid` varchar(50) NOT NULL,
  `bldgno` varchar(50) DEFAULT NULL,
  `name` varchar(255) DEFAULT NULL,
  `street` varchar(100) DEFAULT NULL,
  `subdivision` varchar(100) DEFAULT NULL,
  `barangay_objid` varchar(50) DEFAULT NULL,
  `barangay_name` varchar(100) DEFAULT NULL,
  PRIMARY KEY (`objid`),
  KEY `ix_bldgname` (`name`),
  KEY `ix_barangay_objid` (`barangay_objid`),
  KEY `ix_barangay_name` (`barangay_name`)
) ENGINE=InnoDB DEFAULT CHARSET=utf8;
/*!40101 SET character_set_client = @saved_cs_client */;

--
-- Dumping data for table `market_property`
--

LOCK TABLES `market_property` WRITE;
/*!40000 ALTER TABLE `market_property` DISABLE KEYS */;
/*!40000 ALTER TABLE `market_property` ENABLE KEYS */;
UNLOCK TABLES;

--
-- Table structure for table `market_rental_payment_status`
--

DROP TABLE IF EXISTS `market_rental_payment_status`;
/*!40101 SET @saved_cs_client     = @@character_set_client */;
/*!40101 SET character_set_client = utf8 */;
CREATE TABLE `market_rental_payment_status` (
  `objid` varchar(50) NOT NULL,
  `acctid` varchar(50) DEFAULT NULL,
  `partialbalance` decimal(16,2) DEFAULT NULL,
  `paiduntildate` date DEFAULT NULL,
  `paymentrefid` varchar(50) DEFAULT NULL,
  PRIMARY KEY (`objid`),
  UNIQUE KEY `uix_acctid_paiduntildate` (`acctid`,`paiduntildate`),
  KEY `fk_market_rental_payment_status_paymentrefid` (`paymentrefid`),
  CONSTRAINT `fk_market_rental_payment_status_acctid` FOREIGN KEY (`acctid`) REFERENCES `market_account` (`objid`),
  CONSTRAINT `fk_market_rental_payment_status_paymentrefid` FOREIGN KEY (`paymentrefid`) REFERENCES `market_payment` (`objid`)
) ENGINE=InnoDB DEFAULT CHARSET=utf8;
/*!40101 SET character_set_client = @saved_cs_client */;

--
-- Dumping data for table `market_rental_payment_status`
--

LOCK TABLES `market_rental_payment_status` WRITE;
/*!40000 ALTER TABLE `market_rental_payment_status` DISABLE KEYS */;
/*!40000 ALTER TABLE `market_rental_payment_status` ENABLE KEYS */;
UNLOCK TABLES;

--
-- Table structure for table `market_rental_rate`
--

DROP TABLE IF EXISTS `market_rental_rate`;
/*!40101 SET @saved_cs_client     = @@character_set_client */;
/*!40101 SET character_set_client = utf8 */;
CREATE TABLE `market_rental_rate` (
  `objid` varchar(50) NOT NULL,
  `unitid` varchar(50) DEFAULT NULL,
  `batchid` varchar(50) DEFAULT NULL,
  `effectivedate` date DEFAULT NULL,
  `rate` decimal(16,4) DEFAULT NULL,
  `ratetype` varchar(10) DEFAULT NULL,
  PRIMARY KEY (`objid`)
) ENGINE=InnoDB DEFAULT CHARSET=utf8;
/*!40101 SET character_set_client = @saved_cs_client */;

--
-- Dumping data for table `market_rental_rate`
--

LOCK TABLES `market_rental_rate` WRITE;
/*!40000 ALTER TABLE `market_rental_rate` DISABLE KEYS */;
/*!40000 ALTER TABLE `market_rental_rate` ENABLE KEYS */;
UNLOCK TABLES;

--
-- Table structure for table `market_rentalunit`
--

DROP TABLE IF EXISTS `market_rentalunit`;
/*!40101 SET @saved_cs_client     = @@character_set_client */;
/*!40101 SET character_set_client = utf8 */;
CREATE TABLE `market_rentalunit` (
  `objid` varchar(50) NOT NULL,
  `state` varchar(20) DEFAULT NULL,
  `unittype` varchar(20) DEFAULT NULL,
  `code` varchar(50) DEFAULT NULL,
  `indexno` int(11) DEFAULT NULL,
  `sectionid` varchar(50) DEFAULT NULL,
  `location` varchar(50) DEFAULT NULL,
  `lng` decimal(18,10) DEFAULT NULL,
  `lat` decimal(18,10) DEFAULT NULL,
  `areasqm` decimal(16,2) DEFAULT NULL,
  `clusterid` varchar(50) DEFAULT NULL,
  `ratetype` varchar(10) DEFAULT NULL,
  `currentacctid` varchar(50) DEFAULT NULL,
  `description` varchar(255) DEFAULT NULL,
  PRIMARY KEY (`objid`),
  UNIQUE KEY `uix_market_rentalunit_code` (`code`),
  UNIQUE KEY `uix_market_rentalunit_section_number` (`clusterid`,`sectionid`,`indexno`),
  UNIQUE KEY `ix_currentacctid` (`currentacctid`),
  KEY `section_objid` (`sectionid`),
  KEY `ix_clusterid` (`clusterid`),
  CONSTRAINT `fk_market_rentalunit_clusterid` FOREIGN KEY (`clusterid`) REFERENCES `market_cluster` (`objid`),
  CONSTRAINT `fk_market_rentalunit_currentacctid` FOREIGN KEY (`currentacctid`) REFERENCES `market_account` (`objid`),
  CONSTRAINT `fk_market_rentalunit_sectionid` FOREIGN KEY (`sectionid`) REFERENCES `market_section` (`objid`)
) ENGINE=InnoDB DEFAULT CHARSET=utf8;
/*!40101 SET character_set_client = @saved_cs_client */;

--
-- Dumping data for table `market_rentalunit`
--

LOCK TABLES `market_rentalunit` WRITE;
/*!40000 ALTER TABLE `market_rentalunit` DISABLE KEYS */;
/*!40000 ALTER TABLE `market_rentalunit` ENABLE KEYS */;
UNLOCK TABLES;

--
-- Table structure for table `market_rentalunit_attribute`
--

DROP TABLE IF EXISTS `market_rentalunit_attribute`;
/*!40101 SET @saved_cs_client     = @@character_set_client */;
/*!40101 SET character_set_client = utf8 */;
CREATE TABLE `market_rentalunit_attribute` (
  `objid` varchar(50) NOT NULL,
  `unitid` varchar(50) DEFAULT NULL,
  `attributeid` varchar(50) DEFAULT NULL,
  PRIMARY KEY (`objid`),
  KEY `fk_marketunitattr_unit` (`unitid`),
  KEY `fk_marketunitattr_attr` (`attributeid`),
  CONSTRAINT `fk_marketunitattr_attr` FOREIGN KEY (`attributeid`) REFERENCES `market_attribute` (`name`),
  CONSTRAINT `fk_marketunitattr_unit` FOREIGN KEY (`unitid`) REFERENCES `market_rentalunit` (`objid`)
) ENGINE=InnoDB DEFAULT CHARSET=utf8;
/*!40101 SET character_set_client = @saved_cs_client */;

--
-- Dumping data for table `market_rentalunit_attribute`
--

LOCK TABLES `market_rentalunit_attribute` WRITE;
/*!40000 ALTER TABLE `market_rentalunit_attribute` DISABLE KEYS */;
/*!40000 ALTER TABLE `market_rentalunit_attribute` ENABLE KEYS */;
UNLOCK TABLES;

--
-- Table structure for table `market_section`
--

DROP TABLE IF EXISTS `market_section`;
/*!40101 SET @saved_cs_client     = @@character_set_client */;
/*!40101 SET character_set_client = utf8 */;
CREATE TABLE `market_section` (
  `objid` varchar(50) NOT NULL,
  `state` varchar(50) DEFAULT NULL,
  `name` varchar(50) DEFAULT NULL,
  `description` varchar(255) DEFAULT NULL,
  `system` int(11) DEFAULT NULL,
  PRIMARY KEY (`objid`),
  KEY `uix_name` (`name`)
) ENGINE=InnoDB DEFAULT CHARSET=utf8;
/*!40101 SET character_set_client = @saved_cs_client */;

--
-- Dumping data for table `market_section`
--

LOCK TABLES `market_section` WRITE;
/*!40000 ALTER TABLE `market_section` DISABLE KEYS */;
/*!40000 ALTER TABLE `market_section` ENABLE KEYS */;
UNLOCK TABLES;

--
-- Table structure for table `market_utility`
--

DROP TABLE IF EXISTS `market_utility`;
/*!40101 SET @saved_cs_client     = @@character_set_client */;
/*!40101 SET character_set_client = utf8 */;
CREATE TABLE `market_utility` (
  `objid` varchar(50) NOT NULL,
  `acctid` varchar(50) DEFAULT NULL,
  `type` varchar(50) DEFAULT NULL,
  `readingdate` date DEFAULT NULL,
  `reader_objid` varchar(50) DEFAULT NULL,
  `reader_name` varchar(255) DEFAULT NULL,
  `reading` int(255) DEFAULT NULL,
  `volume` int(255) DEFAULT NULL,
  `capacity` int(255) DEFAULT NULL,
  `rate` decimal(16,2) DEFAULT NULL,
  `amount` decimal(16,2) DEFAULT NULL,
  `amtpaid` decimal(16,2) DEFAULT NULL,
  `fromdate` date DEFAULT NULL,
  `todate` date DEFAULT NULL,
  `nextbilldate` date DEFAULT NULL,
  `year` int(4) DEFAULT NULL,
  `month` int(2) DEFAULT NULL,
  `previd` varchar(50) DEFAULT NULL,
  `nextid` varchar(50) DEFAULT NULL,
  PRIMARY KEY (`objid`),
  UNIQUE KEY `fk_market_electricity_previd` (`previd`),
  UNIQUE KEY `fk_market_electricity_nextid` (`nextid`),
  UNIQUE KEY `uix_market_electricity_acctid_year_month` (`acctid`,`year`,`month`,`type`),
  KEY `fk_market_electricity_acctid` (`acctid`),
  CONSTRAINT `fk_market_utility_acctid` FOREIGN KEY (`acctid`) REFERENCES `market_account` (`objid`),
  CONSTRAINT `fk_market_utility_nextid` FOREIGN KEY (`nextid`) REFERENCES `market_utility` (`objid`),
  CONSTRAINT `fk_market_utility_previd` FOREIGN KEY (`previd`) REFERENCES `market_utility` (`objid`)
) ENGINE=InnoDB DEFAULT CHARSET=utf8;
/*!40101 SET character_set_client = @saved_cs_client */;

--
-- Dumping data for table `market_utility`
--

LOCK TABLES `market_utility` WRITE;
/*!40000 ALTER TABLE `market_utility` DISABLE KEYS */;
/*!40000 ALTER TABLE `market_utility` ENABLE KEYS */;
UNLOCK TABLES;

--
-- Table structure for table `sys_rule`
--

DROP TABLE IF EXISTS `sys_rule`;
/*!40101 SET @saved_cs_client     = @@character_set_client */;
/*!40101 SET character_set_client = utf8 */;
CREATE TABLE `sys_rule` (
  `objid` varchar(50) NOT NULL,
  `state` varchar(25) DEFAULT NULL,
  `name` varchar(50) NOT NULL,
  `ruleset` varchar(50) NOT NULL,
  `rulegroup` varchar(50) DEFAULT NULL,
  `title` varchar(250) DEFAULT NULL,
  `description` longtext,
  `salience` int(11) DEFAULT NULL,
  `effectivefrom` date DEFAULT NULL,
  `effectiveto` date DEFAULT NULL,
  `dtfiled` datetime DEFAULT NULL,
  `user_objid` varchar(50) DEFAULT NULL,
  `user_name` varchar(100) DEFAULT NULL,
  `noloop` int(11) DEFAULT NULL,
  PRIMARY KEY (`objid`),
  KEY `rulegroup` (`rulegroup`,`ruleset`),
  KEY `ruleset` (`ruleset`),
  CONSTRAINT `sys_rule_ibfk_1` FOREIGN KEY (`rulegroup`, `ruleset`) REFERENCES `sys_rulegroup` (`name`, `ruleset`),
  CONSTRAINT `sys_rule_ibfk_2` FOREIGN KEY (`ruleset`) REFERENCES `sys_ruleset` (`name`)
) ENGINE=InnoDB DEFAULT CHARSET=utf8;
/*!40101 SET character_set_client = @saved_cs_client */;

--
-- Dumping data for table `sys_rule`
--

LOCK TABLES `sys_rule` WRITE;
/*!40000 ALTER TABLE `sys_rule` DISABLE KEYS */;
INSERT INTO `sys_rule` VALUES ('RUL-19ef0fa5:16635f3ac5a:-416c','DRAFT','M2700','marketrentalrate','compute-fee','MONTHLY RATE 2700',NULL,60000,NULL,NULL,'2018-10-02 03:28:35','USR-ADMIN','ADMIN',1),('RUL-1a8380d5:1697fe412e2:-7a8e','DRAFT','M1000','marketrentalrate','compute-fee','MONTHLY RATE 1000.00',NULL,60000,NULL,NULL,'2019-03-15 05:41:31','USR297110b:1665b8b5a7c:-7e6e','IMPALMA',1),('RUL-1cfd06d0:1686dc812d6:-73c4','DRAFT','M378','marketrentalrate','compute-fee','MONTHLY RATE 378',NULL,60000,NULL,NULL,'2019-01-21 01:03:02','USR297110b:1665b8b5a7c:-7e6e','IMPALMA',1),('RUL-1ee6075f:16d8936bd7f:-7e0e','DRAFT','SET_DAILY_PARTICULARS','marketbilling','summary','SET DAILY PARTICULARS',NULL,50000,NULL,NULL,'2019-10-02 05:26:30','USR-6bf98eba:1254696a2c9:-7ff6','ADMIN',1),('RUL-2dd925b1:16618d545dc:-4c4b','DRAFT','DAILY_RATE_FOR_MEAT_FISH_VEGETABLES_FRUIT_M923_85','marketrentalrate','compute-fee','DAILY_RATE_FOR_MEAT_FISH_VEGETABLES_FRUIT_M923.85',NULL,60000,NULL,NULL,'2018-09-27 06:38:57','USR-ADMIN','ADMIN',1),('RUL-2dd925b1:16618d545dc:-4d03','DRAFT','DAILY_RATE_FOR_MEAT_FISH_VEGETABLES_FRUIT_M906_40','marketrentalrate','compute-fee','DAILY_RATE_FOR_MEAT_FISH_VEGETABLES_FRUIT_M906.40',NULL,60000,NULL,NULL,'2018-09-27 06:38:07','USR-ADMIN','ADMIN',1),('RUL-2dd925b1:16618d545dc:-4d9f','DRAFT','DAILY_RATE_FOR_MEAT_FISH_VEGETABLES_FRUIT_M9626_40','marketrentalrate','compute-fee','DAILY_RATE_FOR_MEAT_FISH_VEGETABLES_FRUIT_M9,626.40',NULL,60000,NULL,NULL,'2018-09-27 06:37:20','USR-ADMIN','ADMIN',1),('RUL-2dd925b1:16618d545dc:-4e40','DRAFT','DAILY_RATE_FOR_MEAT_FISH_VEGETABLES_FRUIT_M9560_90','marketrentalrate','compute-fee','DAILY_RATE_FOR_MEAT_FISH_VEGETABLES_FRUIT_M9,560.90',NULL,60000,NULL,NULL,'2018-09-27 06:36:30','USR-ADMIN','ADMIN',1),('RUL-2dd925b1:16618d545dc:-4edc','DRAFT','DAILY_RATE_FOR_MEAT_FISH_VEGETABLES_FRUIT_M899_85','marketrentalrate','compute-fee','DAILY_RATE_FOR_MEAT_FISH_VEGETABLES_FRUIT_M899.85',NULL,60000,NULL,NULL,'2018-09-27 06:35:41','USR-ADMIN','ADMIN',1),('RUL-2dd925b1:16618d545dc:-4fa8','DRAFT','DAILY_RATE_FOR_MEAT_FISH_VEGETABLES_FRUIT_M805_20','marketrentalrate','compute-fee','DAILY_RATE_FOR_MEAT_FISH_VEGETABLES_FRUIT_M805.20',NULL,60000,NULL,NULL,'2018-09-27 06:34:38','USR-ADMIN','ADMIN',1),('RUL-2dd925b1:16618d545dc:-5044','DRAFT','DAILY_RATE_FOR_MEAT_FISH_VEGETABLES_FRUIT_M804_05','marketrentalrate','compute-fee','DAILY_RATE_FOR_MEAT_FISH_VEGETABLES_FRUIT_M804.05',NULL,60000,NULL,NULL,'2018-09-27 06:33:55','USR-ADMIN','ADMIN',1),('RUL-2dd925b1:16618d545dc:-5101','DRAFT','DAILY_RATE_FOR_MEAT_FISH_VEGETABLES_FRUIT_M8431_70','marketrentalrate','compute-fee','DAILY_RATE_FOR_MEAT_FISH_VEGETABLES_FRUIT_M8,431.70',NULL,60000,NULL,NULL,'2018-09-27 06:32:58','USR-ADMIN','ADMIN',1),('RUL-2dd925b1:16618d545dc:-51c2','DRAFT','DAILY_RATE_FOR_MEAT_FISH_VEGETABLES_FRUIT_M796_50','marketrentalrate','compute-fee','DAILY_RATE_FOR_MEAT_FISH_VEGETABLES_FRUIT_M796.50',NULL,60000,NULL,NULL,'2018-09-27 06:31:50','USR-ADMIN','ADMIN',1),('RUL-2dd925b1:16618d545dc:-525e','DRAFT','DAILY_RATE_FOR_MEAT_FISH_VEGETABLES_FRUIT_M769_58','marketrentalrate','compute-fee','DAILY_RATE_FOR_MEAT_FISH_VEGETABLES_FRUIT_M769.58',NULL,60000,NULL,NULL,'2018-09-27 06:31:03','USR-ADMIN','ADMIN',1),('RUL-2dd925b1:16618d545dc:-52fa','DRAFT','DAILY_RATE_FOR_MEAT_FISH_VEGETABLES_FRUIT_M769_55','marketrentalrate','compute-fee','DAILY_RATE_FOR_MEAT_FISH_VEGETABLES_FRUIT_M769.55',NULL,60000,NULL,NULL,'2018-09-27 06:29:46','USR-ADMIN','ADMIN',1),('RUL-2dd925b1:16618d545dc:-5396','DRAFT','DAILY_RATE_FOR_MEAT_FISH_VEGETABLES_FRUIT_M769_52','marketrentalrate','compute-fee','DAILY_RATE_FOR_MEAT_FISH_VEGETABLES_FRUIT_M769.52',NULL,60000,NULL,NULL,'2018-09-27 06:28:48','USR-ADMIN','ADMIN',1),('RUL-2dd925b1:16618d545dc:-546c','DRAFT','DAILY_RATE_FOR_MEAT_FISH_VEGETABLES_FRUIT_M769_50','marketrentalrate','compute-fee','DAILY_RATE_FOR_MEAT_FISH_VEGETABLES_FRUIT_M769.50',NULL,60000,NULL,NULL,'2018-09-27 06:27:51','USR-ADMIN','ADMIN',1),('RUL-2dd925b1:16618d545dc:-5508','DRAFT','DAILY_RATE_FOR_MEAT_FISH_VEGETABLES_FRUIT_M722_05','marketrentalrate','compute-fee','DAILY_RATE_FOR_MEAT_FISH_VEGETABLES_FRUIT_M722.05',NULL,60000,NULL,NULL,'2018-09-27 06:26:56','USR-ADMIN','ADMIN',1),('RUL-2dd925b1:16618d545dc:-55a4','DRAFT','DAILY_RATE_FOR_MEAT_FISH_VEGETABLES_FRUIT_M722','marketrentalrate','compute-fee','DAILY_RATE_FOR_MEAT_FISH_VEGETABLES_FRUIT_M722.00',NULL,60000,NULL,NULL,'2018-09-27 06:26:09','USR-ADMIN','ADMIN',1),('RUL-2dd925b1:16618d545dc:-5640','DRAFT','DAILY_RATE_FOR_MEAT_FISH_VEGETABLES_FRUIT_M718_30','marketrentalrate','compute-fee','DAILY_RATE_FOR_MEAT_FISH_VEGETABLES_FRUIT_M718.30',NULL,60000,NULL,NULL,'2018-09-27 06:25:18','USR-ADMIN','ADMIN',1),('RUL-2dd925b1:16618d545dc:-56dc','DRAFT','DAILY_RATE_FOR_MEAT_FISH_VEGETABLES_FRUIT_M702_18','marketrentalrate','compute-fee','DAILY_RATE_FOR_MEAT_FISH_VEGETABLES_FRUIT_M702.18',NULL,60000,NULL,NULL,'2018-09-27 06:24:17','USR-ADMIN','ADMIN',1),('RUL-2dd925b1:16618d545dc:-5778','DRAFT','DAILY_RATE_FOR_MEAT_FISH_VEGETABLES_FRUIT_M7740','marketrentalrate','compute-fee','DAILY_RATE_FOR_MEAT_FISH_VEGETABLES_FRUIT_M7,740.00',NULL,60000,NULL,NULL,'2018-09-27 06:23:24','USR-ADMIN','ADMIN',1),('RUL-2dd925b1:16618d545dc:-5814','DRAFT','DAILY_RATE_FOR_MEAT_FISH_VEGETABLES_FRUIT_M7640_80','marketrentalrate','compute-fee','DAILY_RATE_FOR_MEAT_FISH_VEGETABLES_FRUIT_M7,640.80',NULL,60000,NULL,NULL,'2018-09-27 06:21:10','USR-ADMIN','ADMIN',1),('RUL-2dd925b1:16618d545dc:-58a6','DRAFT','DAILY_RATE_FOR_MEAT_FISH_VEGETABLES_FRUIT_M7528_30','marketrentalrate','compute-fee','DAILY_RATE_FOR_MEAT_FISH_VEGETABLES_FRUIT_M7,528.30',NULL,60000,NULL,NULL,'2018-09-27 06:13:37','USR-ADMIN','ADMIN',1),('RUL-2dd925b1:16618d545dc:-5942','DRAFT','DAILY_RATE_FOR_MEAT_FISH_VEGETABLES_FRUIT_M669_18','marketrentalrate','compute-fee','DAILY_RATE_FOR_MEAT_FISH_VEGETABLES_FRUIT_M669.18',NULL,60000,NULL,NULL,'2018-09-27 06:12:16','USR-ADMIN','ADMIN',1),('RUL-2dd925b1:16618d545dc:-59e3','DRAFT','DAILY_RATE_FOR_MEAT_FISH_VEGETABLES_FRUIT_M601_70','marketrentalrate','compute-fee','DAILY_RATE_FOR_MEAT_FISH_VEGETABLES_FRUIT_M601.70',NULL,60000,NULL,NULL,'2018-09-27 06:11:31','USR-ADMIN','ADMIN',1),('RUL-2dd925b1:16618d545dc:-5b42','DRAFT','DAILY_RATE_FOR_MEAT_FISH_VEGETABLES_FRUIT_M6874_55','marketrentalrate','compute-fee','DAILY_RATE_FOR_MEAT_FISH_VEGETABLES_FRUIT_M6,874.55',NULL,60000,NULL,NULL,'2018-09-27 06:05:10','USR-ADMIN','ADMIN',1),('RUL-2dd925b1:16618d545dc:-5bde','DRAFT','DAILY_RATE_FOR_MEAT_FISH_VEGETABLES_FRUIT_M6624_90','marketrentalrate','compute-fee','DAILY_RATE_FOR_MEAT_FISH_VEGETABLES_FRUIT_M6,624.90',NULL,60000,NULL,NULL,'2018-09-27 06:04:04','USR-ADMIN','ADMIN',1),('RUL-2dd925b1:16618d545dc:-5c7c','DRAFT','DAILY_RATE_FOR_MEAT_FISH_VEGETABLES_FRUIT_M6480','marketrentalrate','compute-fee','DAILY_RATE_FOR_MEAT_FISH_VEGETABLES_FRUIT_M6,480',NULL,60000,NULL,NULL,'2018-09-27 06:02:55','USR-ADMIN','ADMIN',1),('RUL-2dd925b1:16618d545dc:-5d45','DRAFT','DAILY_RATE_FOR_MEAT_FISH_VEGETABLES_FRUIT_M6022_65','marketrentalrate','compute-fee','DAILY_RATE_FOR_MEAT_FISH_VEGETABLES_FRUIT_M6,022.65',NULL,60000,NULL,NULL,'2018-09-27 06:01:25','USR-ADMIN','ADMIN',1),('RUL-2dd925b1:16618d545dc:-5de1','DRAFT','DAILY_RATE_FOR_MEAT_FISH_VEGETABLES_FRUIT_M6002_65','marketrentalrate','compute-fee','DAILY_RATE_FOR_MEAT_FISH_VEGETABLES_FRUIT_M6,002.65',NULL,60000,NULL,NULL,'2018-09-27 05:59:14','USR-ADMIN','ADMIN',1),('RUL-2dd925b1:16618d545dc:-5e7d','DRAFT','DAILY_RATE_FOR_MEAT_FISH_VEGETABLES_FRUIT_M568_65','marketrentalrate','compute-fee','DAILY_RATE_FOR_MEAT_FISH_VEGETABLES_FRUIT_M568.65',NULL,60000,NULL,NULL,'2018-09-27 05:57:47','USR-ADMIN','ADMIN',1),('RUL-2dd925b1:16618d545dc:-5f19','DRAFT','DAILY_RATE_FOR_MEAT_FISH_VEGETABLES_FRUIT_M5400','marketrentalrate','compute-fee','DAILY_RATE_FOR_MEAT_FISH_VEGETABLES_FRUIT_5,400.00',NULL,60000,NULL,NULL,'2018-09-27 05:56:30','USR-ADMIN','ADMIN',1),('RUL-2dd925b1:16618d545dc:-5fd1','DRAFT','DAILY_RATE_FOR_MEAT_FISH_VEGETABLES_FRUIT_M455','marketrentalrate','compute-fee','DAILY_RATE_FOR_MEAT_FISH_VEGETABLES_FRUIT_M455.00',NULL,60000,NULL,NULL,'2018-09-27 05:54:42','USR-ADMIN','ADMIN',1),('RUL-2dd925b1:16618d545dc:-6084','DRAFT','DAILY_RATE_FOR_MEAT_FISH_VEGETABLES_FRUIT_M451_60','marketrentalrate','compute-fee','DAILY_RATE_FOR_MEAT_FISH_VEGETABLES_FRUIT_M451_60',NULL,60000,NULL,NULL,'2018-09-27 05:53:41','USR-ADMIN','ADMIN',1),('RUL-2dd925b1:16618d545dc:-61ec','DRAFT','DAILY_RATE_FOR_MEAT_FISH_VEGETABLES_FRUIT_M4818_05','marketrentalrate','compute-fee','DAILY_RATE_FOR_MEAT_FISH_VEGETABLES_FRUIT_M4,818.05',NULL,60000,NULL,NULL,'2018-09-27 05:50:57','USR-ADMIN','ADMIN',1),('RUL-2dd925b1:16618d545dc:-62a3','DRAFT','DAILY_RATE_FOR_MEAT_FISH_VEGETABLES_FRUIT_M4320','marketrentalrate','compute-fee','DAILY_RATE_FOR_MEAT_FISH_VEGETABLES_FRUIT_M4,320.00',NULL,60000,NULL,NULL,'2018-09-27 05:49:40','USR-ADMIN','ADMIN',1),('RUL-2dd925b1:16618d545dc:-62df','DRAFT','DAILY_RATE_FOR_MEAT_FISH_VEGETABLES_FRUIT_M4311_67','marketrentalrate','compute-fee','DAILY_RATE_FOR_MEAT_FISH_VEGETABLES_FRUIT_M4,311.67',NULL,60000,NULL,NULL,'2018-09-27 05:48:53','USR-ADMIN','ADMIN',1),('RUL-2dd925b1:16618d545dc:-641c','DRAFT','DAILY_RATE_FOR_MEAT_FISH_VEGETABLES_FRUIT_M4126_90','marketrentalrate','compute-fee','DAILY_RATE_FOR_MEAT_FISH_VEGETABLES_FRUIT_M4,126.90',NULL,60000,NULL,NULL,'2018-09-27 05:46:13','USR-ADMIN','ADMIN',1),('RUL-2dd925b1:16618d545dc:-64b8','DRAFT','DAILY_RATE_FOR_MEAT_FISH_VEGETABLES_FRUIT_M4003_70','marketrentalrate','compute-fee','DAILY_RATE_FOR_MEAT_FISH_VEGETABLES_FRUIT_M4,003.70',NULL,60000,NULL,NULL,'2018-09-27 05:45:13','USR-ADMIN','ADMIN',1),('RUL-2dd925b1:16618d545dc:-6589','DRAFT','DAILY_RATE_FOR_MEAT_FISH_VEGETABLES_FRUIT_M3229_5','marketrentalrate','compute-fee','DAILY_RATE_FOR_MEAT_FISH_VEGETABLES_FRUIT_M3229.5',NULL,60000,NULL,NULL,'2018-09-27 05:44:07','USR-ADMIN','ADMIN',1),('RUL-2dd925b1:16618d545dc:-662a','DRAFT','DAILY_RATE_FOR_MEAT_FISH_VEGETABLES_FRUIT_M3044_4','marketrentalrate','compute-fee','DAILY_RATE_FOR_MEAT_FISH_VEGETABLES_FRUIT_M3044.4',NULL,60000,NULL,NULL,'2018-09-27 05:43:02','USR-ADMIN','ADMIN',1),('RUL-2dd925b1:16618d545dc:-66c6','DRAFT','DAILY_RATE_FOR_MEAT_FISH_VEGETABLES_FRUIT_M3770_20','marketrentalrate','compute-fee','DAILY_RATE_FOR_MEAT_FISH_VEGETABLES_FRUIT_M3,770.20',NULL,60000,NULL,NULL,'2018-09-27 05:42:08','USR-ADMIN','ADMIN',1),('RUL-2dd925b1:16618d545dc:-6790','DRAFT','DAILY_RATE_FOR_MEAT_FISH_VEGETABLES_FRUIT_M3187_45','marketrentalrate','compute-fee','DAILY_RATE_FOR_MEAT_FISH_VEGETABLES_FRUIT_M3187.45',NULL,60000,NULL,NULL,'2018-09-27 05:40:46','USR-ADMIN','ADMIN',1),('RUL-2dd925b1:16618d545dc:-6857','DRAFT','DAILY_RATE_FOR_MEAT_FISH_VEGETABLES_FRUIT_M3161_85','marketrentalrate','compute-fee','DAILY_RATE_FOR_MEAT_FISH_VEGETABLES_FRUIT_M3161.85',NULL,60000,NULL,NULL,'2018-09-27 05:38:41','USR-ADMIN','ADMIN',1),('RUL-2dd925b1:16618d545dc:-68f3','DRAFT','DAILY_RATE_FOR_MEAT_FISH_VEGETABLES_FRUIT_M3105_55','marketrentalrate','compute-fee','DAILY_RATE_FOR_MEAT_FISH_VEGETABLES_FRUIT_M3105.55',NULL,60000,NULL,NULL,'2018-09-27 05:37:34','USR-ADMIN','ADMIN',1),('RUL-2dd925b1:16618d545dc:-69a8','DRAFT','DAILY_RATE_FOR_MEAT_FISH_VEGETABLES_FRUIT_M2883_55','marketrentalrate','compute-fee','DAILY_RATE_FOR_MEAT_FISH_VEGETABLES_FRUIT_M2883.55',NULL,60000,NULL,NULL,'2018-09-27 05:36:14','USR-ADMIN','ADMIN',1),('RUL-2dd925b1:16618d545dc:-6a44','DRAFT','DAILY_RATE_FOR_MEAT_FISH_VEGETABLES_FRUIT_M2874_45','marketrentalrate','compute-fee','DAILY_RATE_FOR_MEAT_FISH_VEGETABLES_FRUIT_M2,874.45',NULL,60000,NULL,NULL,'2018-09-27 05:34:59','USR-ADMIN','ADMIN',1),('RUL-2dd925b1:16618d545dc:-6abe','DRAFT','DAILY_RATE_FOR_MEAT_FISH_VEGETABLES_FRUIT_M2870_65','marketrentalrate','compute-fee','DAILY_RATE_FOR_MEAT_FISH_VEGETABLES_FRUIT_M2870.65',NULL,60000,NULL,NULL,'2018-09-27 05:33:49','USR-ADMIN','ADMIN',1),('RUL-2dd925b1:16618d545dc:-6c42','DRAFT','DAILY_RATE_FOR_MEAT_FISH_VEGETABLES_FRUIT_M2828_80','marketrentalrate','compute-fee','DAILY_RATE_FOR_MEAT_FISH_VEGETABLES_FRUIT_M2828_80',NULL,60000,NULL,NULL,'2018-09-27 05:30:58','USR-ADMIN','ADMIN',1),('RUL-2dd925b1:16618d545dc:-6cde','DRAFT','DAILY_RATE_FOR_MEAT_FISH_VEGETABLES_FRUIT_M2825_32','marketrentalrate','compute-fee','DAILY_RATE_FOR_MEAT_FISH_VEGETABLES_FRUIT_M2825_32',NULL,60000,NULL,NULL,'2018-09-27 05:27:33','USR-ADMIN','ADMIN',1),('RUL-2dd925b1:16618d545dc:-6d9f','DRAFT','DAILY_RATE_FOR_MEAT_FISH_VEGETABLES_FRUIT_M2800_48','marketrentalrate','compute-fee','DAILY_RATE_FOR_MEAT_FISH_VEGETABLES_FRUIT_M2800_48',NULL,60000,NULL,NULL,'2018-09-27 05:10:20','USR-ADMIN','ADMIN',1),('RUL-2dd925b1:16618d545dc:-6e3b','DRAFT','DAILY_RATE_FOR_MEAT_FISH_VEGETABLES_FRUIT_M2771_75','marketrentalrate','compute-fee','DAILY_RATE_FOR_MEAT_FISH_VEGETABLES_FRUIT_M2771_75',NULL,60000,NULL,NULL,'2018-09-27 05:09:02','USR-ADMIN','ADMIN',1),('RUL-2dd925b1:16618d545dc:-6ed7','DRAFT','DAILY_RATE_FOR_MEAT_FISH_VEGETABLES_FRUIT_M2771_70','marketrentalrate','compute-fee','DAILY_RATE_FOR_MEAT_FISH_VEGETABLES_FRUIT_M2771_70',NULL,60000,NULL,NULL,'2018-09-27 05:01:43','USR-ADMIN','ADMIN',1),('RUL-2dd925b1:16618d545dc:-6f73','DRAFT','DAILY_RATE_FOR_MEAT_FISH_VEGETABLES_FRUIT_M2737_55','marketrentalrate','compute-fee','DAILY_RATE_FOR_MEAT_FISH_VEGETABLES_FRUIT_M2737_55',NULL,60000,NULL,NULL,'2018-09-27 05:00:43','USR-ADMIN','ADMIN',1),('RUL-2dd925b1:16618d545dc:-7098','DRAFT','DAILY_RATE_FOR_MEAT_FISH_VEGETABLES_FRUIT_M2710_15','marketrentalrate','compute-fee','DAILY_RATE_FOR_MEAT_FISH_VEGETABLES_FRUIT_M2710_15',NULL,60000,NULL,NULL,'2018-09-27 04:57:07','USR-ADMIN','ADMIN',1),('RUL-2dd925b1:16618d545dc:-7134','DRAFT','DAILY_RATE_FOR_MEAT_FISH_VEGETABLES_FRUIT_M2633_3','marketrentalrate','compute-fee','DAILY_RATE_FOR_MEAT_FISH_VEGETABLES_FRUIT_M2633_3',NULL,60000,NULL,NULL,'2018-09-27 04:55:27','USR-ADMIN','ADMIN',1),('RUL-2dd925b1:16618d545dc:-71d0','DRAFT','DAILY_RATE_FOR_MEAT_FISH_VEGETABLES_FRUIT_M2586_95','marketrentalrate','compute-fee','DAILY_RATE_FOR_MEAT_FISH_VEGETABLES_FRUIT_M2586_95',NULL,60000,NULL,NULL,'2018-09-27 04:53:51','USR-ADMIN','ADMIN',1),('RUL-2dd925b1:16618d545dc:-726c','DRAFT','DAILY_RATE_FOR_MEAT_FISH_VEGETABLES_FRUIT_M2455_60','marketrentalrate','compute-fee','DAILY_RATE_FOR_MEAT_FISH_VEGETABLES_FRUIT_M2455_60',NULL,60000,NULL,NULL,'2018-09-27 03:06:02','USR-ADMIN','ADMIN',1),('RUL-2dd925b1:16618d545dc:-7308','DRAFT','DAILY_RATE_FOR_MEAT_FISH_VEGETABLES_FRUIT_M2409','marketrentalrate','compute-fee','DAILY_RATE_FOR_MEAT_FISH_VEGETABLES_FRUIT_M2409',NULL,60000,NULL,NULL,'2018-09-27 03:04:51','USR-ADMIN','ADMIN',1),('RUL-2dd925b1:16618d545dc:-73a4','DRAFT','DAILY_RATE_FOR_MEAT_FISH_VEGETABLES_FRUIT_M2356_65','marketrentalrate','compute-fee','DAILY_RATE_FOR_MEAT_FISH_VEGETABLES_FRUIT_M2356_65',NULL,60000,NULL,NULL,'2018-09-27 03:03:45','USR-ADMIN','ADMIN',1),('RUL-2dd925b1:16618d545dc:-7440','DRAFT','DAILY_RATE_FOR_MEAT_FISH_VEGETABLES_FRUIT_M2326_90','marketrentalrate','compute-fee','DAILY_RATE_FOR_MEAT_FISH_VEGETABLES_FRUIT_M2326_90',NULL,60000,NULL,NULL,'2018-09-27 03:02:53','USR-ADMIN','ADMIN',1),('RUL-2dd925b1:16618d545dc:-74dc','DRAFT','DAILY_RATE_FOR_MEAT_FISH_VEGETABLES_FRUIT_M2266_65','marketrentalrate','compute-fee','DAILY_RATE_FOR_MEAT_FISH_VEGETABLES_FRUIT_M2266_65',NULL,60000,NULL,NULL,'2018-09-27 03:01:43','USR-ADMIN','ADMIN',1),('RUL-2dd925b1:16618d545dc:-7578','DRAFT','DAILY_RATE_FOR_MEAT_FISH_VEGETABLES_FRUIT_M2217_40','marketrentalrate','compute-fee','DAILY_RATE_FOR_MEAT_FISH_VEGETABLES_FRUIT_M2217_40',NULL,60000,NULL,NULL,'2018-09-27 03:00:29','USR-ADMIN','ADMIN',1),('RUL-2dd925b1:16618d545dc:-7614','DRAFT','DAILY_RATE_FOR_MEAT_FISH_VEGETABLES_FRUIT_M2168_90','marketrentalrate','compute-fee','DAILY_RATE_FOR_MEAT_FISH_VEGETABLES_FRUIT_M2168_90',NULL,60000,NULL,NULL,'2018-09-27 02:59:31','USR-ADMIN','ADMIN',1),('RUL-2dd925b1:16618d545dc:-76b8','DRAFT','DAILY_RATE_FOR_MEAT_FISH_VEGETABLES_FRUIT_M2159_10','marketrentalrate','compute-fee','DAILY_RATE_FOR_MEAT_FISH_VEGETABLES_FRUIT_M2159_10',NULL,60000,NULL,NULL,'2018-09-27 02:58:07','USR-ADMIN','ADMIN',1),('RUL-2dd925b1:16618d545dc:-7754','DRAFT','DAILY_RATE_FOR_MEAT_FISH_VEGETABLES_FRUIT_M2155_80','marketrentalrate','compute-fee','DAILY_RATE_FOR_MEAT_FISH_VEGETABLES_FRUIT_M2155_80',NULL,60000,NULL,NULL,'2018-09-27 02:56:18','USR-ADMIN','ADMIN',1),('RUL-2dd925b1:16618d545dc:-780c','DRAFT','DAILY_RATE_FOR_MEAT_FISH_VEGETABLES_FRUIT_M2140_70','marketrentalrate','compute-fee','DAILY_RATE_FOR_MEAT_FISH_VEGETABLES_FRUIT_M2140_70',NULL,60000,NULL,NULL,'2018-09-27 02:52:11','USR-ADMIN','ADMIN',1),('RUL-2dd925b1:16618d545dc:-78a8','DRAFT','DAILY_RATE_FOR_MEAT_FISH_VEGETABLES_FRUIT_M2059_10','marketrentalrate','compute-fee','DAILY_RATE_FOR_MEAT_FISH_VEGETABLES_FRUIT_M2059_10',NULL,60000,NULL,NULL,'2018-09-27 02:50:59','USR-ADMIN','ADMIN',1),('RUL-2dd925b1:16618d545dc:-7944','DRAFT','DAILY_RATE_FOR_MEAT_FISH_VEGETABLES_FRUIT_M2036_65','marketrentalrate','compute-fee','DAILY_RATE_FOR_MEAT_FISH_VEGETABLES_FRUIT_M2036_65',NULL,60000,NULL,NULL,'2018-09-27 02:49:53','USR-ADMIN','ADMIN',1),('RUL-2dd925b1:16618d545dc:-7a23','DRAFT','DAILY_RATE_FOR_MEAT_FISH_VEGETABLES_FRUIT_M128_10','marketrentalrate','compute-fee','DAILY_RATE_FOR_MEAT_FISH_VEGETABLES_FRUIT_M128_10',NULL,60000,NULL,NULL,'2018-09-27 02:48:26','USR-ADMIN','ADMIN',1),('RUL-2dd925b1:16618d545dc:-7abf','DRAFT','DAILY_RATE_FOR_MEAT_FISH_VEGETABLES_FRUIT_M122','marketrentalrate','compute-fee','DAILY_RATE_FOR_MEAT_FISH_VEGETABLES_FRUIT_M122',NULL,60000,NULL,NULL,'2018-09-27 02:47:17','USR-ADMIN','ADMIN',1),('RUL-2dd925b1:16618d545dc:-7b79','DRAFT','DAILY_RATE_FOR_MEAT_FISH_VEGETABLES_FRUIT_M10879_8','marketrentalrate','compute-fee','DAILY_RATE_FOR_MEAT_FISH_VEGETABLES_FRUIT_M10879_8',NULL,60000,NULL,NULL,'2018-09-27 02:46:03','USR-ADMIN','ADMIN',1),('RUL-34e42a37:16d80c4f0f5:-7be7','DRAFT','MARKET_ACCOUNT_FOR_CLUSTER_1','marketbilling','account-mapping','market bill for cluster 1',NULL,50000,NULL,NULL,'2019-09-30 14:25:07','USR-6bf98eba:1254696a2c9:-7ff6','ADMIN',1),('RUL-3a94e44c:16d704b3871:-7d1b','DRAFT','ADD_DAILY_MARKET_BILL_ITEMS','marketbilling','build-rental-items','Add Market Daily Bill Items for evaluation. Daily items are grouped by month even if it is daily',NULL,50000,NULL,NULL,'2019-09-27 09:21:15','USR-6bf98eba:1254696a2c9:-7ff6','ADMIN',1),('RUL-3eefd6b1:1661489c227:-7dd8','DRAFT','DAILY_RATE_FOR_MEAT_FISH_VEGETABLES_FRUIT_M1976_70','marketrentalrate','compute-fee','DAILY_RATE_FOR_MEAT_FISH_VEGETABLES_FRUIT_M1976_70',NULL,60000,NULL,NULL,'2018-09-26 06:18:05','USR-ADMIN','ADMIN',1),('RUL-3ff71b2e:166376a3ba2:-2447','DRAFT','D0','marketrentalrate','compute-fee','DAILY RATE 0',NULL,60000,NULL,NULL,'2018-10-03 07:19:41','USR-ADMIN','ADMIN',1),('RUL-40c82b8d:1686409c53e:-6f5a','DRAFT','M391','marketrentalrate','compute-fee','MONTHLY RATE 391',NULL,60000,NULL,NULL,'2019-01-19 08:55:01','USR297110b:1665b8b5a7c:-7e6e','IMPALMA',1),('RUL-40c82b8d:1686409c53e:-7144','DRAFT','M434_70','marketrentalrate','compute-fee','MONTHLY RATE 434_70',NULL,60000,NULL,NULL,'2019-01-19 08:52:57','USR297110b:1665b8b5a7c:-7e6e','IMPALMA',1),('RUL-40c82b8d:1686409c53e:-7479','DRAFT','M499_90','marketrentalrate','compute-fee','MONTHLY RATE 499_90',NULL,60000,NULL,NULL,'2019-01-19 08:47:35','USR297110b:1665b8b5a7c:-7e6e','IMPALMA',1),('RUL-40c82b8d:1686409c53e:-75b1','DRAFT','M333_27','marketrentalrate','compute-fee','MONTHLY RATE 333_27',NULL,60000,NULL,NULL,'2019-01-19 08:45:59','USR297110b:1665b8b5a7c:-7e6e','IMPALMA',1),('RUL-40c82b8d:1686409c53e:-77a4','DRAFT','M315','marketrentalrate','compute-fee','MONTHLY RATE 315',NULL,60000,NULL,NULL,'2019-01-19 08:44:06','USR297110b:1665b8b5a7c:-7e6e','IMPALMA',1),('RUL-40c82b8d:1686409c53e:-79be','DRAFT','M487','marketrentalrate','compute-fee','MONTHLY RATE 487',NULL,60000,NULL,NULL,'2019-01-19 08:41:31','USR297110b:1665b8b5a7c:-7e6e','IMPALMA',1),('RUL-43452d36:1660a2ea19c:-5fc7','DRAFT','DAILY_RATE_FOR_MEAT_FISH_VEGETABLES_FRUIT_M1971_04','marketrentalrate','compute-fee','DAILY_RATE_FOR_MEAT_FISH_VEGETABLES_FRUIT_M1971_04',NULL,60000,NULL,NULL,'2018-09-24 10:26:33','USR-ADMIN','ADMIN',1),('RUL-43452d36:1660a2ea19c:-608f','DRAFT','DAILY_RATE_FOR_MEAT_FISH_VEGETABLES_FRUIT_M1951_80','marketrentalrate','compute-fee','DAILY_RATE_FOR_MEAT_FISH_VEGETABLES_FRUIT_M1951_80',NULL,60000,NULL,NULL,'2018-09-24 10:21:41','USR-ADMIN','ADMIN',1),('RUL-43452d36:1660a2ea19c:-6152','DRAFT','DAILY_RATE_FOR_MEAT_FISH_VEGETABLES_FRUIT_M1928_20','marketrentalrate','compute-fee','DAILY_RATE_FOR_MEAT_FISH_VEGETABLES_FRUIT_M1928_20',NULL,60000,NULL,NULL,'2018-09-24 10:20:18','USR-ADMIN','ADMIN',1),('RUL-43452d36:1660a2ea19c:-6223','DRAFT','DAILY_RATE_FOR_MEAT_FISH_VEGETABLES_FRUIT_M1916_30','marketrentalrate','compute-fee','DAILY_RATE_FOR_MEAT_FISH_VEGETABLES_FRUIT_M1916_30',NULL,60000,NULL,NULL,'2018-09-24 10:17:39','USR-ADMIN','ADMIN',1),('RUL-43452d36:1660a2ea19c:-62d4','DRAFT','DAILY_RATE_FOR_MEAT_FISH_VEGETABLES_FRUIT_M1904_40','marketrentalrate','compute-fee','DAILY_RATE_FOR_MEAT_FISH_VEGETABLES_FRUIT_M1904_40',NULL,60000,NULL,NULL,'2018-09-24 10:14:53','USR-ADMIN','ADMIN',1),('RUL-43452d36:1660a2ea19c:-6380','DRAFT','DAILY_RATE_FOR_MEAT_FISH_VEGETABLES_FRUIT_M1886','marketrentalrate','compute-fee','DAILY_RATE_FOR_MEAT_FISH_VEGETABLES_FRUIT_M1886',NULL,60000,NULL,NULL,'2018-09-24 10:13:24','USR-ADMIN','ADMIN',1),('RUL-43452d36:1660a2ea19c:-6448','DRAFT','DAILY_RATE_FOR_MEAT_FISH_VEGETABLES_FRUIT_M1861_50','marketrentalrate','compute-fee','DAILY_RATE_FOR_MEAT_FISH_VEGETABLES_FRUIT_M1861_50',NULL,60000,NULL,NULL,'2018-09-24 10:12:01','USR-ADMIN','ADMIN',1),('RUL-43452d36:1660a2ea19c:-64ea','DRAFT','DAILY_RATE_FOR_MEAT_FISH_VEGETABLES_FRUIT_M1849_45','marketrentalrate','compute-fee','DAILY_RATE_FOR_MEAT_FISH_VEGETABLES_FRUIT_M1849_45',NULL,60000,NULL,NULL,'2018-09-24 10:10:44','USR-ADMIN','ADMIN',1),('RUL-43452d36:1660a2ea19c:-658c','DRAFT','DAILY_RATE_FOR_MEAT_FISH_VEGETABLES_FRUIT_M1806_76','marketrentalrate','compute-fee','DAILY_RATE_FOR_MEAT_FISH_VEGETABLES_FRUIT_M1806_76',NULL,60000,NULL,NULL,'2018-09-24 10:09:15','USR-ADMIN','ADMIN',1),('RUL-43452d36:1660a2ea19c:-664a','DRAFT','DAILY_RATE_FOR_MEAT_FISH_VEGETABLES_FRUIT_M1774_85','marketrentalrate','compute-fee','DAILY_RATE_FOR_MEAT_FISH_VEGETABLES_FRUIT_M1774_85',NULL,60000,NULL,NULL,'2018-09-24 10:07:16','USR-ADMIN','ADMIN',1),('RUL-43452d36:1660a2ea19c:-66f1','DRAFT','DAILY_RATE_FOR_MEAT_FISH_VEGETABLES_FRUIT_M1701','marketrentalrate','compute-fee','DAILY_RATE_FOR_MEAT_FISH_VEGETABLES_FRUIT_M1701',NULL,60000,NULL,NULL,'2018-09-24 10:05:55','USR-ADMIN','ADMIN',1),('RUL-43452d36:1660a2ea19c:-67b9','DRAFT','DAILY_RATE_FOR_MEAT_FISH_VEGETABLES_FRUIT_M1676_10','marketrentalrate','compute-fee','DAILY_RATE_FOR_MEAT_FISH_VEGETABLES_FRUIT_M1676_10',NULL,60000,NULL,NULL,'2018-09-24 10:04:25','USR-ADMIN','ADMIN',1),('RUL-43452d36:1660a2ea19c:-6890','DRAFT','DAILY_RATE_FOR_MEAT_FISH_VEGETABLES_FRUIT_M1642_50','marketrentalrate','compute-fee','DAILY_RATE_FOR_MEAT_FISH_VEGETABLES_FRUIT_M1642_50',NULL,60000,NULL,NULL,'2018-09-24 10:03:07','USR-ADMIN','ADMIN',1),('RUL-43452d36:1660a2ea19c:-6958','DRAFT','DAILY_RATE_FOR_MEAT_FISH_VEGETABLES_FRUIT_M1608_25','marketrentalrate','compute-fee','DAILY_RATE_FOR_MEAT_FISH_VEGETABLES_FRUIT_M1608_25',NULL,60000,NULL,NULL,'2018-09-24 10:01:55','USR-ADMIN','ADMIN',1),('RUL-43452d36:1660a2ea19c:-69fa','DRAFT','DAILY_RATE_FOR_MEAT_FISH_VEGETABLES_FRUIT_M1586_54','marketrentalrate','compute-fee','DAILY_RATE_FOR_MEAT_FISH_VEGETABLES_FRUIT_M1586_54',NULL,60000,NULL,NULL,'2018-09-24 09:54:03','USR-ADMIN','ADMIN',1),('RUL-43452d36:1660a2ea19c:-6af6','DRAFT','DAILY_RATE_FOR_MEAT_FISH_VEGETABLES_FRUIT_M1569_50','marketrentalrate','compute-fee','DAILY_RATE_FOR_MEAT_FISH_VEGETABLES_FRUIT_M1569_50',NULL,60000,NULL,NULL,'2018-09-24 08:53:06','USR-ADMIN','ADMIN',1),('RUL-43452d36:1660a2ea19c:-6b8e','DRAFT','DAILY_RATE_FOR_MEAT_FISH_VEGETABLES_FRUIT_M1539_85','marketrentalrate','compute-fee','DAILY_RATE_FOR_MEAT_FISH_VEGETABLES_FRUIT_M1539_85',NULL,60000,NULL,NULL,'2018-09-24 08:52:03','USR-ADMIN','ADMIN',1),('RUL-43452d36:1660a2ea19c:-6c5b','DRAFT','DAILY_RATE_FOR_MEAT_FISH_VEGETABLES_FRUIT_M1521_55','marketrentalrate','compute-fee','DAILY_RATE_FOR_MEAT_FISH_VEGETABLES_FRUIT_M1521_55',NULL,60000,NULL,NULL,'2018-09-24 08:18:16','USR-ADMIN','ADMIN',1),('RUL-43452d36:1660a2ea19c:-6d05','DRAFT','DAILY_RATE_FOR_MEAT_FISH_VEGETABLES_FRUIT_M1505_60','marketrentalrate','compute-fee','DAILY_RATE_FOR_MEAT_FISH_VEGETABLES_FRUIT_M1505_60',NULL,60000,NULL,NULL,'2018-09-24 08:16:48','USR-ADMIN','ADMIN',1),('RUL-43452d36:1660a2ea19c:-6dc3','DRAFT','DAILY_RATE_FOR_MEAT_FISH_VEGETABLES_FRUIT_M1458','marketrentalrate','compute-fee','DAILY_RATE_FOR_MEAT_FISH_VEGETABLES_FRUIT_M1458',NULL,60000,NULL,NULL,'2018-09-24 08:15:42','USR-ADMIN','ADMIN',1),('RUL-43452d36:1660a2ea19c:-6e90','DRAFT','DAILY_RATE_FOR_MEAT_FISH_VEGETABLES_FRUIT_M1434_20','marketrentalrate','compute-fee','DAILY_RATE_FOR_MEAT_FISH_VEGETABLES_FRUIT_M1434_20',NULL,60000,NULL,NULL,'2018-09-24 07:57:16','USR-ADMIN','ADMIN',1),('RUL-43452d36:1660a2ea19c:-6f37','DRAFT','DAILY_RATE_FOR_MEAT_FISH_VEGETABLES_FRUIT_M1416_62','marketrentalrate','compute-fee','DAILY_RATE_FOR_MEAT_FISH_VEGETABLES_FRUIT_M1416_62',NULL,60000,NULL,NULL,'2018-09-24 07:56:04','USR-ADMIN','ADMIN',1),('RUL-43452d36:1660a2ea19c:-7044','DRAFT','DAILY_RATE_FOR_MEAT_FISH_VEGETABLES_FRUIT_M1360_35','marketrentalrate','compute-fee','DAILY_RATE_FOR_MEAT_FISH_VEGETABLES_FRUIT_M1360_35',NULL,60000,NULL,NULL,'2018-09-24 06:45:56','USR-ADMIN','ADMIN',1),('RUL-43452d36:1660a2ea19c:-7129','DRAFT','DAILY_RATE_FOR_MEAT_FISH_VEGETABLES_FRUIT_M1360_10','marketrentalrate','compute-fee','DAILY_RATE_FOR_MEAT_FISH_VEGETABLES_FRUIT_M1360_10',NULL,60000,NULL,NULL,'2018-09-24 06:37:55','USR-ADMIN','ADMIN',1),('RUL-43452d36:1660a2ea19c:-7200','DRAFT','DAILY_RATE_FOR_MEAT_FISH_VEGETABLES_FRUIT_M1359_95','marketrentalrate','compute-fee','DAILY_RATE_FOR_MEAT_FISH_VEGETABLES_FRUIT_M1359_95',NULL,60000,NULL,NULL,'2018-09-24 06:36:42','USR-ADMIN','ADMIN',1),('RUL-43452d36:1660a2ea19c:-730c','DRAFT','DAILY_RATE_FOR_MEAT_FISH_VEGETABLES_FRUIT_M1354_98','marketrentalrate','compute-fee','DAILY_RATE_FOR_MEAT_FISH_VEGETABLES_FRUIT_M1354_98',NULL,60000,NULL,NULL,'2018-09-24 06:35:15','USR-ADMIN','ADMIN',1),('RUL-43452d36:1660a2ea19c:-7406','DRAFT','DAILY_RATE_FOR_MEAT_FISH_VEGETABLES_FRUIT_M1303_35','marketrentalrate','compute-fee','DAILY_RATE_FOR_MEAT_FISH_VEGETABLES_FRUIT_M1303_35',NULL,60000,NULL,NULL,'2018-09-24 06:31:19','USR-ADMIN','ADMIN',1),('RUL-43452d36:1660a2ea19c:-749b','DRAFT','DAILY_RATE_FOR_MEAT_FISH_VEGETABLES_FRUIT_M1302_65','marketrentalrate','compute-fee','DAILY_RATE_FOR_MEAT_FISH_VEGETABLES_FRUIT_M1302_65',NULL,60000,NULL,NULL,'2018-09-24 06:25:37','USR-ADMIN','ADMIN',1),('RUL-43452d36:1660a2ea19c:-7568','DRAFT','DAILY_RATE_FOR_MEAT_FISH_VEGETABLES_FRUIT_M1246_60','marketrentalrate','compute-fee','DAILY_RATE_FOR_MEAT_FISH_VEGETABLES_FRUIT_M1246_60',NULL,60000,NULL,NULL,'2018-09-24 06:24:24','USR-ADMIN','ADMIN',1),('RUL-43452d36:1660a2ea19c:-7701','DRAFT','DAILY_RATE_FOR_MEAT_FISH_VEGETABLES_FRUIT_M1231_90','marketrentalrate','compute-fee','DAILY_RATE_FOR_MEAT_FISH_VEGETABLES_FRUIT_M1231_90',NULL,60000,NULL,NULL,'2018-09-24 06:20:32','USR-ADMIN','ADMIN',1),('RUL-43452d36:1660a2ea19c:-77a8','DRAFT','DAILY_RATE_FOR_MEAT_FISH_VEGETABLES_FRUIT_M1181_74','marketrentalrate','compute-fee','DAILY_RATE_FOR_MEAT_FISH_VEGETABLES_FRUIT_M1181_74',NULL,60000,NULL,NULL,'2018-09-24 06:16:49','USR-ADMIN','ADMIN',1),('RUL-43452d36:1660a2ea19c:-7a29','DRAFT','DAILY_RATE_FOR_MEAT_FISH_VEGETABLES_FRUIT_M1178_45','marketrentalrate','compute-fee','DAILY_RATE_FOR_MEAT_FISH_VEGETABLES_FRUIT_M1178_45',NULL,60000,NULL,NULL,'2018-09-24 06:14:11','USR-ADMIN','ADMIN',1),('RUL-43452d36:1660a2ea19c:-7acb','DRAFT','DAILY_RATE_FOR_MEAT_FISH_VEGETABLES_FRUIT_M1149_75','marketrentalrate','compute-fee','DAILY_RATE_FOR_MEAT_FISH_VEGETABLES_FRUIT_M1149_75',NULL,60000,NULL,NULL,'2018-09-24 06:13:12','USR-ADMIN','ADMIN',1),('RUL-43452d36:1660a2ea19c:-7b72','DRAFT','DAILY_RATE_FOR_MEAT_FISH_VEGETABLES_FRUIT_M1095','marketrentalrate','compute-fee','DAILY_RATE_FOR_MEAT_FISH_VEGETABLES_FRUIT_M1095',NULL,60000,NULL,NULL,'2018-09-24 06:12:11','USR-ADMIN','ADMIN',1),('RUL-43452d36:1660a2ea19c:-7c44','DRAFT','DAILY_RATE_FOR_MEAT_FISH_VEGETABLES_FRUIT_M1083_90','marketrentalrate','compute-fee','DAILY_RATE_FOR_MEAT_FISH_VEGETABLES_FRUIT_M1083_90',NULL,60000,NULL,NULL,'2018-09-24 06:10:31','USR-ADMIN','ADMIN',1),('RUL-43452d36:1660a2ea19c:-7d75','DRAFT','DAILY_RATE_FOR_MEAT_FISH_VEGETABLES_FRUIT_M1013','marketrentalrate','compute-fee','DAILY_RATE_FOR_MEAT_FISH_VEGETABLES_FRUIT_M1013',NULL,60000,NULL,NULL,'2018-09-24 06:03:23','USR-ADMIN','ADMIN',1),('RUL-43452d36:1660a2ea19c:-7e19','DRAFT','DAILY_RATE_FOR_MEAT_FISH_VEGETABLES_FRUIT_M1001_85','marketrentalrate','compute-fee','DAILY_RATE_FOR_MEAT_FISH_VEGETABLES_FRUIT_M1001_85',NULL,60000,NULL,NULL,'2018-09-24 06:02:03','USR-ADMIN','ADMIN',1),('RUL-43556c05:16d8b772b96:-7a2f','DRAFT','MAP_WATER_ACCOUNT','marketbilling','account-mapping','MAP WATER ACCOUNT',NULL,50000,NULL,NULL,'2019-10-02 15:59:38','USR-6bf98eba:1254696a2c9:-7ff6','ADMIN',1),('RUL-43556c05:16d8b772b96:-7e06','DRAFT','MAP_ELECTRICITY_ACCOUNT','marketbilling','account-mapping','MAP ELECTRICITY ACCOUNT',NULL,50000,NULL,NULL,'2019-10-02 15:55:57','USR-6bf98eba:1254696a2c9:-7ff6','ADMIN',1),('RUL-437daf78:168836022ff:-6310','DRAFT','M562_50','marketrentalrate','compute-fee','MONTHLY RATE 562.50',NULL,60000,NULL,NULL,'2019-01-25 05:45:21','USR-ADMIN','ADMIN',1),('RUL-44f5e71c:1685f4e4fc1:-74d1','DRAFT','M3665_15','marketrentalrate','compute-fee','MONTHLY RATE 3665_15',NULL,60000,NULL,NULL,'2019-01-18 06:33:40','USR297110b:1665b8b5a7c:-7e6e','IMPALMA',1),('RUL-44f5e71c:1685f4e4fc1:-78eb','DRAFT','M2594_70','marketrentalrate','compute-fee','MONTHLY RATE 2594_70',NULL,60000,NULL,NULL,'2019-01-18 06:23:58','USR297110b:1665b8b5a7c:-7e6e','IMPALMA',1),('RUL-4d94d562:168117759ed:-7850','DRAFT','D15','marketrentalrate','compute-fee','DAILY RATE 15',NULL,60000,NULL,NULL,'2019-01-03 02:31:39','USR-ADMIN','ADMIN',1),('RUL-4d94d562:168117759ed:-79b2','DRAFT','D30','marketrentalrate','compute-fee','DAILY RATE 30',NULL,60000,NULL,NULL,'2019-01-03 02:26:47','USR-ADMIN','ADMIN',1),('RUL-4d94d562:168117759ed:-7b78','DRAFT','D10','marketrentalrate','compute-fee','DAILY RATE 10',NULL,60000,NULL,NULL,'2019-01-03 02:19:12','USR-ADMIN','ADMIN',1),('RUL-4eede569:1689cfdb5e4:-7a1e','DRAFT','D40','marketrentalrate','compute-fee','D40',NULL,60000,NULL,NULL,'2019-01-30 05:30:31','USR297110b:1665b8b5a7c:-7e6e','IMPALMA',1),('RUL-5123dd8c:168115eb643:-6abb','DRAFT','D16','marketrentalrate','compute-fee','D16',NULL,60000,NULL,NULL,'2019-01-03 04:10:47','USR297110b:1665b8b5a7c:-7e6e','IMPALMA',1),('RUL-5123dd8c:168115eb643:-6b9a','DRAFT','D22_70','marketrentalrate','compute-fee','D22_70',NULL,60000,NULL,NULL,'2019-01-03 04:09:05','USR297110b:1665b8b5a7c:-7e6e','IMPALMA',1),('RUL-5123dd8c:168115eb643:-6c5e','DRAFT','D23_50','marketrentalrate','compute-fee','D23_50',NULL,60000,NULL,NULL,'2019-01-03 04:07:11','USR297110b:1665b8b5a7c:-7e6e','IMPALMA',1),('RUL-5123dd8c:168115eb643:-6d1f','DRAFT','D28','marketrentalrate','compute-fee','D28',NULL,60000,NULL,NULL,'2019-01-03 04:05:11','USR297110b:1665b8b5a7c:-7e6e','IMPALMA',1),('RUL-5123dd8c:168115eb643:-6f3e','DRAFT','D20','marketrentalrate','compute-fee','D20',NULL,60000,NULL,NULL,'2019-01-03 04:02:27','USR297110b:1665b8b5a7c:-7e6e','IMPALMA',1),('RUL-5123dd8c:168115eb643:-700a','DRAFT','D19_30','marketrentalrate','compute-fee','D19_30',NULL,60000,NULL,NULL,'2019-01-03 03:47:51','USR297110b:1665b8b5a7c:-7e6e','IMPALMA',1),('RUL-5123dd8c:168115eb643:-70d5','DRAFT','D15_10','marketrentalrate','compute-fee','D15_10',NULL,60000,NULL,NULL,'2019-01-03 03:46:13','USR297110b:1665b8b5a7c:-7e6e','IMPALMA',1),('RUL-5123dd8c:168115eb643:-7199','DRAFT','D17_65','marketrentalrate','compute-fee','D17_65',NULL,60000,NULL,NULL,'2019-01-03 03:41:19','USR297110b:1665b8b5a7c:-7e6e','IMPALMA',1),('RUL-5123dd8c:168115eb643:-7298','DRAFT','D10_10','marketrentalrate','compute-fee','D10_10',NULL,60000,NULL,NULL,'2019-01-03 03:38:13','USR297110b:1665b8b5a7c:-7e6e','IMPALMA',1),('RUL-5123dd8c:168115eb643:-735d','DRAFT','M2300','marketrentalrate','compute-fee','M2300',NULL,60000,NULL,NULL,'2019-01-03 03:31:01','USR297110b:1665b8b5a7c:-7e6e','IMPALMA',1),('RUL-5123dd8c:168115eb643:-741a','DRAFT','D33_75','marketrentalrate','compute-fee','D33_75',NULL,60000,NULL,NULL,'2019-01-03 03:28:47','USR297110b:1665b8b5a7c:-7e6e','IMPALMA',1),('RUL-5123dd8c:168115eb643:-74f8','DRAFT','M1332','marketrentalrate','compute-fee','M1332',NULL,60000,NULL,NULL,'2019-01-03 03:26:07','USR297110b:1665b8b5a7c:-7e6e','IMPALMA',1),('RUL-5123dd8c:168115eb643:-765d','DRAFT','D27_60','marketrentalrate','compute-fee','D27_60',NULL,60000,NULL,NULL,'2019-01-03 03:23:16','USR297110b:1665b8b5a7c:-7e6e','IMPALMA',1),('RUL-5123dd8c:168115eb643:-7730','DRAFT','D31_75','marketrentalrate','compute-fee','D31_75',NULL,60000,NULL,NULL,'2019-01-03 03:16:05','USR297110b:1665b8b5a7c:-7e6e','IMPALMA',1),('RUL-5123dd8c:168115eb643:-77a4','DRAFT','M230','marketrentalrate','compute-fee','M230',NULL,60000,NULL,NULL,'2019-01-03 03:10:28','USR297110b:1665b8b5a7c:-7e6e','IMPALMA',1),('RUL-569443be:16892554e50:-74a9','DRAFT','M5667_25','marketrentalrate','compute-fee','M5667_25',NULL,60000,NULL,NULL,'2019-01-28 06:22:52','USR297110b:1665b8b5a7c:-7e6e','IMPALMA',1),('RUL-6363f4cb:16d894d3001:-7c32','DRAFT','COMPUTE_ELECTRICITY_RATE','marketutility','compute','COMPUTE ELECTRICITY RATE',NULL,50000,NULL,NULL,'2019-10-02 05:55:18','USR-6bf98eba:1254696a2c9:-7ff6','ADMIN',1),('RUL-6ab52532:166c2b60168:-7ddf','DRAFT','D122_D128_10','marketrentalrate','compute-fee','DAILY RATE 122 til September 2018 and 128.10 starting October 2018',NULL,60000,NULL,NULL,'2018-10-30 02:02:08','USR-ADMIN','ADMIN',1),('RUL-6c37a205:1662864a46d:-48fd','DRAFT','M_RATE_FOR_MEAT_FISH_VEGETABLES_FRUIT_M1098_80','marketrentalrate','compute-fee','M_RATE_FOR_MEAT_FISH_VEGETABLES_FRUIT_M1098_80',NULL,60000,NULL,NULL,'2018-09-30 04:00:54','USR-ADMIN','ADMIN',1),('RUL-6c37a205:1662864a46d:-6bd4','DRAFT','M_RATE_FOR_MEAT_FISH_VEGETABLES_FRUIT_M1095_20','marketrentalrate','compute-fee','M_RATE_FOR_MEAT_FISH_VEGETABLES_FRUIT_M1095_20',NULL,60000,NULL,NULL,'2018-09-30 03:19:17','USR-ADMIN','ADMIN',1),('RUL-6c37a205:1662864a46d:13be','DRAFT','DAILY_RATE_FOR_MEAT_FISH_VEGETABLES_FRUIT_M769_15','marketrentalrate','compute-fee','DAILY_RATE_FOR_MEAT_FISH_VEGETABLES_FRUIT_M769.15',NULL,60000,NULL,NULL,'2018-09-30 06:02:05','USR-ADMIN','ADMIN',1),('RUL-6c37a205:1662864a46d:2741','DRAFT','D122','marketrentalrate','compute-fee','DAILY RATE 122',NULL,60000,NULL,NULL,'2018-09-30 06:18:05','USR-ADMIN','ADMIN',1),('RUL-6c37a205:1662864a46d:2804','DRAFT','M1094_80','marketrentalrate','compute-fee','MONTHLY RATE 1094.80',NULL,60000,NULL,NULL,'2018-09-30 06:19:49','USR-ADMIN','ADMIN',1),('RUL-6c37a205:1662864a46d:2dd8','DRAFT','D128_10','marketrentalrate','compute-fee','DAILY RATE 128.10',NULL,60000,NULL,NULL,'2018-09-30 06:24:33','USR-ADMIN','ADMIN',1),('RUL-6c37a205:1662864a46d:5155','DRAFT','M923_95','marketrentalrate','compute-fee','MONTHLY RATE 923.95',NULL,60000,NULL,NULL,'2018-09-30 06:48:02','USR-ADMIN','ADMIN',1),('RUL-6c37a205:1662864a46d:6637','DRAFT','M923_73','marketrentalrate','compute-fee','MONTHLY RATE 923.73',NULL,60000,NULL,NULL,'2018-09-30 07:06:00','USR-ADMIN','ADMIN',1),('RUL-6d01e8c4:16873f49c59:-7980','DRAFT','M2000','marketrentalrate','compute-fee','MONTHLY RATE 2000',NULL,60000,NULL,NULL,'2019-01-22 06:43:32','USR297110b:1665b8b5a7c:-7e6e','IMPALMA',1),('RUL-71332b50:1606d366167:-7bd8','DRAFT','DAILY_RATE_FOR_MEAT_FISH_VEGETABLES_FRUIT','marketrentalrate','compute-fee','DAILY_RATE_FOR_MEAT_FISH_VEGETABLES_FRUIT',NULL,50000,NULL,NULL,'2017-12-19 05:36:23','USR-ADMIN','ADMIN',1),('RUL-768d8b6f:1684b3bfb47:-7a5f','DRAFT','D25','marketrentalrate','compute-fee','DAILY RATE 25',NULL,60000,NULL,NULL,'2019-01-14 07:34:52','USR-ADMIN','ADMIN',1),('RUL-7726e459:16d7fbda956:-7b73','DRAFT','SET_DAILY_DUE_DATE','marketbilling','apply-due-dates','DAILY DUE DATE IS THE CURRENT DAY - 1',NULL,50000,NULL,NULL,'2019-09-30 11:16:59','USR-6bf98eba:1254696a2c9:-7ff6','ADMIN',1),('RUL-77782c19:1663877d29b:-7694','DRAFT','D30_25','marketrentalrate','compute-fee','DAILY RATE 30.25',NULL,60000,NULL,NULL,'2018-10-03 05:34:50','USR-4697ae05:16415f3aeaa:-7e70','LMDEPAZ',1),('RUL-77a8ccdb:1669f52bdd2:-7451','DRAFT','D35_10_2012_2018','marketrentalrate','compute-fee','DAILY RATE 35.10',NULL,60000,NULL,NULL,'2018-10-23 06:38:29','USR-ADMIN','ADMIN',1),('RUL-79e754f6:16859c6ae0f:-789a','DRAFT','M2400','marketrentalrate','compute-fee','MONTHLY RATE 2400',NULL,60000,NULL,NULL,'2019-01-17 03:02:46','USR297110b:1665b8b5a7c:-7e6e','IMPALMA',1),('RUL-7bec29ea:16b698f187f:-7d0f','DRAFT','M1800','marketrentalrate','compute-fee','MONTHLY RATE 1800.00',NULL,60000,NULL,NULL,'2019-06-18 07:56:35','USR297110b:1665b8b5a7c:-7e6e','IMPALMA',1),('RUL-7bec29ea:16b698f187f:-7d73','DRAFT','M1625','marketrentalrate','compute-fee','MONTHLY RATE 1625.00',NULL,60000,NULL,NULL,'2019-06-18 07:54:10','USR297110b:1665b8b5a7c:-7e6e','IMPALMA',1),('RUL-7bec29ea:16b698f187f:-7e42','DRAFT','M1650','marketrentalrate','compute-fee','MONTHLY RATE 1650.00',NULL,60000,NULL,NULL,'2019-06-18 07:51:53','USR297110b:1665b8b5a7c:-7e6e','IMPALMA',1),('RUL-7e3b185e:16609ed6c3c:-6a79','DRAFT','DAILY_RATE_FOR_MEAT_FISH_VEGETABLES_FRUIT_D36_30','marketrentalrate','compute-fee','DAILY_RATE_FOR_MEAT_FISH_VEGETABLES_FRUIT_D36_30',NULL,60000,NULL,NULL,'2018-09-24 05:59:44','USR-ADMIN','ADMIN',1),('RUL-7e3b185e:16609ed6c3c:-6ada','DRAFT','DAILY_RATE_FOR_MEAT_FISH_VEGETABLES_FRUIT_D90','marketrentalrate','compute-fee','DAILY_RATE_FOR_MEAT_FISH_VEGETABLES_FRUIT_D90',NULL,60000,NULL,NULL,'2018-09-24 05:59:15','USR-ADMIN','ADMIN',1),('RUL-7e3b185e:16609ed6c3c:-6b22','DRAFT','DAILY_RATE_FOR_MEAT_FISH_VEGETABLES_FRUIT_D31_9','marketrentalrate','compute-fee','DAILY_RATE_FOR_MEAT_FISH_VEGETABLES_FRUIT_D31_9',NULL,60000,NULL,NULL,'2018-09-24 05:58:43','USR-ADMIN','ADMIN',1),('RUL-7ee17493:16d70d9d767:-78f7','DRAFT','ADD_MONTHLY_MARKET_BILL_ITEMS','marketbilling','build-rental-items','Add Market Monthly Bill Items for evaluation.',NULL,50000,NULL,NULL,'2019-09-27 13:12:43','USR-6bf98eba:1254696a2c9:-7ff6','ADMIN',1),('RUL-7f4806f6:1669e60c231:-49cc','DRAFT','M33952_80','marketrentalrate','compute-fee','MONTHLY RATE 33,952.80',NULL,60000,NULL,NULL,'2018-10-23 07:14:10','USR-4697ae05:16415f3aeaa:-7e70','LMDEPAZ',1),('RUL-d7b291d:16bb121e4ff:-7aaa','DRAFT','M637_5','marketrentalrate','compute-fee','M637_5',NULL,60000,NULL,NULL,'2019-07-02 05:24:29','USR297110b:1665b8b5a7c:-7e6e','IMPALMA',1),('RUL1227ea4c:16d71d1db9e:-7cd9','DRAFT','ADD_WEEKLY_MARKET_BILL_ITEMS','marketbilling','build-rental-items','Add Market Weekly Bill Items for evaluation.',NULL,50000,NULL,NULL,'2019-09-27 16:26:11','USR-6bf98eba:1254696a2c9:-7ff6','ADMIN',1),('RUL233ea0cd:1661a0bd15b:-7095','DRAFT','APPLY_PAYMENTT','marketbilling','apply-payment','APPLY PAYMENT',NULL,50000,NULL,NULL,'2018-09-27 08:21:09','USR-ADMIN','ADMIN',1),('RUL3278d89d:16685322455:-71cb','DRAFT','M1618_7','marketrentalrate','compute-fee','MONTHLY RATE 1618.70',NULL,60000,NULL,NULL,'2018-10-18 03:52:45','USR-ADMIN','ADMIN',1),('RUL3278d89d:16685322455:-76f1','DRAFT','M3270','marketrentalrate','compute-fee','MONTHLY RATE 3270',NULL,60000,NULL,NULL,'2018-10-18 03:39:11','USR-ADMIN','ADMIN',1),('RUL39c05dd7:168974807f2:-6f31','DRAFT','M22050','marketrentalrate','compute-fee','MONTHLY RATE 22,050.00',NULL,60000,NULL,NULL,'2019-01-29 03:23:31','USR-ADMIN','ADMIN',1),('RUL3b53e7d0:16d804aa097:-7877','DRAFT','APPLY_DAILY_SURCHARGE','marketbilling','surcharge','apply daily surcharge. Apply only where fromdate is less than the due date',NULL,50000,NULL,NULL,'2019-09-30 12:07:28','USR-6bf98eba:1254696a2c9:-7ff6','ADMIN',1),('RUL4244c18c:1669a2e04c1:-6974','DRAFT','M5000','marketrentalrate','compute-fee','MONTHLY RATE 5000',NULL,60000,NULL,NULL,'2018-10-22 05:29:17','USR-4697ae05:16415f3aeaa:-7e70','LMDEPAZ',1),('RUL4244c18c:1669a2e04c1:-7409','DRAFT','M7640_80','marketrentalrate','compute-fee','MONTHLY RATE 7640.80',NULL,60000,NULL,NULL,'2018-10-22 05:20:17','USR-4697ae05:16415f3aeaa:-7e70','LMDEPAZ',1),('RUL48f51a60:16811916880:-6c9a','DRAFT','M2500','marketrentalrate','compute-fee','MONTHLY RATE 2500',NULL,60000,NULL,NULL,'2019-01-03 03:24:53','USR-ADMIN','ADMIN',1),('RUL4a470e05:168827d7bdd:4d94','DRAFT','M1500','marketrentalrate','compute-fee','M1500',NULL,60000,NULL,NULL,'2019-01-25 07:36:18','USR297110b:1665b8b5a7c:-7e6e','IMPALMA',1),('RUL4eb2e53:16d86892506:-7ab8','DRAFT','COMPUTE_SCHEDULE_FOR_ELECTRICITY','marketutility','compute','COMPUTE SCHEDULE FOR ELECTRICITY',NULL,50000,NULL,NULL,'2019-10-01 17:22:13','USR-6bf98eba:1254696a2c9:-7ff6','ADMIN',1),('RUL52256006:16d8a85571d:-7d2a','DRAFT','COMPUTE_SCHEDULE_FOR_WATER','marketutility','compute','COMPUTE SCHEDULE FOR WATER',NULL,50000,NULL,NULL,'2019-10-02 11:35:33','USR-6bf98eba:1254696a2c9:-7ff6','ADMIN',1),('RUL52256006:16d8a85571d:-7d52','DRAFT','COMPUTE_WATER_RATE','marketutility','compute','COMPUTE WATER RATE',NULL,50000,NULL,NULL,'2019-10-02 11:35:19','USR-6bf98eba:1254696a2c9:-7ff6','ADMIN',1),('RUL5f62b56:1663787d1f9:-69e8','DRAFT','M1089','marketrentalrate','compute-fee','MONTHLY RATE 1,089',NULL,60000,NULL,NULL,'2018-10-03 01:31:46','USR-ADMIN','ADMIN',1),('RUL62b2bbe9:169320c31a6:-72b6','DRAFT','M3000','marketrentalrate','compute-fee','MONTHLY RATE 3000',NULL,60000,NULL,NULL,'2019-02-28 07:50:13','USR297110b:1665b8b5a7c:-7e6e','IMPALMA',1),('RUL65986c62:16b8733cd59:-7198','DRAFT','M1562_50','marketrentalrate','compute-fee','M1562_50',NULL,60000,NULL,NULL,'2019-06-24 08:14:48','USR297110b:1665b8b5a7c:-7e6e','IMPALMA',1),('RUL65986c62:16b8733cd59:-724b','DRAFT','M712_50','marketrentalrate','compute-fee','M712_50',NULL,60000,NULL,NULL,'2019-06-24 08:12:34','USR297110b:1665b8b5a7c:-7e6e','IMPALMA',1),('RUL65986c62:16b8733cd59:-7302','DRAFT','M937_50','marketrentalrate','compute-fee','M937_50',NULL,60000,NULL,NULL,'2019-06-24 08:10:40','USR297110b:1665b8b5a7c:-7e6e','IMPALMA',1),('RUL65986c62:16b8733cd59:-740a','DRAFT','M787_50','marketrentalrate','compute-fee','M787_50',NULL,60000,NULL,NULL,'2019-06-24 08:05:42','USR297110b:1665b8b5a7c:-7e6e','IMPALMA',1),('RUL65986c62:16b8733cd59:-76e1','DRAFT','M1087_50','marketrentalrate','compute-fee','M1087_50',NULL,60000,NULL,NULL,'2019-06-24 08:02:27','USR297110b:1665b8b5a7c:-7e6e','IMPALMA',1),('RUL65986c62:16b8733cd59:-77c4','DRAFT','M2137_50','marketrentalrate','compute-fee','M2137_50',NULL,60000,NULL,NULL,'2019-06-24 07:59:44','USR297110b:1665b8b5a7c:-7e6e','IMPALMA',1),('RUL7daf902e:16d960d7fa6:-7afd','DRAFT','MARKET_OTHER_FEE_PARTICULARS','marketbilling','summary','MARKET  OTHER FEE  PARTICULARS',NULL,50000,NULL,NULL,'2019-10-04 17:20:33','USR-ADMIN','ADMIN',1),('RUL7f18462:16d8aafc019:-7a9d','DRAFT','MARKET_UTILITY_PARTICULARS','marketbilling','summary','MARKET UTILITY PARTICULARS',NULL,50000,NULL,NULL,'2019-10-02 13:41:28','USR-6bf98eba:1254696a2c9:-7ff6','ADMIN',1),('RULb36ce9e:16d713f33e7:-7415','DRAFT','SET_MARKET_RENTAL_BILLITEM_AMOUNT','marketbilling','apply-rental-rates','SET_MARKET_RENTAL_BILLITEM_AMOUNT',NULL,50000,NULL,NULL,'2019-09-27 14:42:25','USR-6bf98eba:1254696a2c9:-7ff6','ADMIN',1);
/*!40000 ALTER TABLE `sys_rule` ENABLE KEYS */;
UNLOCK TABLES;

--
-- Table structure for table `sys_rule_action`
--

DROP TABLE IF EXISTS `sys_rule_action`;
/*!40101 SET @saved_cs_client     = @@character_set_client */;
/*!40101 SET character_set_client = utf8 */;
CREATE TABLE `sys_rule_action` (
  `objid` varchar(255) NOT NULL,
  `parentid` varchar(50) DEFAULT NULL,
  `actiondef_objid` varchar(50) DEFAULT NULL,
  `actiondef_name` varchar(50) DEFAULT NULL,
  `pos` int(11) DEFAULT NULL,
  PRIMARY KEY (`objid`),
  KEY `ix_parentid` (`parentid`),
  KEY `ix_actiondef_objid` (`actiondef_objid`),
  CONSTRAINT `sys_rule_action_ibfk_1` FOREIGN KEY (`parentid`) REFERENCES `sys_rule` (`objid`)
) ENGINE=InnoDB DEFAULT CHARSET=utf8;
/*!40101 SET character_set_client = @saved_cs_client */;

--
-- Dumping data for table `sys_rule_action`
--

LOCK TABLES `sys_rule_action` WRITE;
/*!40000 ALTER TABLE `sys_rule_action` DISABLE KEYS */;
INSERT INTO `sys_rule_action` VALUES ('RA-1a4c7581:16932dbf4d3:-6019','RUL62b2bbe9:169320c31a6:-72b6','market.actions.AddMarketRentalRate','add-market-rental-rates',0),('RA-26773b0f:16b688b1d33:-1715','RUL-7bec29ea:16b698f187f:-7d0f','market.actions.AddMarketRentalRate','add-market-rental-rates',0),('RA-26773b0f:16b688b1d33:-17a3','RUL-7bec29ea:16b698f187f:-7d73','market.actions.AddMarketRentalRate','add-market-rental-rates',0),('RA-26773b0f:16b688b1d33:-1880','RUL-7bec29ea:16b698f187f:-7e42','market.actions.AddMarketRentalRate','add-market-rental-rates',0),('RA-26773b0f:16b7dd9cbb6:7aa4','RUL65986c62:16b8733cd59:-77c4','market.actions.AddMarketRentalRate','add-market-rental-rates',0),('RA-26773b0f:16b7dd9cbb6:7b9c','RUL65986c62:16b8733cd59:-76e1','market.actions.AddMarketRentalRate','add-market-rental-rates',0),('RA-26773b0f:16b7dd9cbb6:7c93','RUL65986c62:16b8733cd59:-740a','market.actions.AddMarketRentalRate','add-market-rental-rates',0),('RA-26773b0f:16b7dd9cbb6:7e37','RUL65986c62:16b8733cd59:-7302','market.actions.AddMarketRentalRate','add-market-rental-rates',0),('RA-26773b0f:16b7dd9cbb6:7ed0','RUL65986c62:16b8733cd59:-724b','market.actions.AddMarketRentalRate','add-market-rental-rates',0),('RA-26773b0f:16b7dd9cbb6:7f7a','RUL65986c62:16b8733cd59:-7198','market.actions.AddMarketRentalRate','add-market-rental-rates',0),('RA-26773b0f:16ba325a2c4:6fdf','RUL-d7b291d:16bb121e4ff:-7aaa','market.actions.AddMarketRentalRate','add-market-rental-rates',0),('RA-2cacdd7e:1684b422b57:-7b26','RUL-768d8b6f:1684b3bfb47:-7a5f','market.actions.AddMarketRentalRate','add-market-rental-rates',0),('RA-2cacdd7e:1685928da91:-158a','RUL-79e754f6:16859c6ae0f:-789a','market.actions.AddMarketRentalRate','add-market-rental-rates',0),('RA-2cacdd7e:1685eb0f21f:2e16','RUL-44f5e71c:1685f4e4fc1:-78eb','market.actions.AddMarketRentalRate','add-market-rental-rates',0),('RA-2cacdd7e:1685eb0f21f:331c','RUL-44f5e71c:1685f4e4fc1:-74d1','market.actions.AddMarketRentalRate','add-market-rental-rates',0),('RA-3f8b0300:16d95af5541:-7e95','RUL7daf902e:16d960d7fa6:-7afd','treasury.actions.SetBillItemProperty','set-billitem-property',0),('RA-45bd4062:16606219ef4:1047','RUL-43452d36:1660a2ea19c:-7406','market.actions.AddMarketRentalRate','add-market-rental-rates',0),('RA-45bd4062:16606219ef4:1336','RUL-43452d36:1660a2ea19c:-730c','market.actions.AddMarketRentalRate','add-market-rental-rates',0),('RA-45bd4062:16606219ef4:140d','RUL-43452d36:1660a2ea19c:-7200','market.actions.AddMarketRentalRate','add-market-rental-rates',0),('RA-45bd4062:16606219ef4:1506','RUL-43452d36:1660a2ea19c:-7129','market.actions.AddMarketRentalRate','add-market-rental-rates',0),('RA-45bd4062:16606219ef4:1887','RUL-43452d36:1660a2ea19c:-7044','market.actions.AddMarketRentalRate','add-market-rental-rates',0),('RA-45bd4062:16606219ef4:2e7','RUL-7e3b185e:16609ed6c3c:-6b22','market.actions.AddMarketRentalRate','add-market-rental-rates',0),('RA-45bd4062:16606219ef4:338','RUL-7e3b185e:16609ed6c3c:-6ada','market.actions.AddMarketRentalRate','add-market-rental-rates',0),('RA-45bd4062:16606219ef4:3770','RUL-43452d36:1660a2ea19c:-6f37','market.actions.AddMarketRentalRate','add-market-rental-rates',0),('RA-45bd4062:16606219ef4:37cf','RUL-43452d36:1660a2ea19c:-6e90','market.actions.AddMarketRentalRate','add-market-rental-rates',0),('RA-45bd4062:16606219ef4:3b1','RUL-7e3b185e:16609ed6c3c:-6a79','market.actions.AddMarketRentalRate','add-market-rental-rates',0),('RA-45bd4062:16606219ef4:3e76','RUL-43452d36:1660a2ea19c:-6dc3','market.actions.AddMarketRentalRate','add-market-rental-rates',0),('RA-45bd4062:16606219ef4:3ed1','RUL-43452d36:1660a2ea19c:-6d05','market.actions.AddMarketRentalRate','add-market-rental-rates',0),('RA-45bd4062:16606219ef4:3f55','RUL-43452d36:1660a2ea19c:-6c5b','market.actions.AddMarketRentalRate','add-market-rental-rates',0),('RA-45bd4062:16606219ef4:46d2','RUL-43452d36:1660a2ea19c:-6b8e','market.actions.AddMarketRentalRate','add-market-rental-rates',0),('RA-45bd4062:16606219ef4:4700','RUL-43452d36:1660a2ea19c:-6af6','market.actions.AddMarketRentalRate','add-market-rental-rates',0),('RA-45bd4062:16606219ef4:49be','RUL-43452d36:1660a2ea19c:-69fa','market.actions.AddMarketRentalRate','add-market-rental-rates',0),('RA-45bd4062:16606219ef4:4a20','RUL-43452d36:1660a2ea19c:-6958','market.actions.AddMarketRentalRate','add-market-rental-rates',0),('RA-45bd4062:16606219ef4:4a35','RUL-43452d36:1660a2ea19c:-6890','market.actions.AddMarketRentalRate','add-market-rental-rates',0),('RA-45bd4062:16606219ef4:4a4f','RUL-43452d36:1660a2ea19c:-67b9','market.actions.AddMarketRentalRate','add-market-rental-rates',0),('RA-45bd4062:16606219ef4:4a6a','RUL-43452d36:1660a2ea19c:-66f1','market.actions.AddMarketRentalRate','add-market-rental-rates',0),('RA-45bd4062:16606219ef4:4a81','RUL-43452d36:1660a2ea19c:-664a','market.actions.AddMarketRentalRate','add-market-rental-rates',0),('RA-45bd4062:16606219ef4:4aa1','RUL-43452d36:1660a2ea19c:-658c','market.actions.AddMarketRentalRate','add-market-rental-rates',0),('RA-45bd4062:16606219ef4:4abd','RUL-43452d36:1660a2ea19c:-64ea','market.actions.AddMarketRentalRate','add-market-rental-rates',0),('RA-45bd4062:16606219ef4:4ad4','RUL-43452d36:1660a2ea19c:-6448','market.actions.AddMarketRentalRate','add-market-rental-rates',0),('RA-45bd4062:16606219ef4:4aee','RUL-43452d36:1660a2ea19c:-6380','market.actions.AddMarketRentalRate','add-market-rental-rates',0),('RA-45bd4062:16606219ef4:4b31','RUL-43452d36:1660a2ea19c:-6223','market.actions.AddMarketRentalRate','add-market-rental-rates',0),('RA-45bd4062:16606219ef4:4b56','RUL-43452d36:1660a2ea19c:-6152','market.actions.AddMarketRentalRate','add-market-rental-rates',0),('RA-45bd4062:16606219ef4:4b71','RUL-43452d36:1660a2ea19c:-608f','market.actions.AddMarketRentalRate','add-market-rental-rates',0),('RA-45bd4062:16606219ef4:4cd','RUL-43452d36:1660a2ea19c:-7e19','market.actions.AddMarketRentalRate','add-market-rental-rates',0),('RA-45bd4062:16606219ef4:571','RUL-43452d36:1660a2ea19c:-7d75','market.actions.AddMarketRentalRate','add-market-rental-rates',0),('RA-45bd4062:16606219ef4:7c8','RUL-43452d36:1660a2ea19c:-7c44','market.actions.AddMarketRentalRate','add-market-rental-rates',0),('RA-45bd4062:16606219ef4:86e','RUL-43452d36:1660a2ea19c:-7b72','market.actions.AddMarketRentalRate','add-market-rental-rates',0),('RA-45bd4062:16606219ef4:8bc','RUL-43452d36:1660a2ea19c:-7acb','market.actions.AddMarketRentalRate','add-market-rental-rates',0),('RA-45bd4062:16606219ef4:917','RUL-43452d36:1660a2ea19c:-7a29','market.actions.AddMarketRentalRate','add-market-rental-rates',0),('RA-45bd4062:16606219ef4:a07','RUL-43452d36:1660a2ea19c:-77a8','market.actions.AddMarketRentalRate','add-market-rental-rates',0),('RA-45bd4062:16606219ef4:b1f','RUL-43452d36:1660a2ea19c:-7701','market.actions.AddMarketRentalRate','add-market-rental-rates',0),('RA-45bd4062:16606219ef4:cb5','RUL-43452d36:1660a2ea19c:-7568','market.actions.AddMarketRentalRate','add-market-rental-rates',0),('RA-45bd4062:16606219ef4:d45','RUL-43452d36:1660a2ea19c:-749b','market.actions.AddMarketRentalRate','add-market-rental-rates',0),('RA-45bf8d4d:166145606ab:-7189','RUL-3eefd6b1:1661489c227:-7dd8','market.actions.AddMarketRentalRate','add-market-rental-rates',0),('RA-45bf8d4d:166145606ab:116','RUL-2dd925b1:16618d545dc:-7abf','market.actions.AddMarketRentalRate','add-market-rental-rates',0),('RA-45bf8d4d:166145606ab:18b','RUL-2dd925b1:16618d545dc:-7a23','market.actions.AddMarketRentalRate','add-market-rental-rates',0),('RA-45bf8d4d:166145606ab:275','RUL-2dd925b1:16618d545dc:-7944','market.actions.AddMarketRentalRate','add-market-rental-rates',0),('RA-45bf8d4d:166145606ab:302','RUL-2dd925b1:16618d545dc:-78a8','market.actions.AddMarketRentalRate','add-market-rental-rates',0),('RA-45bf8d4d:166145606ab:382','RUL-2dd925b1:16618d545dc:-780c','market.actions.AddMarketRentalRate','add-market-rental-rates',0),('RA-45bf8d4d:166145606ab:51f','RUL-2dd925b1:16618d545dc:-7754','market.actions.AddMarketRentalRate','add-market-rental-rates',0),('RA-45bf8d4d:166145606ab:5c6','RUL-2dd925b1:16618d545dc:-76b8','market.actions.AddMarketRentalRate','add-market-rental-rates',0),('RA-45bf8d4d:166145606ab:62f','RUL-2dd925b1:16618d545dc:-7614','market.actions.AddMarketRentalRate','add-market-rental-rates',0),('RA-45bf8d4d:166145606ab:6b5','RUL-2dd925b1:16618d545dc:-7578','market.actions.AddMarketRentalRate','add-market-rental-rates',0),('RA-45bf8d4d:166145606ab:733','RUL-2dd925b1:16618d545dc:-74dc','market.actions.AddMarketRentalRate','add-market-rental-rates',0),('RA-45bf8d4d:166145606ab:77a','RUL-2dd925b1:16618d545dc:-7440','market.actions.AddMarketRentalRate','add-market-rental-rates',0),('RA-45bf8d4d:166145606ab:7eb','RUL-2dd925b1:16618d545dc:-73a4','market.actions.AddMarketRentalRate','add-market-rental-rates',0),('RA-45bf8d4d:166145606ab:83e','RUL-2dd925b1:16618d545dc:-7308','market.actions.AddMarketRentalRate','add-market-rental-rates',0),('RA-45bf8d4d:166145606ab:8be','RUL-2dd925b1:16618d545dc:-726c','market.actions.AddMarketRentalRate','add-market-rental-rates',0),('RA-45bf8d4d:166145606ab:a6','RUL-2dd925b1:16618d545dc:-7b79','market.actions.AddMarketRentalRate','add-market-rental-rates',0),('RA-45bf8d4d:166195ed622:-2c10','RUL-2dd925b1:16618d545dc:-7134','market.actions.AddMarketRentalRate','add-market-rental-rates',0),('RA-45bf8d4d:166195ed622:-4c73','RUL-2dd925b1:16618d545dc:-71d0','market.actions.AddMarketRentalRate','add-market-rental-rates',0),('RA-45bf8d4d:166195ed622:-f17','RUL-2dd925b1:16618d545dc:-7098','market.actions.AddMarketRentalRate','add-market-rental-rates',0),('RA-45bf8d4d:166195ed622:2f64','RUL-2dd925b1:16618d545dc:-6f73','market.actions.AddMarketRentalRate','add-market-rental-rates',0),('RA-45bf8d4d:166195ed622:3dd4','RUL-2dd925b1:16618d545dc:-6ed7','market.actions.AddMarketRentalRate','add-market-rental-rates',0),('RA-45bf8d4d:166196c3991:-6687','RUL-2dd925b1:16618d545dc:-6d9f','market.actions.AddMarketRentalRate','add-market-rental-rates',0),('RA-45bf8d4d:166196c3991:-6fa7','RUL-2dd925b1:16618d545dc:-6e3b','market.actions.AddMarketRentalRate','add-market-rental-rates',0),('RA-45bf8d4d:166197c026e:268','RUL-2dd925b1:16618d545dc:-6cde','market.actions.AddMarketRentalRate','add-market-rental-rates',0),('RA-45bf8d4d:16619821daa:-174d','RUL-2dd925b1:16618d545dc:-6857','market.actions.AddMarketRentalRate','add-market-rental-rates',0),('RA-45bf8d4d:16619821daa:-1ff','RUL-2dd925b1:16618d545dc:-6790','market.actions.AddMarketRentalRate','add-market-rental-rates',0),('RA-45bf8d4d:16619821daa:-25fb','RUL-2dd925b1:16618d545dc:-68f3','market.actions.AddMarketRentalRate','add-market-rental-rates',0),('RA-45bf8d4d:16619821daa:-3823','RUL-2dd925b1:16618d545dc:-69a8','market.actions.AddMarketRentalRate','add-market-rental-rates',0),('RA-45bf8d4d:16619821daa:-4243','RUL-2dd925b1:16618d545dc:-6a44','market.actions.AddMarketRentalRate','add-market-rental-rates',0),('RA-45bf8d4d:16619821daa:-489c','RUL-2dd925b1:16618d545dc:-6abe','market.actions.AddMarketRentalRate','add-market-rental-rates',0),('RA-45bf8d4d:16619821daa:-7af2','RUL-2dd925b1:16618d545dc:-6c42','market.actions.AddMarketRentalRate','add-market-rental-rates',0),('RA-45bf8d4d:16619821daa:15ec','RUL-2dd925b1:16618d545dc:-6589','market.actions.AddMarketRentalRate','add-market-rental-rates',0),('RA-45bf8d4d:16619821daa:1e46','RUL-2dd925b1:16618d545dc:-64b8','market.actions.AddMarketRentalRate','add-market-rental-rates',0),('RA-45bf8d4d:16619821daa:250a','RUL-2dd925b1:16618d545dc:-641c','market.actions.AddMarketRentalRate','add-market-rental-rates',0),('RA-45bf8d4d:16619821daa:351a','RUL-2dd925b1:16618d545dc:-62df','market.actions.AddMarketRentalRate','add-market-rental-rates',0),('RA-45bf8d4d:16619821daa:3a31','RUL-2dd925b1:16618d545dc:-62a3','market.actions.AddMarketRentalRate','add-market-rental-rates',0),('RA-45bf8d4d:16619821daa:3fe5','RUL-2dd925b1:16618d545dc:-61ec','market.actions.AddMarketRentalRate','add-market-rental-rates',0),('RA-45bf8d4d:16619821daa:688a','RUL-2dd925b1:16618d545dc:-6084','market.actions.AddMarketRentalRate','add-market-rental-rates',0),('RA-45bf8d4d:16619821daa:7836','RUL-2dd925b1:16618d545dc:-5fd1','market.actions.AddMarketRentalRate','add-market-rental-rates',0),('RA-45bf8d4d:16619821daa:7d5','RUL-2dd925b1:16618d545dc:-66c6','market.actions.AddMarketRentalRate','add-market-rental-rates',0),('RA-45bf8d4d:16619821daa:da7','RUL-2dd925b1:16618d545dc:-662a','market.actions.AddMarketRentalRate','add-market-rental-rates',0),('RA-45bf8d4d:1661998757d:-1ccb','RUL-2dd925b1:16618d545dc:-5d45','market.actions.AddMarketRentalRate','add-market-rental-rates',0),('RA-45bf8d4d:1661998757d:-3f27','RUL-2dd925b1:16618d545dc:-5de1','market.actions.AddMarketRentalRate','add-market-rental-rates',0),('RA-45bf8d4d:1661998757d:-54a1','RUL-2dd925b1:16618d545dc:-5e7d','market.actions.AddMarketRentalRate','add-market-rental-rates',0),('RA-45bf8d4d:1661998757d:-6526','RUL-2dd925b1:16618d545dc:-5f19','market.actions.AddMarketRentalRate','add-market-rental-rates',0),('RA-45bf8d4d:1661998757d:-8b9','RUL-2dd925b1:16618d545dc:-5c7c','market.actions.AddMarketRentalRate','add-market-rental-rates',0),('RA-45bf8d4d:1661998757d:1759','RUL-2dd925b1:16618d545dc:-5b42','market.actions.AddMarketRentalRate','add-market-rental-rates',0),('RA-45bf8d4d:1661998757d:5ce','RUL-2dd925b1:16618d545dc:-5bde','market.actions.AddMarketRentalRate','add-market-rental-rates',0),('RA-45bf8d4d:16619a606af:-26fc','RUL-2dd925b1:16618d545dc:-58a6','market.actions.AddMarketRentalRate','add-market-rental-rates',0),('RA-45bf8d4d:16619a606af:-3f27','RUL-2dd925b1:16618d545dc:-5942','market.actions.AddMarketRentalRate','add-market-rental-rates',0),('RA-45bf8d4d:16619a606af:-51ef','RUL-2dd925b1:16618d545dc:-59e3','market.actions.AddMarketRentalRate','add-market-rental-rates',0),('RA-45bf8d4d:16619ad7379:-1066','RUL-2dd925b1:16618d545dc:-5814','market.actions.AddMarketRentalRate','add-market-rental-rates',0),('RA-45bf8d4d:16619ad7379:1fba','RUL-2dd925b1:16618d545dc:-5778','market.actions.AddMarketRentalRate','add-market-rental-rates',0),('RA-45bf8d4d:16619ad7379:2fbd','RUL-2dd925b1:16618d545dc:-56dc','market.actions.AddMarketRentalRate','add-market-rental-rates',0),('RA-45bf8d4d:16619ad7379:3b9f','RUL-2dd925b1:16618d545dc:-5640','market.actions.AddMarketRentalRate','add-market-rental-rates',0),('RA-45bf8d4d:16619ad7379:4168','RUL-2dd925b1:16618d545dc:-55a4','market.actions.AddMarketRentalRate','add-market-rental-rates',0),('RA-45bf8d4d:16619ad7379:4583','RUL-2dd925b1:16618d545dc:-5508','market.actions.AddMarketRentalRate','add-market-rental-rates',0),('RA-45bf8d4d:16619ad7379:4df4','RUL-2dd925b1:16618d545dc:-546c','market.actions.AddMarketRentalRate','add-market-rental-rates',0),('RA-45bf8d4d:16619ad7379:5337','RUL-2dd925b1:16618d545dc:-5396','market.actions.AddMarketRentalRate','add-market-rental-rates',0),('RA-45bf8d4d:16619ad7379:585b','RUL-2dd925b1:16618d545dc:-52fa','market.actions.AddMarketRentalRate','add-market-rental-rates',0),('RA-45bf8d4d:16619ad7379:5fe1','RUL-2dd925b1:16618d545dc:-525e','market.actions.AddMarketRentalRate','add-market-rental-rates',0),('RA-45bf8d4d:16619ad7379:6a17','RUL-2dd925b1:16618d545dc:-51c2','market.actions.AddMarketRentalRate','add-market-rental-rates',0),('RA-45bf8d4d:16619bafec8:-2e2e','RUL-2dd925b1:16618d545dc:-4c4b','market.actions.AddMarketRentalRate','add-market-rental-rates',0),('RA-45bf8d4d:16619bafec8:-3a35','RUL-2dd925b1:16618d545dc:-4d03','market.actions.AddMarketRentalRate','add-market-rental-rates',0),('RA-45bf8d4d:16619bafec8:-4441','RUL-2dd925b1:16618d545dc:-4d9f','market.actions.AddMarketRentalRate','add-market-rental-rates',0),('RA-45bf8d4d:16619bafec8:-4eaf','RUL-2dd925b1:16618d545dc:-4e40','market.actions.AddMarketRentalRate','add-market-rental-rates',0),('RA-45bf8d4d:16619bafec8:-598d','RUL-2dd925b1:16618d545dc:-4edc','market.actions.AddMarketRentalRate','add-market-rental-rates',0),('RA-45bf8d4d:16619bafec8:-6667','RUL-2dd925b1:16618d545dc:-4fa8','market.actions.AddMarketRentalRate','add-market-rental-rates',0),('RA-45bf8d4d:16619bafec8:-6fec','RUL-2dd925b1:16618d545dc:-5044','market.actions.AddMarketRentalRate','add-market-rental-rates',0),('RA-45bf8d4d:16619bafec8:-7f4a','RUL-2dd925b1:16618d545dc:-5101','market.actions.AddMarketRentalRate','add-market-rental-rates',0),('RA-45bf8d4d:1661a0ada12:-470d','RUL233ea0cd:1661a0bd15b:-7095','treasury.actions.ApplyPayment','apply-payment',0),('RA-45bf8d4d:1661f300b1a:-2ecf','RUL-6c37a205:1662864a46d:6637','market.actions.AddMarketRentalRate','add-market-rental-rates',0),('RA-45bf8d4d:1661f300b1a:-2fae','RUL-6c37a205:1662864a46d:5155','market.actions.AddMarketRentalRate','add-market-rental-rates',0),('RA-45bf8d4d:1661f300b1a:-30a8','RUL-6c37a205:1662864a46d:2dd8','market.actions.AddMarketRentalRate','add-market-rental-rates',0),('RA-45bf8d4d:1661f300b1a:-30de','RUL-6c37a205:1662864a46d:2804','market.actions.AddMarketRentalRate','add-market-rental-rates',0),('RA-45bf8d4d:1661f300b1a:-30f7','RUL-6c37a205:1662864a46d:2741','market.actions.AddMarketRentalRate','add-market-rental-rates',0),('RA-45bf8d4d:1661f300b1a:-319e','RUL-6c37a205:1662864a46d:13be','market.actions.AddMarketRentalRate','add-market-rental-rates',0),('RA-45bf8d4d:1661f300b1a:-36c9','RUL-6c37a205:1662864a46d:-48fd','market.actions.AddMarketRentalRate','add-market-rental-rates',0),('RA-45bf8d4d:1661f300b1a:-3920','RUL-6c37a205:1662864a46d:-6bd4','market.actions.AddMarketRentalRate','add-market-rental-rates',0),('RA-45bf8d4d:1662eada1ef:-1ccf','RUL-19ef0fa5:16635f3ac5a:-416c','market.actions.AddMarketRentalRate','add-market-rental-rates',0),('RA-45bf8d4d:1662eada1ef:792d','RUL5f62b56:1663787d1f9:-69e8','market.actions.AddMarketRentalRate','add-market-rental-rates',0),('RA-45bf8d4d:16637a3dfa1:-2744','RUL-3ff71b2e:166376a3ba2:-2447','market.actions.AddMarketRentalRate','add-market-rental-rates',0),('RA-45bf8d4d:16637a3dfa1:-44a3','RUL-77782c19:1663877d29b:-7694','market.actions.AddMarketRentalRate','add-market-rental-rates',0),('RA-68088a4f:168615331b9:59ea','RUL-40c82b8d:1686409c53e:-79be','market.actions.AddMarketRentalRate','add-market-rental-rates',0),('RA-68088a4f:168615331b9:5aa6','RUL-40c82b8d:1686409c53e:-77a4','market.actions.AddMarketRentalRate','add-market-rental-rates',0),('RA-68088a4f:168615331b9:5b3a','RUL-40c82b8d:1686409c53e:-75b1','market.actions.AddMarketRentalRate','add-market-rental-rates',0),('RA-68088a4f:168615331b9:5ba6','RUL-40c82b8d:1686409c53e:-7479','market.actions.AddMarketRentalRate','add-market-rental-rates',0),('RA-68088a4f:168615331b9:5db1','RUL-40c82b8d:1686409c53e:-7144','market.actions.AddMarketRentalRate','add-market-rental-rates',0),('RA-68088a4f:168615331b9:5df5','RUL-40c82b8d:1686409c53e:-6f5a','market.actions.AddMarketRentalRate','add-market-rental-rates',0),('RA-68088a4f:168699d94b3:-48a7','RUL-1cfd06d0:1686dc812d6:-73c4','market.actions.AddMarketRentalRate','add-market-rental-rates',0),('RA-68088a4f:16873bf4c0d:-1ac9','RUL-6d01e8c4:16873f49c59:-7980','market.actions.AddMarketRentalRate','add-market-rental-rates',0),('RA-68088a4f:168829f31ef:64e9','RUL-437daf78:168836022ff:-6310','market.actions.AddMarketRentalRate','add-market-rental-rates',0),('RA-68088a4f:16883a82b85:-4faf','RUL4a470e05:168827d7bdd:4d94','market.actions.AddMarketRentalRate','add-market-rental-rates',0),('RA-68088a4f:16892319780:3708','RUL-569443be:16892554e50:-74a9','market.actions.AddMarketRentalRate','add-market-rental-rates',0),('RA-68088a4f:1689370e5d2:725a','RUL39c05dd7:168974807f2:-6f31','market.actions.AddMarketRentalRate','add-market-rental-rates',0),('RA-68088a4f:1689d090d21:-580b','RUL-4eede569:1689cfdb5e4:-7a1e','market.actions.AddMarketRentalRate','add-market-rental-rates',0),('RA-7d13fa84:16811761f9d:-2c29','RUL-5123dd8c:168115eb643:-6abb','market.actions.AddMarketRentalRate','add-market-rental-rates',0),('RA-7d13fa84:16811761f9d:-2d0b','RUL-5123dd8c:168115eb643:-6b9a','market.actions.AddMarketRentalRate','add-market-rental-rates',0),('RA-7d13fa84:16811761f9d:-2e73','RUL-5123dd8c:168115eb643:-6c5e','market.actions.AddMarketRentalRate','add-market-rental-rates',0),('RA-7d13fa84:16811761f9d:-3015','RUL-5123dd8c:168115eb643:-6d1f','market.actions.AddMarketRentalRate','add-market-rental-rates',0),('RA-7d13fa84:16811761f9d:-3180','RUL-5123dd8c:168115eb643:-6f3e','market.actions.AddMarketRentalRate','add-market-rental-rates',0),('RA-7d13fa84:16811761f9d:-3b4e','RUL-5123dd8c:168115eb643:-700a','market.actions.AddMarketRentalRate','add-market-rental-rates',0),('RA-7d13fa84:16811761f9d:-3c5c','RUL-5123dd8c:168115eb643:-70d5','market.actions.AddMarketRentalRate','add-market-rental-rates',0),('RA-7d13fa84:16811761f9d:-3f76','RUL-5123dd8c:168115eb643:-7199','market.actions.AddMarketRentalRate','add-market-rental-rates',0),('RA-7d13fa84:16811761f9d:-41cb','RUL-5123dd8c:168115eb643:-7298','market.actions.AddMarketRentalRate','add-market-rental-rates',0),('RA-7d13fa84:16811761f9d:-4667','RUL-5123dd8c:168115eb643:-735d','market.actions.AddMarketRentalRate','add-market-rental-rates',0),('RA-7d13fa84:16811761f9d:-478c','RUL-5123dd8c:168115eb643:-741a','market.actions.AddMarketRentalRate','add-market-rental-rates',0),('RA-7d13fa84:16811761f9d:-48ea','RUL-5123dd8c:168115eb643:-74f8','market.actions.AddMarketRentalRate','add-market-rental-rates',0),('RA-7d13fa84:16811761f9d:-49e8','RUL48f51a60:16811916880:-6c9a','market.actions.AddMarketRentalRate','add-market-rental-rates',0),('RA-7d13fa84:16811761f9d:-4b09','RUL-5123dd8c:168115eb643:-765d','market.actions.AddMarketRentalRate','add-market-rental-rates',0),('RA-7d13fa84:16811761f9d:-5018','RUL-5123dd8c:168115eb643:-7730','market.actions.AddMarketRentalRate','add-market-rental-rates',0),('RA-7d13fa84:16811761f9d:-545e','RUL-5123dd8c:168115eb643:-77a4','market.actions.AddMarketRentalRate','add-market-rental-rates',0),('RA-7d13fa84:16811761f9d:-706f','RUL-4d94d562:168117759ed:-7850','market.actions.AddMarketRentalRate','add-market-rental-rates',0),('RA-7d13fa84:16811761f9d:-73f6','RUL-4d94d562:168117759ed:-79b2','market.actions.AddMarketRentalRate','add-market-rental-rates',0),('RA-7d13fa84:16811761f9d:-77e8','RUL-4d94d562:168117759ed:-7b78','market.actions.AddMarketRentalRate','add-market-rental-rates',0),('RA108eedca:16d8b76dffd:-7fd8','RUL-43556c05:16d8b772b96:-7a2f','treasury.actions.SetBillItemAccount','set-billitem-account',0),('RA20288499:166804c0832:2550','RUL3278d89d:16685322455:-76f1','market.actions.AddMarketRentalRate','add-market-rental-rates',0),('RA20288499:166804c0832:29a8','RUL3278d89d:16685322455:-71cb','market.actions.AddMarketRentalRate','add-market-rental-rates',0),('RA20288499:1668dce10cd:3b02','RUL4244c18c:1669a2e04c1:-7409','market.actions.AddMarketRentalRate','add-market-rental-rates',0),('RA20288499:1668dce10cd:3f3b','RUL4244c18c:1669a2e04c1:-6974','market.actions.AddMarketRentalRate','add-market-rental-rates',0),('RA20288499:1669ac4a274:3c37','RUL-77a8ccdb:1669f52bdd2:-7451','market.actions.AddMarketRentalRate','add-market-rental-rates',0),('RA20288499:1669ac4a274:4d8d','RUL-7f4806f6:1669e60c231:-49cc','market.actions.AddMarketRentalRate','add-market-rental-rates',0),('RA20288499:166bde4d1ff:2105','RUL-6ab52532:166c2b60168:-7ddf','market.actions.AddMarketRentalRate','add-market-rental-rates',0),('RA3a39601c:1697f494436:-3e05','RUL-1a8380d5:1697fe412e2:-7a8e','market.actions.AddMarketRentalRate','add-market-rental-rates',0),('RA56d4f84c:16d8a7008d3:-7f8e','RUL52256006:16d8a85571d:-7d2a','treasury.actions.SetBillItemProperty','set-billitem-property',0),('RA56d4f84c:16d8a7008d3:-7f92','RUL52256006:16d8a85571d:-7d2a','treasury.actions.SetBillItemProperty','set-billitem-property',0),('RA56d4f84c:16d8a7008d3:-7f96','RUL52256006:16d8a85571d:-7d2a','treasury.actions.SetBillItemProperty','set-billitem-property',0),('RA56d4f84c:16d8a7008d3:-7fa0','RUL52256006:16d8a85571d:-7d52','treasury.actions.SetBillItemProperty','set-billitem-property',0),('RA56d4f84c:16d8a7008d3:-7fa4','RUL52256006:16d8a85571d:-7d52','treasury.actions.SetBillItemProperty','set-billitem-property',0),('RACT-1ee6075f:16d8936bd7f:-7bcb','RUL-1ee6075f:16d8936bd7f:-7e0e','treasury.actions.SetBillItemProperty','set-billitem-property',0),('RACT-34e42a37:16d80c4f0f5:-79bd','RUL-34e42a37:16d80c4f0f5:-7be7','treasury.actions.SetBillItemAccount','set-billitem-account',0),('RACT-3a94e44c:16d704b3871:-7998','RUL-3a94e44c:16d704b3871:-7d1b','market.actions.AddDailyMarketRentalBillItems','add-daily-market-billitems',0),('RACT-3eefd6b1:1661489c227:-792b','RUL-43452d36:1660a2ea19c:-5fc7','market.actions.AddMarketRentalRate','add-market-rental-rates',0),('RACT-43556c05:16d8b772b96:-7c5c','RUL-43556c05:16d8b772b96:-7e06','treasury.actions.SetBillItemAccount','set-billitem-account',0),('RACT-6363f4cb:16d894d3001:-791b','RUL-6363f4cb:16d894d3001:-7c32','treasury.actions.SetBillItemProperty','set-billitem-property',0),('RACT-6363f4cb:16d894d3001:-7b63','RUL-6363f4cb:16d894d3001:-7c32','treasury.actions.SetBillItemProperty','set-billitem-property',0),('RACT-6a9aecbf:1661391988f:-70b0','RUL-43452d36:1660a2ea19c:-62d4','market.actions.AddMarketRentalRate','add-market-rental-rates',0),('RACT-71332b50:1606d366167:-7a66','RUL-71332b50:1606d366167:-7bd8','market.actions.AddMarketRentalRate','add-market-rental-rates',0),('RACT-7726e459:16d7fbda956:-77cb','RUL-7726e459:16d7fbda956:-7b73','treasury.actions.SetBillItemProperty','set-billitem-property',0),('RACT-7ee17493:16d70d9d767:-780c','RUL-7ee17493:16d70d9d767:-78f7','market.actions.AddMonthlyMarketRentalBillItems','add-monthly-market-billitems',0),('RACT1227ea4c:16d71d1db9e:-79ef','RUL1227ea4c:16d71d1db9e:-7cd9','market.actions.AddWeeklyMarketRentalBillItems','add-weekly-market-billitems',0),('RACT3b53e7d0:16d804aa097:-7320','RUL3b53e7d0:16d804aa097:-7877','treasury.actions.AddSurchargeItem','add-surcharge-item',0),('RACT4eb2e53:16d86892506:-6f21','RUL4eb2e53:16d86892506:-7ab8','treasury.actions.SetBillItemProperty','set-billitem-property',0),('RACT4eb2e53:16d86892506:-7498','RUL4eb2e53:16d86892506:-7ab8','treasury.actions.SetBillItemProperty','set-billitem-property',0),('RACT4eb2e53:16d86892506:-764a','RUL4eb2e53:16d86892506:-7ab8','treasury.actions.SetBillItemProperty','set-billitem-property',0),('RACT7f18462:16d8aafc019:-7906','RUL7f18462:16d8aafc019:-7a9d','treasury.actions.SetBillItemProperty','set-billitem-property',0),('RACTb36ce9e:16d713f33e7:-6efb','RULb36ce9e:16d713f33e7:-7415','market.actions.SetMarketRentalBillItemAmount','set-market-rental-billitem-amount',0);
/*!40000 ALTER TABLE `sys_rule_action` ENABLE KEYS */;
UNLOCK TABLES;

--
-- Table structure for table `sys_rule_action_param`
--

DROP TABLE IF EXISTS `sys_rule_action_param`;
/*!40101 SET @saved_cs_client     = @@character_set_client */;
/*!40101 SET character_set_client = utf8 */;
CREATE TABLE `sys_rule_action_param` (
  `objid` varchar(100) NOT NULL,
  `parentid` varchar(255) DEFAULT NULL,
  `actiondefparam_objid` varchar(100) DEFAULT NULL,
  `stringvalue` varchar(255) DEFAULT NULL,
  `booleanvalue` int(11) DEFAULT NULL,
  `var_objid` varchar(50) DEFAULT NULL,
  `var_name` varchar(50) DEFAULT NULL,
  `expr` longtext,
  `exprtype` varchar(25) DEFAULT NULL,
  `pos` int(11) DEFAULT NULL,
  `obj_key` varchar(50) DEFAULT NULL,
  `obj_value` varchar(255) DEFAULT NULL,
  `listvalue` longtext,
  `lov` varchar(50) DEFAULT NULL,
  `rangeoption` int(11) DEFAULT NULL,
  PRIMARY KEY (`objid`),
  KEY `ix_parentid` (`parentid`),
  KEY `ix_var_objid` (`var_objid`),
  CONSTRAINT `sys_rule_action_param_ibfk_1` FOREIGN KEY (`parentid`) REFERENCES `sys_rule_action` (`objid`),
  CONSTRAINT `sys_rule_action_param_ibfk_2` FOREIGN KEY (`var_objid`) REFERENCES `sys_rule_condition_var` (`objid`)
) ENGINE=InnoDB DEFAULT CHARSET=utf8;
/*!40101 SET character_set_client = @saved_cs_client */;

--
-- Dumping data for table `sys_rule_action_param`
--

LOCK TABLES `sys_rule_action_param` WRITE;
/*!40000 ALTER TABLE `sys_rule_action_param` DISABLE KEYS */;
INSERT INTO `sys_rule_action_param` VALUES ('RAP-1a4c7581:16932dbf4d3:-6016','RA-1a4c7581:16932dbf4d3:-6019','market.actions.AddMarketRentalRate.year',NULL,NULL,'RCC-1a4c7581:16932dbf4d3:-601c','YR',NULL,NULL,NULL,NULL,NULL,NULL,NULL,NULL),('RAP-1a4c7581:16932dbf4d3:-6017','RA-1a4c7581:16932dbf4d3:-6019','market.actions.AddMarketRentalRate.rate',NULL,NULL,NULL,NULL,'3000','expression',NULL,NULL,NULL,NULL,NULL,NULL),('RAP-1a4c7581:16932dbf4d3:-6018','RA-1a4c7581:16932dbf4d3:-6019','market.actions.AddMarketRentalRate.type',NULL,NULL,NULL,NULL,NULL,NULL,NULL,NULL,NULL,NULL,'MONTH',NULL),('RAP-26773b0f:16b688b1d33:-1712','RA-26773b0f:16b688b1d33:-1715','market.actions.AddMarketRentalRate.year',NULL,NULL,'RCC-26773b0f:16b688b1d33:-1718','YR',NULL,NULL,NULL,NULL,NULL,NULL,NULL,NULL),('RAP-26773b0f:16b688b1d33:-1713','RA-26773b0f:16b688b1d33:-1715','market.actions.AddMarketRentalRate.rate',NULL,NULL,NULL,NULL,'1800.00','expression',NULL,NULL,NULL,NULL,NULL,NULL),('RAP-26773b0f:16b688b1d33:-1714','RA-26773b0f:16b688b1d33:-1715','market.actions.AddMarketRentalRate.type',NULL,NULL,NULL,NULL,NULL,NULL,NULL,NULL,NULL,NULL,'MONTH',NULL),('RAP-26773b0f:16b688b1d33:-17a0','RA-26773b0f:16b688b1d33:-17a3','market.actions.AddMarketRentalRate.type',NULL,NULL,NULL,NULL,NULL,NULL,NULL,NULL,NULL,NULL,'MONTH',NULL),('RAP-26773b0f:16b688b1d33:-17a1','RA-26773b0f:16b688b1d33:-17a3','market.actions.AddMarketRentalRate.rate',NULL,NULL,NULL,NULL,'1625.00','expression',NULL,NULL,NULL,NULL,NULL,NULL),('RAP-26773b0f:16b688b1d33:-17a2','RA-26773b0f:16b688b1d33:-17a3','market.actions.AddMarketRentalRate.year',NULL,NULL,'RCC-26773b0f:16b688b1d33:-17a4','YR',NULL,NULL,NULL,NULL,NULL,NULL,NULL,NULL),('RAP-26773b0f:16b688b1d33:-187d','RA-26773b0f:16b688b1d33:-1880','market.actions.AddMarketRentalRate.year',NULL,NULL,'RCC-26773b0f:16b688b1d33:-1883','YR',NULL,NULL,NULL,NULL,NULL,NULL,NULL,NULL),('RAP-26773b0f:16b688b1d33:-187e','RA-26773b0f:16b688b1d33:-1880','market.actions.AddMarketRentalRate.rate',NULL,NULL,NULL,NULL,'1650.00','expression',NULL,NULL,NULL,NULL,NULL,NULL),('RAP-26773b0f:16b688b1d33:-187f','RA-26773b0f:16b688b1d33:-1880','market.actions.AddMarketRentalRate.type',NULL,NULL,NULL,NULL,NULL,NULL,NULL,NULL,NULL,NULL,'MONTH',NULL),('RAP-26773b0f:16b7dd9cbb6:7aa5','RA-26773b0f:16b7dd9cbb6:7aa4','market.actions.AddMarketRentalRate.type',NULL,NULL,NULL,NULL,NULL,NULL,NULL,NULL,NULL,NULL,'MONTH',NULL),('RAP-26773b0f:16b7dd9cbb6:7aa6','RA-26773b0f:16b7dd9cbb6:7aa4','market.actions.AddMarketRentalRate.rate',NULL,NULL,NULL,NULL,'2137.50','expression',NULL,NULL,NULL,NULL,NULL,NULL),('RAP-26773b0f:16b7dd9cbb6:7aa7','RA-26773b0f:16b7dd9cbb6:7aa4','market.actions.AddMarketRentalRate.year',NULL,NULL,'RCC-26773b0f:16b7dd9cbb6:7aa1','YR',NULL,NULL,NULL,NULL,NULL,NULL,NULL,NULL),('RAP-26773b0f:16b7dd9cbb6:7b9d','RA-26773b0f:16b7dd9cbb6:7b9c','market.actions.AddMarketRentalRate.type',NULL,NULL,NULL,NULL,NULL,NULL,NULL,NULL,NULL,NULL,'MONTH',NULL),('RAP-26773b0f:16b7dd9cbb6:7b9e','RA-26773b0f:16b7dd9cbb6:7b9c','market.actions.AddMarketRentalRate.rate',NULL,NULL,NULL,NULL,'1087.50','expression',NULL,NULL,NULL,NULL,NULL,NULL),('RAP-26773b0f:16b7dd9cbb6:7b9f','RA-26773b0f:16b7dd9cbb6:7b9c','market.actions.AddMarketRentalRate.year',NULL,NULL,'RCC-26773b0f:16b7dd9cbb6:7b99','YR',NULL,NULL,NULL,NULL,NULL,NULL,NULL,NULL),('RAP-26773b0f:16b7dd9cbb6:7c94','RA-26773b0f:16b7dd9cbb6:7c93','market.actions.AddMarketRentalRate.type',NULL,NULL,NULL,NULL,NULL,NULL,NULL,NULL,NULL,NULL,'MONTH',NULL),('RAP-26773b0f:16b7dd9cbb6:7c95','RA-26773b0f:16b7dd9cbb6:7c93','market.actions.AddMarketRentalRate.rate',NULL,NULL,NULL,NULL,'787.50','expression',NULL,NULL,NULL,NULL,NULL,NULL),('RAP-26773b0f:16b7dd9cbb6:7c96','RA-26773b0f:16b7dd9cbb6:7c93','market.actions.AddMarketRentalRate.year',NULL,NULL,'RCC-26773b0f:16b7dd9cbb6:7c92','YR',NULL,NULL,NULL,NULL,NULL,NULL,NULL,NULL),('RAP-26773b0f:16b7dd9cbb6:7e38','RA-26773b0f:16b7dd9cbb6:7e37','market.actions.AddMarketRentalRate.type',NULL,NULL,NULL,NULL,NULL,NULL,NULL,NULL,NULL,NULL,'MONTH',NULL),('RAP-26773b0f:16b7dd9cbb6:7e39','RA-26773b0f:16b7dd9cbb6:7e37','market.actions.AddMarketRentalRate.rate',NULL,NULL,NULL,NULL,'937.50','expression',NULL,NULL,NULL,NULL,NULL,NULL),('RAP-26773b0f:16b7dd9cbb6:7e3a','RA-26773b0f:16b7dd9cbb6:7e37','market.actions.AddMarketRentalRate.year',NULL,NULL,'RCC-26773b0f:16b7dd9cbb6:7e34','YR',NULL,NULL,NULL,NULL,NULL,NULL,NULL,NULL),('RAP-26773b0f:16b7dd9cbb6:7ed1','RA-26773b0f:16b7dd9cbb6:7ed0','market.actions.AddMarketRentalRate.type',NULL,NULL,NULL,NULL,NULL,NULL,NULL,NULL,NULL,NULL,'MONTH',NULL),('RAP-26773b0f:16b7dd9cbb6:7ed2','RA-26773b0f:16b7dd9cbb6:7ed0','market.actions.AddMarketRentalRate.rate',NULL,NULL,NULL,NULL,'712.50','expression',NULL,NULL,NULL,NULL,NULL,NULL),('RAP-26773b0f:16b7dd9cbb6:7ed3','RA-26773b0f:16b7dd9cbb6:7ed0','market.actions.AddMarketRentalRate.year',NULL,NULL,'RCC-26773b0f:16b7dd9cbb6:7ecf','YR',NULL,NULL,NULL,NULL,NULL,NULL,NULL,NULL),('RAP-26773b0f:16b7dd9cbb6:7f7b','RA-26773b0f:16b7dd9cbb6:7f7a','market.actions.AddMarketRentalRate.year',NULL,NULL,'RCC-26773b0f:16b7dd9cbb6:7f79','YR',NULL,NULL,NULL,NULL,NULL,NULL,NULL,NULL),('RAP-26773b0f:16b7dd9cbb6:7f7c','RA-26773b0f:16b7dd9cbb6:7f7a','market.actions.AddMarketRentalRate.rate',NULL,NULL,NULL,NULL,'1562.50','expression',NULL,NULL,NULL,NULL,NULL,NULL),('RAP-26773b0f:16b7dd9cbb6:7f7d','RA-26773b0f:16b7dd9cbb6:7f7a','market.actions.AddMarketRentalRate.type',NULL,NULL,NULL,NULL,NULL,NULL,NULL,NULL,NULL,NULL,'MONTH',NULL),('RAP-26773b0f:16ba325a2c4:6fe0','RA-26773b0f:16ba325a2c4:6fdf','market.actions.AddMarketRentalRate.year',NULL,NULL,'RCC-26773b0f:16ba325a2c4:6fde','YR',NULL,NULL,NULL,NULL,NULL,NULL,NULL,NULL),('RAP-26773b0f:16ba325a2c4:6fe1','RA-26773b0f:16ba325a2c4:6fdf','market.actions.AddMarketRentalRate.rate',NULL,NULL,NULL,NULL,'637.5','expression',NULL,NULL,NULL,NULL,NULL,NULL),('RAP-26773b0f:16ba325a2c4:6fe2','RA-26773b0f:16ba325a2c4:6fdf','market.actions.AddMarketRentalRate.type',NULL,NULL,NULL,NULL,NULL,NULL,NULL,NULL,NULL,NULL,'MONTH',NULL),('RAP-2cacdd7e:1684b422b57:-7b23','RA-2cacdd7e:1684b422b57:-7b26','market.actions.AddMarketRentalRate.year',NULL,NULL,'RCC-2cacdd7e:1684b422b57:-7b29','YR',NULL,NULL,NULL,NULL,NULL,NULL,NULL,NULL),('RAP-2cacdd7e:1684b422b57:-7b24','RA-2cacdd7e:1684b422b57:-7b26','market.actions.AddMarketRentalRate.rate',NULL,NULL,NULL,NULL,'25','expression',NULL,NULL,NULL,NULL,NULL,NULL),('RAP-2cacdd7e:1684b422b57:-7b25','RA-2cacdd7e:1684b422b57:-7b26','market.actions.AddMarketRentalRate.type',NULL,NULL,NULL,NULL,NULL,NULL,NULL,NULL,NULL,NULL,'DAY',NULL),('RAP-2cacdd7e:1685928da91:-1587','RA-2cacdd7e:1685928da91:-158a','market.actions.AddMarketRentalRate.year',NULL,NULL,'RCC-2cacdd7e:1685928da91:-158d','YR',NULL,NULL,NULL,NULL,NULL,NULL,NULL,NULL),('RAP-2cacdd7e:1685928da91:-1588','RA-2cacdd7e:1685928da91:-158a','market.actions.AddMarketRentalRate.rate',NULL,NULL,NULL,NULL,'2400','expression',NULL,NULL,NULL,NULL,NULL,NULL),('RAP-2cacdd7e:1685928da91:-1589','RA-2cacdd7e:1685928da91:-158a','market.actions.AddMarketRentalRate.type',NULL,NULL,NULL,NULL,NULL,NULL,NULL,NULL,NULL,NULL,'MONTH',NULL),('RAP-2cacdd7e:1685eb0f21f:2e17','RA-2cacdd7e:1685eb0f21f:2e16','market.actions.AddMarketRentalRate.year',NULL,NULL,'RCC-2cacdd7e:1685eb0f21f:2e15','YR',NULL,NULL,NULL,NULL,NULL,NULL,NULL,NULL),('RAP-2cacdd7e:1685eb0f21f:2e18','RA-2cacdd7e:1685eb0f21f:2e16','market.actions.AddMarketRentalRate.rate',NULL,NULL,NULL,NULL,'2594.70','expression',NULL,NULL,NULL,NULL,NULL,NULL),('RAP-2cacdd7e:1685eb0f21f:2e19','RA-2cacdd7e:1685eb0f21f:2e16','market.actions.AddMarketRentalRate.type',NULL,NULL,NULL,NULL,NULL,NULL,NULL,NULL,NULL,NULL,'MONTH',NULL),('RAP-2cacdd7e:1685eb0f21f:331d','RA-2cacdd7e:1685eb0f21f:331c','market.actions.AddMarketRentalRate.type',NULL,NULL,NULL,NULL,NULL,NULL,NULL,NULL,NULL,NULL,'MONTH',NULL),('RAP-2cacdd7e:1685eb0f21f:331e','RA-2cacdd7e:1685eb0f21f:331c','market.actions.AddMarketRentalRate.rate',NULL,NULL,NULL,NULL,'3665.15','expression',NULL,NULL,NULL,NULL,NULL,NULL),('RAP-2cacdd7e:1685eb0f21f:331f','RA-2cacdd7e:1685eb0f21f:331c','market.actions.AddMarketRentalRate.year',NULL,NULL,'RCC-2cacdd7e:1685eb0f21f:3319','YR',NULL,NULL,NULL,NULL,NULL,NULL,NULL,NULL),('RAP-3f8b0300:16d95af5541:-7e92','RA-3f8b0300:16d95af5541:-7e95','treasury.actions.SetBillItemProperty.billitem',NULL,NULL,'RCOND-680ae160:16d9617f270:-793c','MBI',NULL,NULL,NULL,NULL,NULL,NULL,NULL,NULL),('RAP-3f8b0300:16d95af5541:-7e93','RA-3f8b0300:16d95af5541:-7e95','treasury.actions.SetBillItemProperty.fieldname','remarks',NULL,NULL,NULL,NULL,NULL,NULL,NULL,NULL,NULL,NULL,NULL),('RAP-3f8b0300:16d95af5541:-7e94','RA-3f8b0300:16d95af5541:-7e95','treasury.actions.SetBillItemProperty.value',NULL,NULL,NULL,NULL,'BILLCODE','expression',NULL,NULL,NULL,NULL,NULL,NULL),('RAP-45bd4062:16606219ef4:1048','RA-45bd4062:16606219ef4:1047','market.actions.AddMarketRentalRate.year',NULL,NULL,'RCONST643684be:1661e09fd03:-751f','YR',NULL,NULL,NULL,NULL,NULL,NULL,NULL,NULL),('RAP-45bd4062:16606219ef4:1049','RA-45bd4062:16606219ef4:1047','market.actions.AddMarketRentalRate.rate',NULL,NULL,NULL,NULL,'1303.35','expression',NULL,NULL,NULL,NULL,NULL,NULL),('RAP-45bd4062:16606219ef4:104a','RA-45bd4062:16606219ef4:1047','market.actions.AddMarketRentalRate.type',NULL,NULL,NULL,NULL,NULL,NULL,NULL,NULL,NULL,NULL,'MONTH',NULL),('RAP-45bd4062:16606219ef4:1337','RA-45bd4062:16606219ef4:1336','market.actions.AddMarketRentalRate.year',NULL,NULL,'RCONST643684be:1661e09fd03:-748b','YR',NULL,NULL,NULL,NULL,NULL,NULL,NULL,NULL),('RAP-45bd4062:16606219ef4:1338','RA-45bd4062:16606219ef4:1336','market.actions.AddMarketRentalRate.rate',NULL,NULL,NULL,NULL,'1354.98','expression',NULL,NULL,NULL,NULL,NULL,NULL),('RAP-45bd4062:16606219ef4:1339','RA-45bd4062:16606219ef4:1336','market.actions.AddMarketRentalRate.type',NULL,NULL,NULL,NULL,NULL,NULL,NULL,NULL,NULL,NULL,'MONTH',NULL),('RAP-45bd4062:16606219ef4:140e','RA-45bd4062:16606219ef4:140d','market.actions.AddMarketRentalRate.year',NULL,NULL,'RCONST643684be:1661e09fd03:-73f7','YR',NULL,NULL,NULL,NULL,NULL,NULL,NULL,NULL),('RAP-45bd4062:16606219ef4:140f','RA-45bd4062:16606219ef4:140d','market.actions.AddMarketRentalRate.rate',NULL,NULL,NULL,NULL,'1359.95','expression',NULL,NULL,NULL,NULL,NULL,NULL),('RAP-45bd4062:16606219ef4:1410','RA-45bd4062:16606219ef4:140d','market.actions.AddMarketRentalRate.type',NULL,NULL,NULL,NULL,NULL,NULL,NULL,NULL,NULL,NULL,'MONTH',NULL),('RAP-45bd4062:16606219ef4:1507','RA-45bd4062:16606219ef4:1506','market.actions.AddMarketRentalRate.year',NULL,NULL,'RCONST643684be:1661e09fd03:-7361','YR',NULL,NULL,NULL,NULL,NULL,NULL,NULL,NULL),('RAP-45bd4062:16606219ef4:1508','RA-45bd4062:16606219ef4:1506','market.actions.AddMarketRentalRate.rate',NULL,NULL,NULL,NULL,'1360.10','expression',NULL,NULL,NULL,NULL,NULL,NULL),('RAP-45bd4062:16606219ef4:1509','RA-45bd4062:16606219ef4:1506','market.actions.AddMarketRentalRate.type',NULL,NULL,NULL,NULL,NULL,NULL,NULL,NULL,NULL,NULL,'MONTH',NULL),('RAP-45bd4062:16606219ef4:1888','RA-45bd4062:16606219ef4:1887','market.actions.AddMarketRentalRate.year',NULL,NULL,'RCONST643684be:1661e09fd03:-72cb','YR',NULL,NULL,NULL,NULL,NULL,NULL,NULL,NULL),('RAP-45bd4062:16606219ef4:1889','RA-45bd4062:16606219ef4:1887','market.actions.AddMarketRentalRate.rate',NULL,NULL,NULL,NULL,'1360.35','expression',NULL,NULL,NULL,NULL,NULL,NULL),('RAP-45bd4062:16606219ef4:188a','RA-45bd4062:16606219ef4:1887','market.actions.AddMarketRentalRate.type',NULL,NULL,NULL,NULL,NULL,NULL,NULL,NULL,NULL,NULL,'MONTH',NULL),('RAP-45bd4062:16606219ef4:2e8','RA-45bd4062:16606219ef4:2e7','market.actions.AddMarketRentalRate.year',NULL,NULL,'RCONST155f617f:1661e808a94:-584c','YR',NULL,NULL,NULL,NULL,NULL,NULL,NULL,NULL),('RAP-45bd4062:16606219ef4:2e9','RA-45bd4062:16606219ef4:2e7','market.actions.AddMarketRentalRate.rate',NULL,NULL,NULL,NULL,'@IIF(YR>2017,31.90,(@IIF(YR>2015,27.75,0)))','expression',NULL,NULL,NULL,NULL,NULL,NULL),('RAP-45bd4062:16606219ef4:2ea','RA-45bd4062:16606219ef4:2e7','market.actions.AddMarketRentalRate.type',NULL,NULL,NULL,NULL,NULL,NULL,NULL,NULL,NULL,NULL,'DAY',NULL),('RAP-45bd4062:16606219ef4:339','RA-45bd4062:16606219ef4:338','market.actions.AddMarketRentalRate.type',NULL,NULL,NULL,NULL,NULL,NULL,NULL,NULL,NULL,NULL,'DAY',NULL),('RAP-45bd4062:16606219ef4:33a','RA-45bd4062:16606219ef4:338','market.actions.AddMarketRentalRate.rate',NULL,NULL,NULL,NULL,'90','expression',NULL,NULL,NULL,NULL,NULL,NULL),('RAP-45bd4062:16606219ef4:33b','RA-45bd4062:16606219ef4:338','market.actions.AddMarketRentalRate.year',NULL,NULL,NULL,NULL,NULL,NULL,NULL,NULL,NULL,NULL,NULL,NULL),('RAP-45bd4062:16606219ef4:3771','RA-45bd4062:16606219ef4:3770','market.actions.AddMarketRentalRate.year',NULL,NULL,'RCONST643684be:1661e09fd03:-7237','YR',NULL,NULL,NULL,NULL,NULL,NULL,NULL,NULL),('RAP-45bd4062:16606219ef4:3772','RA-45bd4062:16606219ef4:3770','market.actions.AddMarketRentalRate.rate',NULL,NULL,NULL,NULL,'1416.62','expression',NULL,NULL,NULL,NULL,NULL,NULL),('RAP-45bd4062:16606219ef4:3773','RA-45bd4062:16606219ef4:3770','market.actions.AddMarketRentalRate.type',NULL,NULL,NULL,NULL,NULL,NULL,NULL,NULL,NULL,NULL,'MONTH',NULL),('RAP-45bd4062:16606219ef4:37d0','RA-45bd4062:16606219ef4:37cf','market.actions.AddMarketRentalRate.year',NULL,NULL,'RCONST643684be:1661e09fd03:-71a3','YR',NULL,NULL,NULL,NULL,NULL,NULL,NULL,NULL),('RAP-45bd4062:16606219ef4:37d1','RA-45bd4062:16606219ef4:37cf','market.actions.AddMarketRentalRate.rate',NULL,NULL,NULL,NULL,'1434.20','expression',NULL,NULL,NULL,NULL,NULL,NULL),('RAP-45bd4062:16606219ef4:37d2','RA-45bd4062:16606219ef4:37cf','market.actions.AddMarketRentalRate.type',NULL,NULL,NULL,NULL,NULL,NULL,NULL,NULL,NULL,NULL,'MONTH',NULL),('RAP-45bd4062:16606219ef4:3b2','RA-45bd4062:16606219ef4:3b1','market.actions.AddMarketRentalRate.type',NULL,NULL,NULL,NULL,NULL,NULL,NULL,NULL,NULL,NULL,'DAY',NULL),('RAP-45bd4062:16606219ef4:3b3','RA-45bd4062:16606219ef4:3b1','market.actions.AddMarketRentalRate.rate',NULL,NULL,NULL,NULL,'36.3','expression',NULL,NULL,NULL,NULL,NULL,NULL),('RAP-45bd4062:16606219ef4:3b4','RA-45bd4062:16606219ef4:3b1','market.actions.AddMarketRentalRate.year',NULL,NULL,NULL,NULL,NULL,NULL,NULL,NULL,NULL,NULL,NULL,NULL),('RAP-45bd4062:16606219ef4:3e77','RA-45bd4062:16606219ef4:3e76','market.actions.AddMarketRentalRate.year',NULL,NULL,'RCONST643684be:1661e09fd03:-710d','YR',NULL,NULL,NULL,NULL,NULL,NULL,NULL,NULL),('RAP-45bd4062:16606219ef4:3e78','RA-45bd4062:16606219ef4:3e76','market.actions.AddMarketRentalRate.rate',NULL,NULL,NULL,NULL,'1458','expression',NULL,NULL,NULL,NULL,NULL,NULL),('RAP-45bd4062:16606219ef4:3e79','RA-45bd4062:16606219ef4:3e76','market.actions.AddMarketRentalRate.type',NULL,NULL,NULL,NULL,NULL,NULL,NULL,NULL,NULL,NULL,'MONTH',NULL),('RAP-45bd4062:16606219ef4:3ed2','RA-45bd4062:16606219ef4:3ed1','market.actions.AddMarketRentalRate.year',NULL,NULL,'RCONST643684be:1661e09fd03:-7071','YR',NULL,NULL,NULL,NULL,NULL,NULL,NULL,NULL),('RAP-45bd4062:16606219ef4:3ed3','RA-45bd4062:16606219ef4:3ed1','market.actions.AddMarketRentalRate.rate',NULL,NULL,NULL,NULL,'1505.60','expression',NULL,NULL,NULL,NULL,NULL,NULL),('RAP-45bd4062:16606219ef4:3ed4','RA-45bd4062:16606219ef4:3ed1','market.actions.AddMarketRentalRate.type',NULL,NULL,NULL,NULL,NULL,NULL,NULL,NULL,NULL,NULL,'MONTH',NULL),('RAP-45bd4062:16606219ef4:3f56','RA-45bd4062:16606219ef4:3f55','market.actions.AddMarketRentalRate.year',NULL,NULL,'RCONST643684be:1661e09fd03:-6fc7','YR',NULL,NULL,NULL,NULL,NULL,NULL,NULL,NULL),('RAP-45bd4062:16606219ef4:3f57','RA-45bd4062:16606219ef4:3f55','market.actions.AddMarketRentalRate.rate',NULL,NULL,NULL,NULL,'1521.55','expression',NULL,NULL,NULL,NULL,NULL,NULL),('RAP-45bd4062:16606219ef4:3f58','RA-45bd4062:16606219ef4:3f55','market.actions.AddMarketRentalRate.type',NULL,NULL,NULL,NULL,NULL,NULL,NULL,NULL,NULL,NULL,'MONTH',NULL),('RAP-45bd4062:16606219ef4:46d3','RA-45bd4062:16606219ef4:46d2','market.actions.AddMarketRentalRate.year',NULL,NULL,'RCONST643684be:1661e09fd03:-6f30','YR',NULL,NULL,NULL,NULL,NULL,NULL,NULL,NULL),('RAP-45bd4062:16606219ef4:46d4','RA-45bd4062:16606219ef4:46d2','market.actions.AddMarketRentalRate.rate',NULL,NULL,NULL,NULL,'1539.85','expression',NULL,NULL,NULL,NULL,NULL,NULL),('RAP-45bd4062:16606219ef4:46d5','RA-45bd4062:16606219ef4:46d2','market.actions.AddMarketRentalRate.type',NULL,NULL,NULL,NULL,NULL,NULL,NULL,NULL,NULL,NULL,'MONTH',NULL),('RAP-45bd4062:16606219ef4:4701','RA-45bd4062:16606219ef4:4700','market.actions.AddMarketRentalRate.year',NULL,NULL,'RCONST643684be:1661e09fd03:-6e9a','YR',NULL,NULL,NULL,NULL,NULL,NULL,NULL,NULL),('RAP-45bd4062:16606219ef4:4702','RA-45bd4062:16606219ef4:4700','market.actions.AddMarketRentalRate.rate',NULL,NULL,NULL,NULL,'1569.50','expression',NULL,NULL,NULL,NULL,NULL,NULL),('RAP-45bd4062:16606219ef4:4703','RA-45bd4062:16606219ef4:4700','market.actions.AddMarketRentalRate.type',NULL,NULL,NULL,NULL,NULL,NULL,NULL,NULL,NULL,NULL,'MONTH',NULL),('RAP-45bd4062:16606219ef4:49bf','RA-45bd4062:16606219ef4:49be','market.actions.AddMarketRentalRate.year',NULL,NULL,'RCONST643684be:1661e09fd03:-6e04','YR',NULL,NULL,NULL,NULL,NULL,NULL,NULL,NULL),('RAP-45bd4062:16606219ef4:49c0','RA-45bd4062:16606219ef4:49be','market.actions.AddMarketRentalRate.rate',NULL,NULL,NULL,NULL,'1586.54','expression',NULL,NULL,NULL,NULL,NULL,NULL),('RAP-45bd4062:16606219ef4:49c1','RA-45bd4062:16606219ef4:49be','market.actions.AddMarketRentalRate.type',NULL,NULL,NULL,NULL,NULL,NULL,NULL,NULL,NULL,NULL,'MONTH',NULL),('RAP-45bd4062:16606219ef4:4a21','RA-45bd4062:16606219ef4:4a20','market.actions.AddMarketRentalRate.year',NULL,NULL,'RCONST643684be:1661e09fd03:-6d6e','YR',NULL,NULL,NULL,NULL,NULL,NULL,NULL,NULL),('RAP-45bd4062:16606219ef4:4a22','RA-45bd4062:16606219ef4:4a20','market.actions.AddMarketRentalRate.rate',NULL,NULL,NULL,NULL,'1608.25','expression',NULL,NULL,NULL,NULL,NULL,NULL),('RAP-45bd4062:16606219ef4:4a23','RA-45bd4062:16606219ef4:4a20','market.actions.AddMarketRentalRate.type',NULL,NULL,NULL,NULL,NULL,NULL,NULL,NULL,NULL,NULL,'MONTH',NULL),('RAP-45bd4062:16606219ef4:4a36','RA-45bd4062:16606219ef4:4a35','market.actions.AddMarketRentalRate.year',NULL,NULL,'RCONST643684be:1661e09fd03:-6cd8','YR',NULL,NULL,NULL,NULL,NULL,NULL,NULL,NULL),('RAP-45bd4062:16606219ef4:4a37','RA-45bd4062:16606219ef4:4a35','market.actions.AddMarketRentalRate.rate',NULL,NULL,NULL,NULL,'1642.50','expression',NULL,NULL,NULL,NULL,NULL,NULL),('RAP-45bd4062:16606219ef4:4a38','RA-45bd4062:16606219ef4:4a35','market.actions.AddMarketRentalRate.type',NULL,NULL,NULL,NULL,NULL,NULL,NULL,NULL,NULL,NULL,'MONTH',NULL),('RAP-45bd4062:16606219ef4:4a50','RA-45bd4062:16606219ef4:4a4f','market.actions.AddMarketRentalRate.year',NULL,NULL,'RCONST643684be:1661e09fd03:-6c48','YR',NULL,NULL,NULL,NULL,NULL,NULL,NULL,NULL),('RAP-45bd4062:16606219ef4:4a51','RA-45bd4062:16606219ef4:4a4f','market.actions.AddMarketRentalRate.rate',NULL,NULL,NULL,NULL,'1676.10','expression',NULL,NULL,NULL,NULL,NULL,NULL),('RAP-45bd4062:16606219ef4:4a52','RA-45bd4062:16606219ef4:4a4f','market.actions.AddMarketRentalRate.type',NULL,NULL,NULL,NULL,NULL,NULL,NULL,NULL,NULL,NULL,'MONTH',NULL),('RAP-45bd4062:16606219ef4:4a6b','RA-45bd4062:16606219ef4:4a6a','market.actions.AddMarketRentalRate.year',NULL,NULL,'RCONST643684be:1661e09fd03:-6bac','YR',NULL,NULL,NULL,NULL,NULL,NULL,NULL,NULL),('RAP-45bd4062:16606219ef4:4a6c','RA-45bd4062:16606219ef4:4a6a','market.actions.AddMarketRentalRate.rate',NULL,NULL,NULL,NULL,'1701','expression',NULL,NULL,NULL,NULL,NULL,NULL),('RAP-45bd4062:16606219ef4:4a6d','RA-45bd4062:16606219ef4:4a6a','market.actions.AddMarketRentalRate.type',NULL,NULL,NULL,NULL,NULL,NULL,NULL,NULL,NULL,NULL,'MONTH',NULL),('RAP-45bd4062:16606219ef4:4a82','RA-45bd4062:16606219ef4:4a81','market.actions.AddMarketRentalRate.year',NULL,NULL,'RCONST643684be:1661e09fd03:-6b11','YR',NULL,NULL,NULL,NULL,NULL,NULL,NULL,NULL),('RAP-45bd4062:16606219ef4:4a83','RA-45bd4062:16606219ef4:4a81','market.actions.AddMarketRentalRate.rate',NULL,NULL,NULL,NULL,'1774.85','expression',NULL,NULL,NULL,NULL,NULL,NULL),('RAP-45bd4062:16606219ef4:4a84','RA-45bd4062:16606219ef4:4a81','market.actions.AddMarketRentalRate.type',NULL,NULL,NULL,NULL,NULL,NULL,NULL,NULL,NULL,NULL,'MONTH',NULL),('RAP-45bd4062:16606219ef4:4aa2','RA-45bd4062:16606219ef4:4aa1','market.actions.AddMarketRentalRate.year',NULL,NULL,'RCONST643684be:1661e09fd03:-6a81','YR',NULL,NULL,NULL,NULL,NULL,NULL,NULL,NULL),('RAP-45bd4062:16606219ef4:4aa3','RA-45bd4062:16606219ef4:4aa1','market.actions.AddMarketRentalRate.rate',NULL,NULL,NULL,NULL,'1806.76','expression',NULL,NULL,NULL,NULL,NULL,NULL),('RAP-45bd4062:16606219ef4:4aa4','RA-45bd4062:16606219ef4:4aa1','market.actions.AddMarketRentalRate.type',NULL,NULL,NULL,NULL,NULL,NULL,NULL,NULL,NULL,NULL,'MONTH',NULL),('RAP-45bd4062:16606219ef4:4abe','RA-45bd4062:16606219ef4:4abd','market.actions.AddMarketRentalRate.year',NULL,NULL,'RCONST643684be:1661e09fd03:-69f1','YR',NULL,NULL,NULL,NULL,NULL,NULL,NULL,NULL),('RAP-45bd4062:16606219ef4:4abf','RA-45bd4062:16606219ef4:4abd','market.actions.AddMarketRentalRate.rate',NULL,NULL,NULL,NULL,'1849.45','expression',NULL,NULL,NULL,NULL,NULL,NULL),('RAP-45bd4062:16606219ef4:4ac0','RA-45bd4062:16606219ef4:4abd','market.actions.AddMarketRentalRate.type',NULL,NULL,NULL,NULL,NULL,NULL,NULL,NULL,NULL,NULL,'MONTH',NULL),('RAP-45bd4062:16606219ef4:4ad5','RA-45bd4062:16606219ef4:4ad4','market.actions.AddMarketRentalRate.year',NULL,NULL,'RCONST643684be:1661e09fd03:-6961','YR',NULL,NULL,NULL,NULL,NULL,NULL,NULL,NULL),('RAP-45bd4062:16606219ef4:4ad6','RA-45bd4062:16606219ef4:4ad4','market.actions.AddMarketRentalRate.rate',NULL,NULL,NULL,NULL,'1861.50','expression',NULL,NULL,NULL,NULL,NULL,NULL),('RAP-45bd4062:16606219ef4:4ad7','RA-45bd4062:16606219ef4:4ad4','market.actions.AddMarketRentalRate.type',NULL,NULL,NULL,NULL,NULL,NULL,NULL,NULL,NULL,NULL,'MONTH',NULL),('RAP-45bd4062:16606219ef4:4aef','RA-45bd4062:16606219ef4:4aee','market.actions.AddMarketRentalRate.year',NULL,NULL,'RCONST643684be:1661e09fd03:-68d1','YR',NULL,NULL,NULL,NULL,NULL,NULL,NULL,NULL),('RAP-45bd4062:16606219ef4:4af0','RA-45bd4062:16606219ef4:4aee','market.actions.AddMarketRentalRate.rate',NULL,NULL,NULL,NULL,'1886','expression',NULL,NULL,NULL,NULL,NULL,NULL),('RAP-45bd4062:16606219ef4:4af1','RA-45bd4062:16606219ef4:4aee','market.actions.AddMarketRentalRate.type',NULL,NULL,NULL,NULL,NULL,NULL,NULL,NULL,NULL,NULL,'MONTH',NULL),('RAP-45bd4062:16606219ef4:4b32','RA-45bd4062:16606219ef4:4b31','market.actions.AddMarketRentalRate.year',NULL,NULL,'RCONST643684be:1661e09fd03:-67b1','YR',NULL,NULL,NULL,NULL,NULL,NULL,NULL,NULL),('RAP-45bd4062:16606219ef4:4b33','RA-45bd4062:16606219ef4:4b31','market.actions.AddMarketRentalRate.rate',NULL,NULL,NULL,NULL,'1916.30','expression',NULL,NULL,NULL,NULL,NULL,NULL),('RAP-45bd4062:16606219ef4:4b34','RA-45bd4062:16606219ef4:4b31','market.actions.AddMarketRentalRate.type',NULL,NULL,NULL,NULL,NULL,NULL,NULL,NULL,NULL,NULL,'MONTH',NULL),('RAP-45bd4062:16606219ef4:4b57','RA-45bd4062:16606219ef4:4b56','market.actions.AddMarketRentalRate.year',NULL,NULL,'RCONST643684be:1661e09fd03:-6721','YR',NULL,NULL,NULL,NULL,NULL,NULL,NULL,NULL),('RAP-45bd4062:16606219ef4:4b58','RA-45bd4062:16606219ef4:4b56','market.actions.AddMarketRentalRate.rate',NULL,NULL,NULL,NULL,'1928.20','expression',NULL,NULL,NULL,NULL,NULL,NULL),('RAP-45bd4062:16606219ef4:4b59','RA-45bd4062:16606219ef4:4b56','market.actions.AddMarketRentalRate.type',NULL,NULL,NULL,NULL,NULL,NULL,NULL,NULL,NULL,NULL,'MONTH',NULL),('RAP-45bd4062:16606219ef4:4b72','RA-45bd4062:16606219ef4:4b71','market.actions.AddMarketRentalRate.year',NULL,NULL,'RCONST643684be:1661e09fd03:-6691','YR',NULL,NULL,NULL,NULL,NULL,NULL,NULL,NULL),('RAP-45bd4062:16606219ef4:4b73','RA-45bd4062:16606219ef4:4b71','market.actions.AddMarketRentalRate.rate',NULL,NULL,NULL,NULL,'1951.80','expression',NULL,NULL,NULL,NULL,NULL,NULL),('RAP-45bd4062:16606219ef4:4b74','RA-45bd4062:16606219ef4:4b71','market.actions.AddMarketRentalRate.type',NULL,NULL,NULL,NULL,NULL,NULL,NULL,NULL,NULL,NULL,'MONTH',NULL),('RAP-45bd4062:16606219ef4:4ce','RA-45bd4062:16606219ef4:4cd','market.actions.AddMarketRentalRate.year',NULL,NULL,'RCONST643684be:1661e09fd03:-799c','YR',NULL,NULL,NULL,NULL,NULL,NULL,NULL,NULL),('RAP-45bd4062:16606219ef4:4cf','RA-45bd4062:16606219ef4:4cd','market.actions.AddMarketRentalRate.rate',NULL,NULL,NULL,NULL,'1001.85','expression',NULL,NULL,NULL,NULL,NULL,NULL),('RAP-45bd4062:16606219ef4:4d0','RA-45bd4062:16606219ef4:4cd','market.actions.AddMarketRentalRate.type',NULL,NULL,NULL,NULL,NULL,NULL,NULL,NULL,NULL,NULL,'MONTH',NULL),('RAP-45bd4062:16606219ef4:572','RA-45bd4062:16606219ef4:571','market.actions.AddMarketRentalRate.year',NULL,NULL,'RCONST643684be:1661e09fd03:-7aa5','YR',NULL,NULL,NULL,NULL,NULL,NULL,NULL,NULL),('RAP-45bd4062:16606219ef4:573','RA-45bd4062:16606219ef4:571','market.actions.AddMarketRentalRate.rate',NULL,NULL,NULL,NULL,'1013','expression',NULL,NULL,NULL,NULL,NULL,NULL),('RAP-45bd4062:16606219ef4:574','RA-45bd4062:16606219ef4:571','market.actions.AddMarketRentalRate.type',NULL,NULL,NULL,NULL,NULL,NULL,NULL,NULL,NULL,NULL,'MONTH',NULL),('RAP-45bd4062:16606219ef4:7c9','RA-45bd4062:16606219ef4:7c8','market.actions.AddMarketRentalRate.year',NULL,NULL,'RCONST643684be:1661e09fd03:-7b31','YR',NULL,NULL,NULL,NULL,NULL,NULL,NULL,NULL),('RAP-45bd4062:16606219ef4:7ca','RA-45bd4062:16606219ef4:7c8','market.actions.AddMarketRentalRate.rate',NULL,NULL,NULL,NULL,'1083.90','expression',NULL,NULL,NULL,NULL,NULL,NULL),('RAP-45bd4062:16606219ef4:7cb','RA-45bd4062:16606219ef4:7c8','market.actions.AddMarketRentalRate.type',NULL,NULL,NULL,NULL,NULL,NULL,NULL,NULL,NULL,NULL,'MONTH',NULL),('RAP-45bd4062:16606219ef4:86f','RA-45bd4062:16606219ef4:86e','market.actions.AddMarketRentalRate.year',NULL,NULL,'RCONST643684be:1661e09fd03:-7bc7','YR',NULL,NULL,NULL,NULL,NULL,NULL,NULL,NULL),('RAP-45bd4062:16606219ef4:870','RA-45bd4062:16606219ef4:86e','market.actions.AddMarketRentalRate.rate',NULL,NULL,NULL,NULL,'1095','expression',NULL,NULL,NULL,NULL,NULL,NULL),('RAP-45bd4062:16606219ef4:871','RA-45bd4062:16606219ef4:86e','market.actions.AddMarketRentalRate.type',NULL,NULL,NULL,NULL,NULL,NULL,NULL,NULL,NULL,NULL,'MONTH',NULL),('RAP-45bd4062:16606219ef4:8bd','RA-45bd4062:16606219ef4:8bc','market.actions.AddMarketRentalRate.year',NULL,NULL,'RCONST643684be:1661e09fd03:-7c5b','YR',NULL,NULL,NULL,NULL,NULL,NULL,NULL,NULL),('RAP-45bd4062:16606219ef4:8be','RA-45bd4062:16606219ef4:8bc','market.actions.AddMarketRentalRate.rate',NULL,NULL,NULL,NULL,'1149.75','expression',NULL,NULL,NULL,NULL,NULL,NULL),('RAP-45bd4062:16606219ef4:8bf','RA-45bd4062:16606219ef4:8bc','market.actions.AddMarketRentalRate.type',NULL,NULL,NULL,NULL,NULL,NULL,NULL,NULL,NULL,NULL,'MONTH',NULL),('RAP-45bd4062:16606219ef4:918','RA-45bd4062:16606219ef4:917','market.actions.AddMarketRentalRate.year',NULL,NULL,'RCONST643684be:1661e09fd03:-7cfe','YR',NULL,NULL,NULL,NULL,NULL,NULL,NULL,NULL),('RAP-45bd4062:16606219ef4:919','RA-45bd4062:16606219ef4:917','market.actions.AddMarketRentalRate.rate',NULL,NULL,NULL,NULL,'1178.45','expression',NULL,NULL,NULL,NULL,NULL,NULL),('RAP-45bd4062:16606219ef4:91a','RA-45bd4062:16606219ef4:917','market.actions.AddMarketRentalRate.type',NULL,NULL,NULL,NULL,NULL,NULL,NULL,NULL,NULL,NULL,'MONTH',NULL),('RAP-45bd4062:16606219ef4:a08','RA-45bd4062:16606219ef4:a07','market.actions.AddMarketRentalRate.year',NULL,NULL,'RCONST643684be:1661e09fd03:-7d9e','YR',NULL,NULL,NULL,NULL,NULL,NULL,NULL,NULL),('RAP-45bd4062:16606219ef4:a09','RA-45bd4062:16606219ef4:a07','market.actions.AddMarketRentalRate.rate',NULL,NULL,NULL,NULL,'1181.74','expression',NULL,NULL,NULL,NULL,NULL,NULL),('RAP-45bd4062:16606219ef4:a0a','RA-45bd4062:16606219ef4:a07','market.actions.AddMarketRentalRate.type',NULL,NULL,NULL,NULL,NULL,NULL,NULL,NULL,NULL,NULL,'MONTH',NULL),('RAP-45bd4062:16606219ef4:b20','RA-45bd4062:16606219ef4:b1f','market.actions.AddMarketRentalRate.year',NULL,NULL,'RCONST643684be:1661e09fd03:-76f4','YR',NULL,NULL,NULL,NULL,NULL,NULL,NULL,NULL),('RAP-45bd4062:16606219ef4:b21','RA-45bd4062:16606219ef4:b1f','market.actions.AddMarketRentalRate.rate',NULL,NULL,NULL,NULL,'1231.90','expression',NULL,NULL,NULL,NULL,NULL,NULL),('RAP-45bd4062:16606219ef4:b22','RA-45bd4062:16606219ef4:b1f','market.actions.AddMarketRentalRate.type',NULL,NULL,NULL,NULL,NULL,NULL,NULL,NULL,NULL,NULL,'MONTH',NULL),('RAP-45bd4062:16606219ef4:cb6','RA-45bd4062:16606219ef4:cb5','market.actions.AddMarketRentalRate.year',NULL,NULL,'RCONST643684be:1661e09fd03:-7653','YR',NULL,NULL,NULL,NULL,NULL,NULL,NULL,NULL),('RAP-45bd4062:16606219ef4:cb7','RA-45bd4062:16606219ef4:cb5','market.actions.AddMarketRentalRate.rate',NULL,NULL,NULL,NULL,'1246.60','expression',NULL,NULL,NULL,NULL,NULL,NULL),('RAP-45bd4062:16606219ef4:cb8','RA-45bd4062:16606219ef4:cb5','market.actions.AddMarketRentalRate.type',NULL,NULL,NULL,NULL,NULL,NULL,NULL,NULL,NULL,NULL,'MONTH',NULL),('RAP-45bd4062:16606219ef4:d46','RA-45bd4062:16606219ef4:d45','market.actions.AddMarketRentalRate.year',NULL,NULL,'RCONST643684be:1661e09fd03:-75b3','YR',NULL,NULL,NULL,NULL,NULL,NULL,NULL,NULL),('RAP-45bd4062:16606219ef4:d47','RA-45bd4062:16606219ef4:d45','market.actions.AddMarketRentalRate.rate',NULL,NULL,NULL,NULL,'1302.65','expression',NULL,NULL,NULL,NULL,NULL,NULL),('RAP-45bd4062:16606219ef4:d48','RA-45bd4062:16606219ef4:d45','market.actions.AddMarketRentalRate.type',NULL,NULL,NULL,NULL,NULL,NULL,NULL,NULL,NULL,NULL,'MONTH',NULL),('RAP-45bf8d4d:166145606ab:-7186','RA-45bf8d4d:166145606ab:-7189','market.actions.AddMarketRentalRate.type',NULL,NULL,NULL,NULL,NULL,NULL,NULL,NULL,NULL,NULL,'MONTH',NULL),('RAP-45bf8d4d:166145606ab:-7187','RA-45bf8d4d:166145606ab:-7189','market.actions.AddMarketRentalRate.rate',NULL,NULL,NULL,NULL,'1976.70','expression',NULL,NULL,NULL,NULL,NULL,NULL),('RAP-45bf8d4d:166145606ab:-7188','RA-45bf8d4d:166145606ab:-7189','market.actions.AddMarketRentalRate.year',NULL,NULL,'RCONST643684be:1661e09fd03:-6571','YR',NULL,NULL,NULL,NULL,NULL,NULL,NULL,NULL),('RAP-45bf8d4d:166145606ab:117','RA-45bf8d4d:166145606ab:116','market.actions.AddMarketRentalRate.year',NULL,NULL,'RCONST643684be:1661e09fd03:-63a9','YR',NULL,NULL,NULL,NULL,NULL,NULL,NULL,NULL),('RAP-45bf8d4d:166145606ab:118','RA-45bf8d4d:166145606ab:116','market.actions.AddMarketRentalRate.rate',NULL,NULL,NULL,NULL,'122.00','expression',NULL,NULL,NULL,NULL,NULL,NULL),('RAP-45bf8d4d:166145606ab:119','RA-45bf8d4d:166145606ab:116','market.actions.AddMarketRentalRate.type',NULL,NULL,NULL,NULL,NULL,NULL,NULL,NULL,NULL,NULL,'MONTH',NULL),('RAP-45bf8d4d:166145606ab:18c','RA-45bf8d4d:166145606ab:18b','market.actions.AddMarketRentalRate.year',NULL,NULL,'RCONST643684be:1661e09fd03:-62b7','YR',NULL,NULL,NULL,NULL,NULL,NULL,NULL,NULL),('RAP-45bf8d4d:166145606ab:18d','RA-45bf8d4d:166145606ab:18b','market.actions.AddMarketRentalRate.rate',NULL,NULL,NULL,NULL,'128.10','expression',NULL,NULL,NULL,NULL,NULL,NULL),('RAP-45bf8d4d:166145606ab:18e','RA-45bf8d4d:166145606ab:18b','market.actions.AddMarketRentalRate.type',NULL,NULL,NULL,NULL,NULL,NULL,NULL,NULL,NULL,NULL,'MONTH',NULL),('RAP-45bf8d4d:166145606ab:276','RA-45bf8d4d:166145606ab:275','market.actions.AddMarketRentalRate.year',NULL,NULL,'RCONST643684be:1661e09fd03:-6227','YR',NULL,NULL,NULL,NULL,NULL,NULL,NULL,NULL),('RAP-45bf8d4d:166145606ab:277','RA-45bf8d4d:166145606ab:275','market.actions.AddMarketRentalRate.rate',NULL,NULL,NULL,NULL,'2036.65','expression',NULL,NULL,NULL,NULL,NULL,NULL),('RAP-45bf8d4d:166145606ab:278','RA-45bf8d4d:166145606ab:275','market.actions.AddMarketRentalRate.type',NULL,NULL,NULL,NULL,NULL,NULL,NULL,NULL,NULL,NULL,'MONTH',NULL),('RAP-45bf8d4d:166145606ab:303','RA-45bf8d4d:166145606ab:302','market.actions.AddMarketRentalRate.year',NULL,NULL,'RCONST643684be:1661e09fd03:-6197','YR',NULL,NULL,NULL,NULL,NULL,NULL,NULL,NULL),('RAP-45bf8d4d:166145606ab:304','RA-45bf8d4d:166145606ab:302','market.actions.AddMarketRentalRate.rate',NULL,NULL,NULL,NULL,'2059.10','expression',NULL,NULL,NULL,NULL,NULL,NULL),('RAP-45bf8d4d:166145606ab:305','RA-45bf8d4d:166145606ab:302','market.actions.AddMarketRentalRate.type',NULL,NULL,NULL,NULL,NULL,NULL,NULL,NULL,NULL,NULL,'MONTH',NULL),('RAP-45bf8d4d:166145606ab:383','RA-45bf8d4d:166145606ab:382','market.actions.AddMarketRentalRate.year',NULL,NULL,'RCONST643684be:1661e09fd03:-6107','YR',NULL,NULL,NULL,NULL,NULL,NULL,NULL,NULL),('RAP-45bf8d4d:166145606ab:384','RA-45bf8d4d:166145606ab:382','market.actions.AddMarketRentalRate.rate',NULL,NULL,NULL,NULL,'2140.70','expression',NULL,NULL,NULL,NULL,NULL,NULL),('RAP-45bf8d4d:166145606ab:385','RA-45bf8d4d:166145606ab:382','market.actions.AddMarketRentalRate.type',NULL,NULL,NULL,NULL,NULL,NULL,NULL,NULL,NULL,NULL,'MONTH',NULL),('RAP-45bf8d4d:166145606ab:520','RA-45bf8d4d:166145606ab:51f','market.actions.AddMarketRentalRate.year',NULL,NULL,'RCONST643684be:1661e09fd03:-6077','YR',NULL,NULL,NULL,NULL,NULL,NULL,NULL,NULL),('RAP-45bf8d4d:166145606ab:521','RA-45bf8d4d:166145606ab:51f','market.actions.AddMarketRentalRate.rate',NULL,NULL,NULL,NULL,'2155.80','expression',NULL,NULL,NULL,NULL,NULL,NULL),('RAP-45bf8d4d:166145606ab:522','RA-45bf8d4d:166145606ab:51f','market.actions.AddMarketRentalRate.type',NULL,NULL,NULL,NULL,NULL,NULL,NULL,NULL,NULL,NULL,'MONTH',NULL),('RAP-45bf8d4d:166145606ab:5c7','RA-45bf8d4d:166145606ab:5c6','market.actions.AddMarketRentalRate.year',NULL,NULL,'RCONST643684be:1661e09fd03:-5fe7','YR',NULL,NULL,NULL,NULL,NULL,NULL,NULL,NULL),('RAP-45bf8d4d:166145606ab:5c8','RA-45bf8d4d:166145606ab:5c6','market.actions.AddMarketRentalRate.rate',NULL,NULL,NULL,NULL,'2159.10','expression',NULL,NULL,NULL,NULL,NULL,NULL),('RAP-45bf8d4d:166145606ab:5c9','RA-45bf8d4d:166145606ab:5c6','market.actions.AddMarketRentalRate.type',NULL,NULL,NULL,NULL,NULL,NULL,NULL,NULL,NULL,NULL,'MONTH',NULL),('RAP-45bf8d4d:166145606ab:630','RA-45bf8d4d:166145606ab:62f','market.actions.AddMarketRentalRate.year',NULL,NULL,'RCONST643684be:1661e09fd03:-5f57','YR',NULL,NULL,NULL,NULL,NULL,NULL,NULL,NULL),('RAP-45bf8d4d:166145606ab:631','RA-45bf8d4d:166145606ab:62f','market.actions.AddMarketRentalRate.rate',NULL,NULL,NULL,NULL,'2168.90','expression',NULL,NULL,NULL,NULL,NULL,NULL),('RAP-45bf8d4d:166145606ab:632','RA-45bf8d4d:166145606ab:62f','market.actions.AddMarketRentalRate.type',NULL,NULL,NULL,NULL,NULL,NULL,NULL,NULL,NULL,NULL,'MONTH',NULL),('RAP-45bf8d4d:166145606ab:6b6','RA-45bf8d4d:166145606ab:6b5','market.actions.AddMarketRentalRate.year',NULL,NULL,'RCONST643684be:1661e09fd03:-5e49','YR',NULL,NULL,NULL,NULL,NULL,NULL,NULL,NULL),('RAP-45bf8d4d:166145606ab:6b7','RA-45bf8d4d:166145606ab:6b5','market.actions.AddMarketRentalRate.rate',NULL,NULL,NULL,NULL,'2217.40','expression',NULL,NULL,NULL,NULL,NULL,NULL),('RAP-45bf8d4d:166145606ab:6b8','RA-45bf8d4d:166145606ab:6b5','market.actions.AddMarketRentalRate.type',NULL,NULL,NULL,NULL,NULL,NULL,NULL,NULL,NULL,NULL,'MONTH',NULL),('RAP-45bf8d4d:166145606ab:734','RA-45bf8d4d:166145606ab:733','market.actions.AddMarketRentalRate.year',NULL,NULL,'RCONST643684be:1661e09fd03:-5db9','YR',NULL,NULL,NULL,NULL,NULL,NULL,NULL,NULL),('RAP-45bf8d4d:166145606ab:735','RA-45bf8d4d:166145606ab:733','market.actions.AddMarketRentalRate.rate',NULL,NULL,NULL,NULL,'2266.65','expression',NULL,NULL,NULL,NULL,NULL,NULL),('RAP-45bf8d4d:166145606ab:736','RA-45bf8d4d:166145606ab:733','market.actions.AddMarketRentalRate.type',NULL,NULL,NULL,NULL,NULL,NULL,NULL,NULL,NULL,NULL,'MONTH',NULL),('RAP-45bf8d4d:166145606ab:77b','RA-45bf8d4d:166145606ab:77a','market.actions.AddMarketRentalRate.year',NULL,NULL,'RCONST-6a89d374:1661d85cb82:-14fc','YR',NULL,NULL,NULL,NULL,NULL,NULL,NULL,NULL),('RAP-45bf8d4d:166145606ab:77c','RA-45bf8d4d:166145606ab:77a','market.actions.AddMarketRentalRate.rate',NULL,NULL,NULL,NULL,'2326.90','expression',NULL,NULL,NULL,NULL,NULL,NULL),('RAP-45bf8d4d:166145606ab:77d','RA-45bf8d4d:166145606ab:77a','market.actions.AddMarketRentalRate.type',NULL,NULL,NULL,NULL,NULL,NULL,NULL,NULL,NULL,NULL,'MONTH',NULL),('RAP-45bf8d4d:166145606ab:7ec','RA-45bf8d4d:166145606ab:7eb','market.actions.AddMarketRentalRate.year',NULL,NULL,'RCONST-6a89d374:1661d85cb82:-15f6','YR',NULL,NULL,NULL,NULL,NULL,NULL,NULL,NULL),('RAP-45bf8d4d:166145606ab:7ed','RA-45bf8d4d:166145606ab:7eb','market.actions.AddMarketRentalRate.rate',NULL,NULL,NULL,NULL,'2356.65','expression',NULL,NULL,NULL,NULL,NULL,NULL),('RAP-45bf8d4d:166145606ab:7ee','RA-45bf8d4d:166145606ab:7eb','market.actions.AddMarketRentalRate.type',NULL,NULL,NULL,NULL,NULL,NULL,NULL,NULL,NULL,NULL,'MONTH',NULL),('RAP-45bf8d4d:166145606ab:83f','RA-45bf8d4d:166145606ab:83e','market.actions.AddMarketRentalRate.year',NULL,NULL,'RCONST-6a89d374:1661d85cb82:-1686','YR',NULL,NULL,NULL,NULL,NULL,NULL,NULL,NULL),('RAP-45bf8d4d:166145606ab:840','RA-45bf8d4d:166145606ab:83e','market.actions.AddMarketRentalRate.rate',NULL,NULL,NULL,NULL,'2409.00','expression',NULL,NULL,NULL,NULL,NULL,NULL),('RAP-45bf8d4d:166145606ab:841','RA-45bf8d4d:166145606ab:83e','market.actions.AddMarketRentalRate.type',NULL,NULL,NULL,NULL,NULL,NULL,NULL,NULL,NULL,NULL,'MONTH',NULL),('RAP-45bf8d4d:166145606ab:8bf','RA-45bf8d4d:166145606ab:8be','market.actions.AddMarketRentalRate.year',NULL,NULL,'RCONST-6a89d374:1661d85cb82:-1716','YR',NULL,NULL,NULL,NULL,NULL,NULL,NULL,NULL),('RAP-45bf8d4d:166145606ab:8c0','RA-45bf8d4d:166145606ab:8be','market.actions.AddMarketRentalRate.rate',NULL,NULL,NULL,NULL,'2455.60','expression',NULL,NULL,NULL,NULL,NULL,NULL),('RAP-45bf8d4d:166145606ab:8c1','RA-45bf8d4d:166145606ab:8be','market.actions.AddMarketRentalRate.type',NULL,NULL,NULL,NULL,NULL,NULL,NULL,NULL,NULL,NULL,'MONTH',NULL),('RAP-45bf8d4d:166145606ab:a7','RA-45bf8d4d:166145606ab:a6','market.actions.AddMarketRentalRate.year',NULL,NULL,'RCONST643684be:1661e09fd03:-64e1','YR',NULL,NULL,NULL,NULL,NULL,NULL,NULL,NULL),('RAP-45bf8d4d:166145606ab:a8','RA-45bf8d4d:166145606ab:a6','market.actions.AddMarketRentalRate.rate',NULL,NULL,NULL,NULL,'10879.80','expression',NULL,NULL,NULL,NULL,NULL,NULL),('RAP-45bf8d4d:166145606ab:a9','RA-45bf8d4d:166145606ab:a6','market.actions.AddMarketRentalRate.type',NULL,NULL,NULL,NULL,NULL,NULL,NULL,NULL,NULL,NULL,'MONTH',NULL),('RAP-45bf8d4d:166195ed622:-2c0d','RA-45bf8d4d:166195ed622:-2c10','market.actions.AddMarketRentalRate.year',NULL,NULL,'RCONST-6a89d374:1661d85cb82:-1837','YR',NULL,NULL,NULL,NULL,NULL,NULL,NULL,NULL),('RAP-45bf8d4d:166195ed622:-2c0e','RA-45bf8d4d:166195ed622:-2c10','market.actions.AddMarketRentalRate.rate',NULL,NULL,NULL,NULL,'2633.3','expression',NULL,NULL,NULL,NULL,NULL,NULL),('RAP-45bf8d4d:166195ed622:-2c0f','RA-45bf8d4d:166195ed622:-2c10','market.actions.AddMarketRentalRate.type',NULL,NULL,NULL,NULL,NULL,NULL,NULL,NULL,NULL,NULL,'MONTH',NULL),('RAP-45bf8d4d:166195ed622:-4c70','RA-45bf8d4d:166195ed622:-4c73','market.actions.AddMarketRentalRate.type',NULL,NULL,NULL,NULL,NULL,NULL,NULL,NULL,NULL,NULL,'MONTH',NULL),('RAP-45bf8d4d:166195ed622:-4c71','RA-45bf8d4d:166195ed622:-4c73','market.actions.AddMarketRentalRate.rate',NULL,NULL,NULL,NULL,'2586.95','expression',NULL,NULL,NULL,NULL,NULL,NULL),('RAP-45bf8d4d:166195ed622:-4c72','RA-45bf8d4d:166195ed622:-4c73','market.actions.AddMarketRentalRate.year',NULL,NULL,'RCONST-6a89d374:1661d85cb82:-17a7','YR',NULL,NULL,NULL,NULL,NULL,NULL,NULL,NULL),('RAP-45bf8d4d:166195ed622:-f14','RA-45bf8d4d:166195ed622:-f17','market.actions.AddMarketRentalRate.type',NULL,NULL,NULL,NULL,NULL,NULL,NULL,NULL,NULL,NULL,'MONTH',NULL),('RAP-45bf8d4d:166195ed622:-f15','RA-45bf8d4d:166195ed622:-f17','market.actions.AddMarketRentalRate.rate',NULL,NULL,NULL,NULL,'2710.15','expression',NULL,NULL,NULL,NULL,NULL,NULL),('RAP-45bf8d4d:166195ed622:-f16','RA-45bf8d4d:166195ed622:-f17','market.actions.AddMarketRentalRate.year',NULL,NULL,'RCONST-6a89d374:1661d85cb82:-18c7','YR',NULL,NULL,NULL,NULL,NULL,NULL,NULL,NULL),('RAP-45bf8d4d:166195ed622:2f65','RA-45bf8d4d:166195ed622:2f64','market.actions.AddMarketRentalRate.type',NULL,NULL,NULL,NULL,NULL,NULL,NULL,NULL,NULL,NULL,'MONTH',NULL),('RAP-45bf8d4d:166195ed622:2f66','RA-45bf8d4d:166195ed622:2f64','market.actions.AddMarketRentalRate.rate',NULL,NULL,NULL,NULL,'2737.55','expression',NULL,NULL,NULL,NULL,NULL,NULL),('RAP-45bf8d4d:166195ed622:2f67','RA-45bf8d4d:166195ed622:2f64','market.actions.AddMarketRentalRate.year',NULL,NULL,'RCONST-6a89d374:1661d85cb82:-1957','YR',NULL,NULL,NULL,NULL,NULL,NULL,NULL,NULL),('RAP-45bf8d4d:166195ed622:3dd5','RA-45bf8d4d:166195ed622:3dd4','market.actions.AddMarketRentalRate.type',NULL,NULL,NULL,NULL,NULL,NULL,NULL,NULL,NULL,NULL,'MONTH',NULL),('RAP-45bf8d4d:166195ed622:3dd6','RA-45bf8d4d:166195ed622:3dd4','market.actions.AddMarketRentalRate.rate',NULL,NULL,NULL,NULL,'2771.70','expression',NULL,NULL,NULL,NULL,NULL,NULL),('RAP-45bf8d4d:166195ed622:3dd7','RA-45bf8d4d:166195ed622:3dd4','market.actions.AddMarketRentalRate.year',NULL,NULL,'RCONST-6a89d374:1661d85cb82:-19e7','YR',NULL,NULL,NULL,NULL,NULL,NULL,NULL,NULL),('RAP-45bf8d4d:166196c3991:-6684','RA-45bf8d4d:166196c3991:-6687','market.actions.AddMarketRentalRate.type',NULL,NULL,NULL,NULL,NULL,NULL,NULL,NULL,NULL,NULL,'MONTH',NULL),('RAP-45bf8d4d:166196c3991:-6685','RA-45bf8d4d:166196c3991:-6687','market.actions.AddMarketRentalRate.rate',NULL,NULL,NULL,NULL,'2800.48','expression',NULL,NULL,NULL,NULL,NULL,NULL),('RAP-45bf8d4d:166196c3991:-6686','RA-45bf8d4d:166196c3991:-6687','market.actions.AddMarketRentalRate.year',NULL,NULL,'RCONST-6a89d374:1661d85cb82:-1b0e','YR',NULL,NULL,NULL,NULL,NULL,NULL,NULL,NULL),('RAP-45bf8d4d:166196c3991:-6fa4','RA-45bf8d4d:166196c3991:-6fa7','market.actions.AddMarketRentalRate.year',NULL,NULL,'RCONST-6a89d374:1661d85cb82:-1a77','YR',NULL,NULL,NULL,NULL,NULL,NULL,NULL,NULL),('RAP-45bf8d4d:166196c3991:-6fa5','RA-45bf8d4d:166196c3991:-6fa7','market.actions.AddMarketRentalRate.rate',NULL,NULL,NULL,NULL,'2771.75','expression',NULL,NULL,NULL,NULL,NULL,NULL),('RAP-45bf8d4d:166196c3991:-6fa6','RA-45bf8d4d:166196c3991:-6fa7','market.actions.AddMarketRentalRate.type',NULL,NULL,NULL,NULL,NULL,NULL,NULL,NULL,NULL,NULL,'MONTH',NULL),('RAP-45bf8d4d:166197c026e:269','RA-45bf8d4d:166197c026e:268','market.actions.AddMarketRentalRate.type',NULL,NULL,NULL,NULL,NULL,NULL,NULL,NULL,NULL,NULL,'MONTH',NULL),('RAP-45bf8d4d:166197c026e:26a','RA-45bf8d4d:166197c026e:268','market.actions.AddMarketRentalRate.rate',NULL,NULL,NULL,NULL,'2825.32','expression',NULL,NULL,NULL,NULL,NULL,NULL),('RAP-45bf8d4d:166197c026e:26b','RA-45bf8d4d:166197c026e:268','market.actions.AddMarketRentalRate.year',NULL,NULL,'RCONST-6a89d374:1661d85cb82:-1ba4','YR',NULL,NULL,NULL,NULL,NULL,NULL,NULL,NULL),('RAP-45bf8d4d:16619821daa:-174a','RA-45bf8d4d:16619821daa:-174d','market.actions.AddMarketRentalRate.year',NULL,NULL,'RCONST-6a89d374:1661d85cb82:-1f16','YR',NULL,NULL,NULL,NULL,NULL,NULL,NULL,NULL),('RAP-45bf8d4d:16619821daa:-174b','RA-45bf8d4d:16619821daa:-174d','market.actions.AddMarketRentalRate.rate',NULL,NULL,NULL,NULL,'3161.85','expression',NULL,NULL,NULL,NULL,NULL,NULL),('RAP-45bf8d4d:16619821daa:-174c','RA-45bf8d4d:16619821daa:-174d','market.actions.AddMarketRentalRate.type',NULL,NULL,NULL,NULL,NULL,NULL,NULL,NULL,NULL,NULL,'MONTH',NULL),('RAP-45bf8d4d:16619821daa:-1fc','RA-45bf8d4d:16619821daa:-1ff','market.actions.AddMarketRentalRate.type',NULL,NULL,NULL,NULL,NULL,NULL,NULL,NULL,NULL,NULL,'MONTH',NULL),('RAP-45bf8d4d:16619821daa:-1fd','RA-45bf8d4d:16619821daa:-1ff','market.actions.AddMarketRentalRate.rate',NULL,NULL,NULL,NULL,'3187.45','expression',NULL,NULL,NULL,NULL,NULL,NULL),('RAP-45bf8d4d:16619821daa:-1fe','RA-45bf8d4d:16619821daa:-1ff','market.actions.AddMarketRentalRate.year',NULL,NULL,'RCONST-6a89d374:1661d85cb82:-1fd5','YR',NULL,NULL,NULL,NULL,NULL,NULL,NULL,NULL),('RAP-45bf8d4d:16619821daa:-25f8','RA-45bf8d4d:16619821daa:-25fb','market.actions.AddMarketRentalRate.type',NULL,NULL,NULL,NULL,NULL,NULL,NULL,NULL,NULL,NULL,'MONTH',NULL),('RAP-45bf8d4d:16619821daa:-25f9','RA-45bf8d4d:16619821daa:-25fb','market.actions.AddMarketRentalRate.rate',NULL,NULL,NULL,NULL,'3105.55','expression',NULL,NULL,NULL,NULL,NULL,NULL),('RAP-45bf8d4d:16619821daa:-25fa','RA-45bf8d4d:16619821daa:-25fb','market.actions.AddMarketRentalRate.year',NULL,NULL,'RCONST-6a89d374:1661d85cb82:-1e86','YR',NULL,NULL,NULL,NULL,NULL,NULL,NULL,NULL),('RAP-45bf8d4d:16619821daa:-3820','RA-45bf8d4d:16619821daa:-3823','market.actions.AddMarketRentalRate.year',NULL,NULL,'RCONST-6a89d374:1661d85cb82:-1df0','YR',NULL,NULL,NULL,NULL,NULL,NULL,NULL,NULL),('RAP-45bf8d4d:16619821daa:-3821','RA-45bf8d4d:16619821daa:-3823','market.actions.AddMarketRentalRate.rate',NULL,NULL,NULL,NULL,'2883.55','expression',NULL,NULL,NULL,NULL,NULL,NULL),('RAP-45bf8d4d:16619821daa:-3822','RA-45bf8d4d:16619821daa:-3823','market.actions.AddMarketRentalRate.type',NULL,NULL,NULL,NULL,NULL,NULL,NULL,NULL,NULL,NULL,'MONTH',NULL),('RAP-45bf8d4d:16619821daa:-4240','RA-45bf8d4d:16619821daa:-4243','market.actions.AddMarketRentalRate.type',NULL,NULL,NULL,NULL,NULL,NULL,NULL,NULL,NULL,NULL,'MONTH',NULL),('RAP-45bf8d4d:16619821daa:-4241','RA-45bf8d4d:16619821daa:-4243','market.actions.AddMarketRentalRate.rate',NULL,NULL,NULL,NULL,'2874.45','expression',NULL,NULL,NULL,NULL,NULL,NULL),('RAP-45bf8d4d:16619821daa:-4242','RA-45bf8d4d:16619821daa:-4243','market.actions.AddMarketRentalRate.year',NULL,NULL,'RCONST-6a89d374:1661d85cb82:-1d5a','YR',NULL,NULL,NULL,NULL,NULL,NULL,NULL,NULL),('RAP-45bf8d4d:16619821daa:-4899','RA-45bf8d4d:16619821daa:-489c','market.actions.AddMarketRentalRate.year',NULL,NULL,'RCONST-6a89d374:1661d85cb82:-1cca','YR',NULL,NULL,NULL,NULL,NULL,NULL,NULL,NULL),('RAP-45bf8d4d:16619821daa:-489a','RA-45bf8d4d:16619821daa:-489c','market.actions.AddMarketRentalRate.rate',NULL,NULL,NULL,NULL,'2870.65','expression',NULL,NULL,NULL,NULL,NULL,NULL),('RAP-45bf8d4d:16619821daa:-489b','RA-45bf8d4d:16619821daa:-489c','market.actions.AddMarketRentalRate.type',NULL,NULL,NULL,NULL,NULL,NULL,NULL,NULL,NULL,NULL,'MONTH',NULL),('RAP-45bf8d4d:16619821daa:-7aef','RA-45bf8d4d:16619821daa:-7af2','market.actions.AddMarketRentalRate.year',NULL,NULL,'RCONST-6a89d374:1661d85cb82:-1c34','YR',NULL,NULL,NULL,NULL,NULL,NULL,NULL,NULL),('RAP-45bf8d4d:16619821daa:-7af0','RA-45bf8d4d:16619821daa:-7af2','market.actions.AddMarketRentalRate.rate',NULL,NULL,NULL,NULL,'2828.80','expression',NULL,NULL,NULL,NULL,NULL,NULL),('RAP-45bf8d4d:16619821daa:-7af1','RA-45bf8d4d:16619821daa:-7af2','market.actions.AddMarketRentalRate.type',NULL,NULL,NULL,NULL,NULL,NULL,NULL,NULL,NULL,NULL,'MONTH',NULL),('RAP-45bf8d4d:16619821daa:15ed','RA-45bf8d4d:16619821daa:15ec','market.actions.AddMarketRentalRate.type',NULL,NULL,NULL,NULL,NULL,NULL,NULL,NULL,NULL,NULL,'MONTH',NULL),('RAP-45bf8d4d:16619821daa:15ee','RA-45bf8d4d:16619821daa:15ec','market.actions.AddMarketRentalRate.rate',NULL,NULL,NULL,NULL,'3229.5','expression',NULL,NULL,NULL,NULL,NULL,NULL),('RAP-45bf8d4d:16619821daa:15ef','RA-45bf8d4d:16619821daa:15ec','market.actions.AddMarketRentalRate.year',NULL,NULL,'RCONST-6a89d374:1661d85cb82:-2185','YR',NULL,NULL,NULL,NULL,NULL,NULL,NULL,NULL),('RAP-45bf8d4d:16619821daa:1e47','RA-45bf8d4d:16619821daa:1e46','market.actions.AddMarketRentalRate.type',NULL,NULL,NULL,NULL,NULL,NULL,NULL,NULL,NULL,NULL,'MONTH',NULL),('RAP-45bf8d4d:16619821daa:1e48','RA-45bf8d4d:16619821daa:1e46','market.actions.AddMarketRentalRate.rate',NULL,NULL,NULL,NULL,'4003.70','expression',NULL,NULL,NULL,NULL,NULL,NULL),('RAP-45bf8d4d:16619821daa:1e49','RA-45bf8d4d:16619821daa:1e46','market.actions.AddMarketRentalRate.year',NULL,NULL,'RCONST-6a89d374:1661d85cb82:-221b','YR',NULL,NULL,NULL,NULL,NULL,NULL,NULL,NULL),('RAP-45bf8d4d:16619821daa:250b','RA-45bf8d4d:16619821daa:250a','market.actions.AddMarketRentalRate.type',NULL,NULL,NULL,NULL,NULL,NULL,NULL,NULL,NULL,NULL,'MONTH',NULL),('RAP-45bf8d4d:16619821daa:250c','RA-45bf8d4d:16619821daa:250a','market.actions.AddMarketRentalRate.rate',NULL,NULL,NULL,NULL,'4126.90','expression',NULL,NULL,NULL,NULL,NULL,NULL),('RAP-45bf8d4d:16619821daa:250d','RA-45bf8d4d:16619821daa:250a','market.actions.AddMarketRentalRate.year',NULL,NULL,'RCONST-6a89d374:1661d85cb82:-22b2','YR',NULL,NULL,NULL,NULL,NULL,NULL,NULL,NULL),('RAP-45bf8d4d:16619821daa:351b','RA-45bf8d4d:16619821daa:351a','market.actions.AddMarketRentalRate.type',NULL,NULL,NULL,NULL,NULL,NULL,NULL,NULL,NULL,NULL,'MONTH',NULL),('RAP-45bf8d4d:16619821daa:351c','RA-45bf8d4d:16619821daa:351a','market.actions.AddMarketRentalRate.rate',NULL,NULL,NULL,NULL,'4311.67','expression',NULL,NULL,NULL,NULL,NULL,NULL),('RAP-45bf8d4d:16619821daa:351d','RA-45bf8d4d:16619821daa:351a','market.actions.AddMarketRentalRate.year',NULL,NULL,'RCONST-6a89d374:1661d85cb82:-2375','YR',NULL,NULL,NULL,NULL,NULL,NULL,NULL,NULL),('RAP-45bf8d4d:16619821daa:3a32','RA-45bf8d4d:16619821daa:3a31','market.actions.AddMarketRentalRate.type',NULL,NULL,NULL,NULL,NULL,NULL,NULL,NULL,NULL,NULL,'MONTH',NULL),('RAP-45bf8d4d:16619821daa:3a33','RA-45bf8d4d:16619821daa:3a31','market.actions.AddMarketRentalRate.rate',NULL,NULL,NULL,NULL,'4320.00','expression',NULL,NULL,NULL,NULL,NULL,NULL),('RAP-45bf8d4d:16619821daa:3a34','RA-45bf8d4d:16619821daa:3a31','market.actions.AddMarketRentalRate.year',NULL,NULL,'RCONST-6a89d374:1661d85cb82:-2405','YR',NULL,NULL,NULL,NULL,NULL,NULL,NULL,NULL),('RAP-45bf8d4d:16619821daa:3fe6','RA-45bf8d4d:16619821daa:3fe5','market.actions.AddMarketRentalRate.type',NULL,NULL,NULL,NULL,NULL,NULL,NULL,NULL,NULL,NULL,'MONTH',NULL),('RAP-45bf8d4d:16619821daa:3fe7','RA-45bf8d4d:16619821daa:3fe5','market.actions.AddMarketRentalRate.rate',NULL,NULL,NULL,NULL,'4818.05','expression',NULL,NULL,NULL,NULL,NULL,NULL),('RAP-45bf8d4d:16619821daa:3fe8','RA-45bf8d4d:16619821daa:3fe5','market.actions.AddMarketRentalRate.year',NULL,NULL,'RCONST-6a89d374:1661d85cb82:-6436','YR',NULL,NULL,NULL,NULL,NULL,NULL,NULL,NULL),('RAP-45bf8d4d:16619821daa:688b','RA-45bf8d4d:16619821daa:688a','market.actions.AddMarketRentalRate.type',NULL,NULL,NULL,NULL,NULL,NULL,NULL,NULL,NULL,NULL,'MONTH',NULL),('RAP-45bf8d4d:16619821daa:688c','RA-45bf8d4d:16619821daa:688a','market.actions.AddMarketRentalRate.rate',NULL,NULL,NULL,NULL,'451.60','expression',NULL,NULL,NULL,NULL,NULL,NULL),('RAP-45bf8d4d:16619821daa:688d','RA-45bf8d4d:16619821daa:688a','market.actions.AddMarketRentalRate.year',NULL,NULL,'RCONST-6a89d374:1661d85cb82:-24bb','YR',NULL,NULL,NULL,NULL,NULL,NULL,NULL,NULL),('RAP-45bf8d4d:16619821daa:7837','RA-45bf8d4d:16619821daa:7836','market.actions.AddMarketRentalRate.type',NULL,NULL,NULL,NULL,NULL,NULL,NULL,NULL,NULL,NULL,'MONTH',NULL),('RAP-45bf8d4d:16619821daa:7838','RA-45bf8d4d:16619821daa:7836','market.actions.AddMarketRentalRate.rate',NULL,NULL,NULL,NULL,'455','expression',NULL,NULL,NULL,NULL,NULL,NULL),('RAP-45bf8d4d:16619821daa:7839','RA-45bf8d4d:16619821daa:7836','market.actions.AddMarketRentalRate.year',NULL,NULL,'RCONST-6a89d374:1661d85cb82:-254b','YR',NULL,NULL,NULL,NULL,NULL,NULL,NULL,NULL),('RAP-45bf8d4d:16619821daa:7d6','RA-45bf8d4d:16619821daa:7d5','market.actions.AddMarketRentalRate.type',NULL,NULL,NULL,NULL,NULL,NULL,NULL,NULL,NULL,NULL,'MONTH',NULL),('RAP-45bf8d4d:16619821daa:7d7','RA-45bf8d4d:16619821daa:7d5','market.actions.AddMarketRentalRate.rate',NULL,NULL,NULL,NULL,'3770.20','expression',NULL,NULL,NULL,NULL,NULL,NULL),('RAP-45bf8d4d:16619821daa:7d8','RA-45bf8d4d:16619821daa:7d5','market.actions.AddMarketRentalRate.year',NULL,NULL,'RCONST-6a89d374:1661d85cb82:-2065','YR',NULL,NULL,NULL,NULL,NULL,NULL,NULL,NULL),('RAP-45bf8d4d:16619821daa:da8','RA-45bf8d4d:16619821daa:da7','market.actions.AddMarketRentalRate.type',NULL,NULL,NULL,NULL,NULL,NULL,NULL,NULL,NULL,NULL,'MONTH',NULL),('RAP-45bf8d4d:16619821daa:da9','RA-45bf8d4d:16619821daa:da7','market.actions.AddMarketRentalRate.rate',NULL,NULL,NULL,NULL,'3044.4','expression',NULL,NULL,NULL,NULL,NULL,NULL),('RAP-45bf8d4d:16619821daa:daa','RA-45bf8d4d:16619821daa:da7','market.actions.AddMarketRentalRate.year',NULL,NULL,'RCONST-6a89d374:1661d85cb82:-20f5','YR',NULL,NULL,NULL,NULL,NULL,NULL,NULL,NULL),('RAP-45bf8d4d:1661998757d:-1cc8','RA-45bf8d4d:1661998757d:-1ccb','market.actions.AddMarketRentalRate.type',NULL,NULL,NULL,NULL,NULL,NULL,NULL,NULL,NULL,NULL,'MONTH',NULL),('RAP-45bf8d4d:1661998757d:-1cc9','RA-45bf8d4d:1661998757d:-1ccb','market.actions.AddMarketRentalRate.rate',NULL,NULL,NULL,NULL,'6022.65','expression',NULL,NULL,NULL,NULL,NULL,NULL),('RAP-45bf8d4d:1661998757d:-1cca','RA-45bf8d4d:1661998757d:-1ccb','market.actions.AddMarketRentalRate.year',NULL,NULL,'RCONST-6a89d374:1661d85cb82:-27c9','YR',NULL,NULL,NULL,NULL,NULL,NULL,NULL,NULL),('RAP-45bf8d4d:1661998757d:-3f24','RA-45bf8d4d:1661998757d:-3f27','market.actions.AddMarketRentalRate.year',NULL,NULL,'RCONST-6a89d374:1661d85cb82:-273b','YR',NULL,NULL,NULL,NULL,NULL,NULL,NULL,NULL),('RAP-45bf8d4d:1661998757d:-3f25','RA-45bf8d4d:1661998757d:-3f27','market.actions.AddMarketRentalRate.rate',NULL,NULL,NULL,NULL,'6002.65','expression',NULL,NULL,NULL,NULL,NULL,NULL),('RAP-45bf8d4d:1661998757d:-3f26','RA-45bf8d4d:1661998757d:-3f27','market.actions.AddMarketRentalRate.type',NULL,NULL,NULL,NULL,NULL,NULL,NULL,NULL,NULL,NULL,'MONTH',NULL),('RAP-45bf8d4d:1661998757d:-549e','RA-45bf8d4d:1661998757d:-54a1','market.actions.AddMarketRentalRate.type',NULL,NULL,NULL,NULL,NULL,NULL,NULL,NULL,NULL,NULL,'MONTH',NULL),('RAP-45bf8d4d:1661998757d:-549f','RA-45bf8d4d:1661998757d:-54a1','market.actions.AddMarketRentalRate.rate',NULL,NULL,NULL,NULL,'568.65','expression',NULL,NULL,NULL,NULL,NULL,NULL),('RAP-45bf8d4d:1661998757d:-54a0','RA-45bf8d4d:1661998757d:-54a1','market.actions.AddMarketRentalRate.year',NULL,NULL,'RCONST-6a89d374:1661d85cb82:-26ad','YR',NULL,NULL,NULL,NULL,NULL,NULL,NULL,NULL),('RAP-45bf8d4d:1661998757d:-6523','RA-45bf8d4d:1661998757d:-6526','market.actions.AddMarketRentalRate.year',NULL,NULL,'RCONST-6a89d374:1661d85cb82:-25db','YR',NULL,NULL,NULL,NULL,NULL,NULL,NULL,NULL),('RAP-45bf8d4d:1661998757d:-6524','RA-45bf8d4d:1661998757d:-6526','market.actions.AddMarketRentalRate.rate',NULL,NULL,NULL,NULL,'5400.00','expression',NULL,NULL,NULL,NULL,NULL,NULL),('RAP-45bf8d4d:1661998757d:-6525','RA-45bf8d4d:1661998757d:-6526','market.actions.AddMarketRentalRate.type',NULL,NULL,NULL,NULL,NULL,NULL,NULL,NULL,NULL,NULL,'MONTH',NULL),('RAP-45bf8d4d:1661998757d:-8b6','RA-45bf8d4d:1661998757d:-8b9','market.actions.AddMarketRentalRate.type',NULL,NULL,NULL,NULL,NULL,NULL,NULL,NULL,NULL,NULL,'MONTH',NULL),('RAP-45bf8d4d:1661998757d:-8b7','RA-45bf8d4d:1661998757d:-8b9','market.actions.AddMarketRentalRate.rate',NULL,NULL,NULL,NULL,'6480','expression',NULL,NULL,NULL,NULL,NULL,NULL),('RAP-45bf8d4d:1661998757d:-8b8','RA-45bf8d4d:1661998757d:-8b9','market.actions.AddMarketRentalRate.year',NULL,NULL,'RCONST-6a89d374:1661d85cb82:-2858','YR',NULL,NULL,NULL,NULL,NULL,NULL,NULL,NULL),('RAP-45bf8d4d:1661998757d:175a','RA-45bf8d4d:1661998757d:1759','market.actions.AddMarketRentalRate.type',NULL,NULL,NULL,NULL,NULL,NULL,NULL,NULL,NULL,NULL,'MONTH',NULL),('RAP-45bf8d4d:1661998757d:175b','RA-45bf8d4d:1661998757d:1759','market.actions.AddMarketRentalRate.rate',NULL,NULL,NULL,NULL,'6874.55','expression',NULL,NULL,NULL,NULL,NULL,NULL),('RAP-45bf8d4d:1661998757d:175c','RA-45bf8d4d:1661998757d:1759','market.actions.AddMarketRentalRate.year',NULL,NULL,'RCONST-6a89d374:1661d85cb82:-2983','YR',NULL,NULL,NULL,NULL,NULL,NULL,NULL,NULL),('RAP-45bf8d4d:1661998757d:5cf','RA-45bf8d4d:1661998757d:5ce','market.actions.AddMarketRentalRate.type',NULL,NULL,NULL,NULL,NULL,NULL,NULL,NULL,NULL,NULL,'MONTH',NULL),('RAP-45bf8d4d:1661998757d:5d0','RA-45bf8d4d:1661998757d:5ce','market.actions.AddMarketRentalRate.rate',NULL,NULL,NULL,NULL,'6624.90','expression',NULL,NULL,NULL,NULL,NULL,NULL),('RAP-45bf8d4d:1661998757d:5d1','RA-45bf8d4d:1661998757d:5ce','market.actions.AddMarketRentalRate.year',NULL,NULL,'RCONST-6a89d374:1661d85cb82:-28ef','YR',NULL,NULL,NULL,NULL,NULL,NULL,NULL,NULL),('RAP-45bf8d4d:16619a606af:-26f9','RA-45bf8d4d:16619a606af:-26fc','market.actions.AddMarketRentalRate.year',NULL,NULL,'RCONST-6a89d374:1661d85cb82:-2b89','YR',NULL,NULL,NULL,NULL,NULL,NULL,NULL,NULL),('RAP-45bf8d4d:16619a606af:-26fa','RA-45bf8d4d:16619a606af:-26fc','market.actions.AddMarketRentalRate.rate',NULL,NULL,NULL,NULL,'7528.30','expression',NULL,NULL,NULL,NULL,NULL,NULL),('RAP-45bf8d4d:16619a606af:-26fb','RA-45bf8d4d:16619a606af:-26fc','market.actions.AddMarketRentalRate.type',NULL,NULL,NULL,NULL,NULL,NULL,NULL,NULL,NULL,NULL,'MONTH',NULL),('RAP-45bf8d4d:16619a606af:-3f24','RA-45bf8d4d:16619a606af:-3f27','market.actions.AddMarketRentalRate.type',NULL,NULL,NULL,NULL,NULL,NULL,NULL,NULL,NULL,NULL,'MONTH',NULL),('RAP-45bf8d4d:16619a606af:-3f25','RA-45bf8d4d:16619a606af:-3f27','market.actions.AddMarketRentalRate.rate',NULL,NULL,NULL,NULL,'669.18','expression',NULL,NULL,NULL,NULL,NULL,NULL),('RAP-45bf8d4d:16619a606af:-3f26','RA-45bf8d4d:16619a606af:-3f27','market.actions.AddMarketRentalRate.year',NULL,NULL,'RCONST-6a89d374:1661d85cb82:-2aa8','YR',NULL,NULL,NULL,NULL,NULL,NULL,NULL,NULL),('RAP-45bf8d4d:16619a606af:-51ec','RA-45bf8d4d:16619a606af:-51ef','market.actions.AddMarketRentalRate.year',NULL,NULL,'RCONST-6a89d374:1661d85cb82:-2a18','YR',NULL,NULL,NULL,NULL,NULL,NULL,NULL,NULL),('RAP-45bf8d4d:16619a606af:-51ed','RA-45bf8d4d:16619a606af:-51ef','market.actions.AddMarketRentalRate.rate',NULL,NULL,NULL,NULL,'601.70','expression',NULL,NULL,NULL,NULL,NULL,NULL),('RAP-45bf8d4d:16619a606af:-51ee','RA-45bf8d4d:16619a606af:-51ef','market.actions.AddMarketRentalRate.type',NULL,NULL,NULL,NULL,NULL,NULL,NULL,NULL,NULL,NULL,'MONTH',NULL),('RAP-45bf8d4d:16619ad7379:-1063','RA-45bf8d4d:16619ad7379:-1066','market.actions.AddMarketRentalRate.type',NULL,NULL,NULL,NULL,NULL,NULL,NULL,NULL,NULL,NULL,'MONTH',NULL),('RAP-45bf8d4d:16619ad7379:-1064','RA-45bf8d4d:16619ad7379:-1066','market.actions.AddMarketRentalRate.rate',NULL,NULL,NULL,NULL,'7640.80','expression',NULL,NULL,NULL,NULL,NULL,NULL),('RAP-45bf8d4d:16619ad7379:-1065','RA-45bf8d4d:16619ad7379:-1066','market.actions.AddMarketRentalRate.year',NULL,NULL,'RCONST-6a89d374:1661d85cb82:-2c19','YR',NULL,NULL,NULL,NULL,NULL,NULL,NULL,NULL),('RAP-45bf8d4d:16619ad7379:1fbb','RA-45bf8d4d:16619ad7379:1fba','market.actions.AddMarketRentalRate.type',NULL,NULL,NULL,NULL,NULL,NULL,NULL,NULL,NULL,NULL,'MONTH',NULL),('RAP-45bf8d4d:16619ad7379:1fbc','RA-45bf8d4d:16619ad7379:1fba','market.actions.AddMarketRentalRate.rate',NULL,NULL,NULL,NULL,'7740.00','expression',NULL,NULL,NULL,NULL,NULL,NULL),('RAP-45bf8d4d:16619ad7379:1fbd','RA-45bf8d4d:16619ad7379:1fba','market.actions.AddMarketRentalRate.year',NULL,NULL,'RCONST-6a89d374:1661d85cb82:-2ca9','YR',NULL,NULL,NULL,NULL,NULL,NULL,NULL,NULL),('RAP-45bf8d4d:16619ad7379:2fbe','RA-45bf8d4d:16619ad7379:2fbd','market.actions.AddMarketRentalRate.type',NULL,NULL,NULL,NULL,NULL,NULL,NULL,NULL,NULL,NULL,'MONTH',NULL),('RAP-45bf8d4d:16619ad7379:2fbf','RA-45bf8d4d:16619ad7379:2fbd','market.actions.AddMarketRentalRate.rate',NULL,NULL,NULL,NULL,'702.18','expression',NULL,NULL,NULL,NULL,NULL,NULL),('RAP-45bf8d4d:16619ad7379:2fc0','RA-45bf8d4d:16619ad7379:2fbd','market.actions.AddMarketRentalRate.year',NULL,NULL,'RCONST-6a89d374:1661d85cb82:-2d3f','YR',NULL,NULL,NULL,NULL,NULL,NULL,NULL,NULL),('RAP-45bf8d4d:16619ad7379:3ba0','RA-45bf8d4d:16619ad7379:3b9f','market.actions.AddMarketRentalRate.type',NULL,NULL,NULL,NULL,NULL,NULL,NULL,NULL,NULL,NULL,'MONTH',NULL),('RAP-45bf8d4d:16619ad7379:3ba1','RA-45bf8d4d:16619ad7379:3b9f','market.actions.AddMarketRentalRate.rate',NULL,NULL,NULL,NULL,'718.30','expression',NULL,NULL,NULL,NULL,NULL,NULL),('RAP-45bf8d4d:16619ad7379:3ba2','RA-45bf8d4d:16619ad7379:3b9f','market.actions.AddMarketRentalRate.year',NULL,NULL,'RCONST-6a89d374:1661d85cb82:-2dd0','YR',NULL,NULL,NULL,NULL,NULL,NULL,NULL,NULL),('RAP-45bf8d4d:16619ad7379:4169','RA-45bf8d4d:16619ad7379:4168','market.actions.AddMarketRentalRate.type',NULL,NULL,NULL,NULL,NULL,NULL,NULL,NULL,NULL,NULL,'MONTH',NULL),('RAP-45bf8d4d:16619ad7379:416a','RA-45bf8d4d:16619ad7379:4168','market.actions.AddMarketRentalRate.rate',NULL,NULL,NULL,NULL,'722','expression',NULL,NULL,NULL,NULL,NULL,NULL),('RAP-45bf8d4d:16619ad7379:416b','RA-45bf8d4d:16619ad7379:4168','market.actions.AddMarketRentalRate.year',NULL,NULL,'RCONST-6a89d374:1661d85cb82:-2e73','YR',NULL,NULL,NULL,NULL,NULL,NULL,NULL,NULL),('RAP-45bf8d4d:16619ad7379:4584','RA-45bf8d4d:16619ad7379:4583','market.actions.AddMarketRentalRate.type',NULL,NULL,NULL,NULL,NULL,NULL,NULL,NULL,NULL,NULL,'MONTH',NULL),('RAP-45bf8d4d:16619ad7379:4585','RA-45bf8d4d:16619ad7379:4583','market.actions.AddMarketRentalRate.rate',NULL,NULL,NULL,NULL,'722.05','expression',NULL,NULL,NULL,NULL,NULL,NULL),('RAP-45bf8d4d:16619ad7379:4586','RA-45bf8d4d:16619ad7379:4583','market.actions.AddMarketRentalRate.year',NULL,NULL,'RCONST-6a89d374:1661d85cb82:-2f03','YR',NULL,NULL,NULL,NULL,NULL,NULL,NULL,NULL),('RAP-45bf8d4d:16619ad7379:4df5','RA-45bf8d4d:16619ad7379:4df4','market.actions.AddMarketRentalRate.type',NULL,NULL,NULL,NULL,NULL,NULL,NULL,NULL,NULL,NULL,'MONTH',NULL),('RAP-45bf8d4d:16619ad7379:4df6','RA-45bf8d4d:16619ad7379:4df4','market.actions.AddMarketRentalRate.rate',NULL,NULL,NULL,NULL,'@IIF(YR<2018,669.15,769.50);','expression',NULL,NULL,NULL,NULL,NULL,NULL),('RAP-45bf8d4d:16619ad7379:4df7','RA-45bf8d4d:16619ad7379:4df4','market.actions.AddMarketRentalRate.year',NULL,NULL,'RCONST-6a89d374:1661d85cb82:-2fa9','YR',NULL,NULL,NULL,NULL,NULL,NULL,NULL,NULL),('RAP-45bf8d4d:16619ad7379:5338','RA-45bf8d4d:16619ad7379:5337','market.actions.AddMarketRentalRate.type',NULL,NULL,NULL,NULL,NULL,NULL,NULL,NULL,NULL,NULL,'MONTH',NULL),('RAP-45bf8d4d:16619ad7379:5339','RA-45bf8d4d:16619ad7379:5337','market.actions.AddMarketRentalRate.rate',NULL,NULL,NULL,NULL,'@IIF(YR<2018,669.15,769.52);','expression',NULL,NULL,NULL,NULL,NULL,NULL),('RAP-45bf8d4d:16619ad7379:533a','RA-45bf8d4d:16619ad7379:5337','market.actions.AddMarketRentalRate.year',NULL,NULL,'RCONST-6a89d374:1661d85cb82:-3039','YR',NULL,NULL,NULL,NULL,NULL,NULL,NULL,NULL),('RAP-45bf8d4d:16619ad7379:585c','RA-45bf8d4d:16619ad7379:585b','market.actions.AddMarketRentalRate.type',NULL,NULL,NULL,NULL,NULL,NULL,NULL,NULL,NULL,NULL,'MONTH',NULL),('RAP-45bf8d4d:16619ad7379:585d','RA-45bf8d4d:16619ad7379:585b','market.actions.AddMarketRentalRate.rate',NULL,NULL,NULL,NULL,'769.55','expression',NULL,NULL,NULL,NULL,NULL,NULL),('RAP-45bf8d4d:16619ad7379:585e','RA-45bf8d4d:16619ad7379:585b','market.actions.AddMarketRentalRate.year',NULL,NULL,'RCONST-6a89d374:1661d85cb82:-30c9','YR',NULL,NULL,NULL,NULL,NULL,NULL,NULL,NULL),('RAP-45bf8d4d:16619ad7379:5fe2','RA-45bf8d4d:16619ad7379:5fe1','market.actions.AddMarketRentalRate.type',NULL,NULL,NULL,NULL,NULL,NULL,NULL,NULL,NULL,NULL,'MONTH',NULL),('RAP-45bf8d4d:16619ad7379:5fe3','RA-45bf8d4d:16619ad7379:5fe1','market.actions.AddMarketRentalRate.rate',NULL,NULL,NULL,NULL,'769.58','expression',NULL,NULL,NULL,NULL,NULL,NULL),('RAP-45bf8d4d:16619ad7379:5fe4','RA-45bf8d4d:16619ad7379:5fe1','market.actions.AddMarketRentalRate.year',NULL,NULL,'RCONST-6a89d374:1661d85cb82:-3185','YR',NULL,NULL,NULL,NULL,NULL,NULL,NULL,NULL),('RAP-45bf8d4d:16619ad7379:6a18','RA-45bf8d4d:16619ad7379:6a17','market.actions.AddMarketRentalRate.type',NULL,NULL,NULL,NULL,NULL,NULL,NULL,NULL,NULL,NULL,'MONTH',NULL),('RAP-45bf8d4d:16619ad7379:6a19','RA-45bf8d4d:16619ad7379:6a17','market.actions.AddMarketRentalRate.rate',NULL,NULL,NULL,NULL,'796.50','expression',NULL,NULL,NULL,NULL,NULL,NULL),('RAP-45bf8d4d:16619ad7379:6a1a','RA-45bf8d4d:16619ad7379:6a17','market.actions.AddMarketRentalRate.year',NULL,NULL,'RCONST-6a89d374:1661d85cb82:-3216','YR',NULL,NULL,NULL,NULL,NULL,NULL,NULL,NULL),('RAP-45bf8d4d:16619bafec8:-2e2b','RA-45bf8d4d:16619bafec8:-2e2e','market.actions.AddMarketRentalRate.type',NULL,NULL,NULL,NULL,NULL,NULL,NULL,NULL,NULL,NULL,'MONTH',NULL),('RAP-45bf8d4d:16619bafec8:-2e2c','RA-45bf8d4d:16619bafec8:-2e2e','market.actions.AddMarketRentalRate.rate',NULL,NULL,NULL,NULL,'923.85','expression',NULL,NULL,NULL,NULL,NULL,NULL),('RAP-45bf8d4d:16619bafec8:-2e2d','RA-45bf8d4d:16619bafec8:-2e2e','market.actions.AddMarketRentalRate.year',NULL,NULL,'RCONST-6a89d374:1661d85cb82:-39a4','YR',NULL,NULL,NULL,NULL,NULL,NULL,NULL,NULL),('RAP-45bf8d4d:16619bafec8:-3a32','RA-45bf8d4d:16619bafec8:-3a35','market.actions.AddMarketRentalRate.year',NULL,NULL,'RCONST-6a89d374:1661d85cb82:-388a','YR',NULL,NULL,NULL,NULL,NULL,NULL,NULL,NULL),('RAP-45bf8d4d:16619bafec8:-3a33','RA-45bf8d4d:16619bafec8:-3a35','market.actions.AddMarketRentalRate.rate',NULL,NULL,NULL,NULL,'906.40','expression',NULL,NULL,NULL,NULL,NULL,NULL),('RAP-45bf8d4d:16619bafec8:-3a34','RA-45bf8d4d:16619bafec8:-3a35','market.actions.AddMarketRentalRate.type',NULL,NULL,NULL,NULL,NULL,NULL,NULL,NULL,NULL,NULL,'MONTH',NULL),('RAP-45bf8d4d:16619bafec8:-443e','RA-45bf8d4d:16619bafec8:-4441','market.actions.AddMarketRentalRate.type',NULL,NULL,NULL,NULL,NULL,NULL,NULL,NULL,NULL,NULL,'MONTH',NULL),('RAP-45bf8d4d:16619bafec8:-443f','RA-45bf8d4d:16619bafec8:-4441','market.actions.AddMarketRentalRate.rate',NULL,NULL,NULL,NULL,'9626.40','expression',NULL,NULL,NULL,NULL,NULL,NULL),('RAP-45bf8d4d:16619bafec8:-4440','RA-45bf8d4d:16619bafec8:-4441','market.actions.AddMarketRentalRate.year',NULL,NULL,'RCONST-6a89d374:1661d85cb82:-37bc','YR',NULL,NULL,NULL,NULL,NULL,NULL,NULL,NULL),('RAP-45bf8d4d:16619bafec8:-4eac','RA-45bf8d4d:16619bafec8:-4eaf','market.actions.AddMarketRentalRate.year',NULL,NULL,'RCONST-6a89d374:1661d85cb82:-371e','YR',NULL,NULL,NULL,NULL,NULL,NULL,NULL,NULL),('RAP-45bf8d4d:16619bafec8:-4ead','RA-45bf8d4d:16619bafec8:-4eaf','market.actions.AddMarketRentalRate.rate',NULL,NULL,NULL,NULL,'9560.90','expression',NULL,NULL,NULL,NULL,NULL,NULL),('RAP-45bf8d4d:16619bafec8:-4eae','RA-45bf8d4d:16619bafec8:-4eaf','market.actions.AddMarketRentalRate.type',NULL,NULL,NULL,NULL,NULL,NULL,NULL,NULL,NULL,NULL,'MONTH',NULL),('RAP-45bf8d4d:16619bafec8:-598a','RA-45bf8d4d:16619bafec8:-598d','market.actions.AddMarketRentalRate.type',NULL,NULL,NULL,NULL,NULL,NULL,NULL,NULL,NULL,NULL,'MONTH',NULL),('RAP-45bf8d4d:16619bafec8:-598b','RA-45bf8d4d:16619bafec8:-598d','market.actions.AddMarketRentalRate.rate',NULL,NULL,NULL,NULL,'899.85','expression',NULL,NULL,NULL,NULL,NULL,NULL),('RAP-45bf8d4d:16619bafec8:-598c','RA-45bf8d4d:16619bafec8:-598d','market.actions.AddMarketRentalRate.year',NULL,NULL,'RCONST-6a89d374:1661d85cb82:-3689','YR',NULL,NULL,NULL,NULL,NULL,NULL,NULL,NULL),('RAP-45bf8d4d:16619bafec8:-6664','RA-45bf8d4d:16619bafec8:-6667','market.actions.AddMarketRentalRate.year',NULL,NULL,'RCONST-6a89d374:1661d85cb82:-35e5','YR',NULL,NULL,NULL,NULL,NULL,NULL,NULL,NULL),('RAP-45bf8d4d:16619bafec8:-6665','RA-45bf8d4d:16619bafec8:-6667','market.actions.AddMarketRentalRate.rate',NULL,NULL,NULL,NULL,'805.20','expression',NULL,NULL,NULL,NULL,NULL,NULL),('RAP-45bf8d4d:16619bafec8:-6666','RA-45bf8d4d:16619bafec8:-6667','market.actions.AddMarketRentalRate.type',NULL,NULL,NULL,NULL,NULL,NULL,NULL,NULL,NULL,NULL,'MONTH',NULL),('RAP-45bf8d4d:16619bafec8:-6fe9','RA-45bf8d4d:16619bafec8:-6fec','market.actions.AddMarketRentalRate.type',NULL,NULL,NULL,NULL,NULL,NULL,NULL,NULL,NULL,NULL,'MONTH',NULL),('RAP-45bf8d4d:16619bafec8:-6fea','RA-45bf8d4d:16619bafec8:-6fec','market.actions.AddMarketRentalRate.rate',NULL,NULL,NULL,NULL,'804.05','expression',NULL,NULL,NULL,NULL,NULL,NULL),('RAP-45bf8d4d:16619bafec8:-6feb','RA-45bf8d4d:16619bafec8:-6fec','market.actions.AddMarketRentalRate.year',NULL,NULL,'RCONST-6a89d374:1661d85cb82:-3541','YR',NULL,NULL,NULL,NULL,NULL,NULL,NULL,NULL),('RAP-45bf8d4d:16619bafec8:-7f46','RA-45bf8d4d:16619bafec8:-7f4a','market.actions.AddMarketRentalRate.year',NULL,NULL,'RCONST-6a89d374:1661d85cb82:-3474','YR',NULL,NULL,NULL,NULL,NULL,NULL,NULL,NULL),('RAP-45bf8d4d:16619bafec8:-7f47','RA-45bf8d4d:16619bafec8:-7f4a','market.actions.AddMarketRentalRate.rate',NULL,NULL,NULL,NULL,'8431.70','expression',NULL,NULL,NULL,NULL,NULL,NULL),('RAP-45bf8d4d:16619bafec8:-7f48','RA-45bf8d4d:16619bafec8:-7f4a','market.actions.AddMarketRentalRate.type',NULL,NULL,NULL,NULL,NULL,NULL,NULL,NULL,NULL,NULL,'MONTH',NULL),('RAP-45bf8d4d:1661a0ada12:-470c','RA-45bf8d4d:1661a0ada12:-470d','treasury.actions.ApplyPayment.payment',NULL,NULL,'RC-45bf8d4d:1661a0ada12:-470f','PMT',NULL,NULL,NULL,NULL,NULL,NULL,NULL,NULL),('RAP-45bf8d4d:1661f300b1a:-2ecc','RA-45bf8d4d:1661f300b1a:-2ecf','market.actions.AddMarketRentalRate.year',NULL,NULL,'RCC-45bf8d4d:1661f300b1a:-2ed2','YR',NULL,NULL,NULL,NULL,NULL,NULL,NULL,NULL),('RAP-45bf8d4d:1661f300b1a:-2ecd','RA-45bf8d4d:1661f300b1a:-2ecf','market.actions.AddMarketRentalRate.rate',NULL,NULL,NULL,NULL,'923.73','expression',NULL,NULL,NULL,NULL,NULL,NULL),('RAP-45bf8d4d:1661f300b1a:-2ece','RA-45bf8d4d:1661f300b1a:-2ecf','market.actions.AddMarketRentalRate.type',NULL,NULL,NULL,NULL,NULL,NULL,NULL,NULL,NULL,NULL,'MONTH',NULL),('RAP-45bf8d4d:1661f300b1a:-2fab','RA-45bf8d4d:1661f300b1a:-2fae','market.actions.AddMarketRentalRate.type',NULL,NULL,NULL,NULL,NULL,NULL,NULL,NULL,NULL,NULL,'MONTH',NULL),('RAP-45bf8d4d:1661f300b1a:-2fac','RA-45bf8d4d:1661f300b1a:-2fae','market.actions.AddMarketRentalRate.rate',NULL,NULL,NULL,NULL,'923.95','expression',NULL,NULL,NULL,NULL,NULL,NULL),('RAP-45bf8d4d:1661f300b1a:-2fad','RA-45bf8d4d:1661f300b1a:-2fae','market.actions.AddMarketRentalRate.year',NULL,NULL,'RCC-45bf8d4d:1661f300b1a:-2faf','YR',NULL,NULL,NULL,NULL,NULL,NULL,NULL,NULL),('RAP-45bf8d4d:1661f300b1a:-30a5','RA-45bf8d4d:1661f300b1a:-30a8','market.actions.AddMarketRentalRate.year',NULL,NULL,'RCC-45bf8d4d:1661f300b1a:-30ab','YR',NULL,NULL,NULL,NULL,NULL,NULL,NULL,NULL),('RAP-45bf8d4d:1661f300b1a:-30a6','RA-45bf8d4d:1661f300b1a:-30a8','market.actions.AddMarketRentalRate.rate',NULL,NULL,NULL,NULL,'128.10','expression',NULL,NULL,NULL,NULL,NULL,NULL),('RAP-45bf8d4d:1661f300b1a:-30a7','RA-45bf8d4d:1661f300b1a:-30a8','market.actions.AddMarketRentalRate.type',NULL,NULL,NULL,NULL,NULL,NULL,NULL,NULL,NULL,NULL,'DAY',NULL),('RAP-45bf8d4d:1661f300b1a:-30db','RA-45bf8d4d:1661f300b1a:-30de','market.actions.AddMarketRentalRate.type',NULL,NULL,NULL,NULL,NULL,NULL,NULL,NULL,NULL,NULL,'MONTH',NULL),('RAP-45bf8d4d:1661f300b1a:-30dc','RA-45bf8d4d:1661f300b1a:-30de','market.actions.AddMarketRentalRate.rate',NULL,NULL,NULL,NULL,'1094.80','expression',NULL,NULL,NULL,NULL,NULL,NULL),('RAP-45bf8d4d:1661f300b1a:-30dd','RA-45bf8d4d:1661f300b1a:-30de','market.actions.AddMarketRentalRate.year',NULL,NULL,'RCC-45bf8d4d:1661f300b1a:-30df','YR',NULL,NULL,NULL,NULL,NULL,NULL,NULL,NULL),('RAP-45bf8d4d:1661f300b1a:-30f4','RA-45bf8d4d:1661f300b1a:-30f7','market.actions.AddMarketRentalRate.type',NULL,NULL,NULL,NULL,NULL,NULL,NULL,NULL,NULL,NULL,'DAY',NULL),('RAP-45bf8d4d:1661f300b1a:-30f5','RA-45bf8d4d:1661f300b1a:-30f7','market.actions.AddMarketRentalRate.rate',NULL,NULL,NULL,NULL,'122.00','expression',NULL,NULL,NULL,NULL,NULL,NULL),('RAP-45bf8d4d:1661f300b1a:-30f6','RA-45bf8d4d:1661f300b1a:-30f7','market.actions.AddMarketRentalRate.year',NULL,NULL,'RCC-45bf8d4d:1661f300b1a:-30f8','YR',NULL,NULL,NULL,NULL,NULL,NULL,NULL,NULL),('RAP-45bf8d4d:1661f300b1a:-319b','RA-45bf8d4d:1661f300b1a:-319e','market.actions.AddMarketRentalRate.year',NULL,NULL,'RCC-45bf8d4d:1661f300b1a:-319f','YR',NULL,NULL,NULL,NULL,NULL,NULL,NULL,NULL),('RAP-45bf8d4d:1661f300b1a:-319c','RA-45bf8d4d:1661f300b1a:-319e','market.actions.AddMarketRentalRate.rate',NULL,NULL,NULL,NULL,'769.15','expression',NULL,NULL,NULL,NULL,NULL,NULL),('RAP-45bf8d4d:1661f300b1a:-319d','RA-45bf8d4d:1661f300b1a:-319e','market.actions.AddMarketRentalRate.type',NULL,NULL,NULL,NULL,NULL,NULL,NULL,NULL,NULL,NULL,'MONTH',NULL),('RAP-45bf8d4d:1661f300b1a:-36c6','RA-45bf8d4d:1661f300b1a:-36c9','market.actions.AddMarketRentalRate.type',NULL,NULL,NULL,NULL,NULL,NULL,NULL,NULL,NULL,NULL,'MONTH',NULL),('RAP-45bf8d4d:1661f300b1a:-36c7','RA-45bf8d4d:1661f300b1a:-36c9','market.actions.AddMarketRentalRate.rate',NULL,NULL,NULL,NULL,'1098.8','expression',NULL,NULL,NULL,NULL,NULL,NULL),('RAP-45bf8d4d:1661f300b1a:-36c8','RA-45bf8d4d:1661f300b1a:-36c9','market.actions.AddMarketRentalRate.year',NULL,NULL,'RCC-45bf8d4d:1661f300b1a:-36ca','YR',NULL,NULL,NULL,NULL,NULL,NULL,NULL,NULL),('RAP-45bf8d4d:1661f300b1a:-391d','RA-45bf8d4d:1661f300b1a:-3920','market.actions.AddMarketRentalRate.year',NULL,NULL,'RCC-45bf8d4d:1661f300b1a:-3923','YR',NULL,NULL,NULL,NULL,NULL,NULL,NULL,NULL),('RAP-45bf8d4d:1661f300b1a:-391e','RA-45bf8d4d:1661f300b1a:-3920','market.actions.AddMarketRentalRate.rate',NULL,NULL,NULL,NULL,'1095.20','expression',NULL,NULL,NULL,NULL,NULL,NULL),('RAP-45bf8d4d:1661f300b1a:-391f','RA-45bf8d4d:1661f300b1a:-3920','market.actions.AddMarketRentalRate.type',NULL,NULL,NULL,NULL,NULL,NULL,NULL,NULL,NULL,NULL,'MONTH',NULL),('RAP-45bf8d4d:1662eada1ef:-1ccc','RA-45bf8d4d:1662eada1ef:-1ccf','market.actions.AddMarketRentalRate.type',NULL,NULL,NULL,NULL,NULL,NULL,NULL,NULL,NULL,NULL,'MONTH',NULL),('RAP-45bf8d4d:1662eada1ef:-1ccd','RA-45bf8d4d:1662eada1ef:-1ccf','market.actions.AddMarketRentalRate.rate',NULL,NULL,NULL,NULL,'2700','expression',NULL,NULL,NULL,NULL,NULL,NULL),('RAP-45bf8d4d:1662eada1ef:-1cce','RA-45bf8d4d:1662eada1ef:-1ccf','market.actions.AddMarketRentalRate.year',NULL,NULL,'RCC-45bf8d4d:1662eada1ef:-1cd0','YR',NULL,NULL,NULL,NULL,NULL,NULL,NULL,NULL),('RAP-45bf8d4d:1662eada1ef:792e','RA-45bf8d4d:1662eada1ef:792d','market.actions.AddMarketRentalRate.type',NULL,NULL,NULL,NULL,NULL,NULL,NULL,NULL,NULL,NULL,'MONTH',NULL),('RAP-45bf8d4d:1662eada1ef:792f','RA-45bf8d4d:1662eada1ef:792d','market.actions.AddMarketRentalRate.rate',NULL,NULL,NULL,NULL,'1089','expression',NULL,NULL,NULL,NULL,NULL,NULL),('RAP-45bf8d4d:1662eada1ef:7930','RA-45bf8d4d:1662eada1ef:792d','market.actions.AddMarketRentalRate.year',NULL,NULL,'RCC-45bf8d4d:1662eada1ef:792a','YR',NULL,NULL,NULL,NULL,NULL,NULL,NULL,NULL),('RAP-45bf8d4d:16637a3dfa1:-2741','RA-45bf8d4d:16637a3dfa1:-2744','market.actions.AddMarketRentalRate.year',NULL,NULL,'RCC-45bf8d4d:16637a3dfa1:-2747','YR',NULL,NULL,NULL,NULL,NULL,NULL,NULL,NULL),('RAP-45bf8d4d:16637a3dfa1:-2742','RA-45bf8d4d:16637a3dfa1:-2744','market.actions.AddMarketRentalRate.rate',NULL,NULL,NULL,NULL,'0','expression',NULL,NULL,NULL,NULL,NULL,NULL),('RAP-45bf8d4d:16637a3dfa1:-2743','RA-45bf8d4d:16637a3dfa1:-2744','market.actions.AddMarketRentalRate.type',NULL,NULL,NULL,NULL,NULL,NULL,NULL,NULL,NULL,NULL,'DAY',NULL),('RAP-45bf8d4d:16637a3dfa1:-44a0','RA-45bf8d4d:16637a3dfa1:-44a3','market.actions.AddMarketRentalRate.type',NULL,NULL,NULL,NULL,NULL,NULL,NULL,NULL,NULL,NULL,'DAY',NULL),('RAP-45bf8d4d:16637a3dfa1:-44a1','RA-45bf8d4d:16637a3dfa1:-44a3','market.actions.AddMarketRentalRate.rate',NULL,NULL,NULL,NULL,'30.25','expression',NULL,NULL,NULL,NULL,NULL,NULL),('RAP-45bf8d4d:16637a3dfa1:-44a2','RA-45bf8d4d:16637a3dfa1:-44a3','market.actions.AddMarketRentalRate.year',NULL,NULL,'RCC-45bf8d4d:16637a3dfa1:-44a4','YR',NULL,NULL,NULL,NULL,NULL,NULL,NULL,NULL),('RAP-68088a4f:168615331b9:59eb','RA-68088a4f:168615331b9:59ea','market.actions.AddMarketRentalRate.type',NULL,NULL,NULL,NULL,NULL,NULL,NULL,NULL,NULL,NULL,'MONTH',NULL),('RAP-68088a4f:168615331b9:59ec','RA-68088a4f:168615331b9:59ea','market.actions.AddMarketRentalRate.rate',NULL,NULL,NULL,NULL,'487','expression',NULL,NULL,NULL,NULL,NULL,NULL),('RAP-68088a4f:168615331b9:59ed','RA-68088a4f:168615331b9:59ea','market.actions.AddMarketRentalRate.year',NULL,NULL,'RCC-68088a4f:168615331b9:59e7','YR',NULL,NULL,NULL,NULL,NULL,NULL,NULL,NULL),('RAP-68088a4f:168615331b9:5aa7','RA-68088a4f:168615331b9:5aa6','market.actions.AddMarketRentalRate.type',NULL,NULL,NULL,NULL,NULL,NULL,NULL,NULL,NULL,NULL,'MONTH',NULL),('RAP-68088a4f:168615331b9:5aa8','RA-68088a4f:168615331b9:5aa6','market.actions.AddMarketRentalRate.rate',NULL,NULL,NULL,NULL,'315','expression',NULL,NULL,NULL,NULL,NULL,NULL),('RAP-68088a4f:168615331b9:5aa9','RA-68088a4f:168615331b9:5aa6','market.actions.AddMarketRentalRate.year',NULL,NULL,'RCC-68088a4f:168615331b9:5aa3','YR',NULL,NULL,NULL,NULL,NULL,NULL,NULL,NULL),('RAP-68088a4f:168615331b9:5b3b','RA-68088a4f:168615331b9:5b3a','market.actions.AddMarketRentalRate.type',NULL,NULL,NULL,NULL,NULL,NULL,NULL,NULL,NULL,NULL,'MONTH',NULL),('RAP-68088a4f:168615331b9:5b3c','RA-68088a4f:168615331b9:5b3a','market.actions.AddMarketRentalRate.rate',NULL,NULL,NULL,NULL,'333.27','expression',NULL,NULL,NULL,NULL,NULL,NULL),('RAP-68088a4f:168615331b9:5b3d','RA-68088a4f:168615331b9:5b3a','market.actions.AddMarketRentalRate.year',NULL,NULL,'RCC-68088a4f:168615331b9:5b37','YR',NULL,NULL,NULL,NULL,NULL,NULL,NULL,NULL),('RAP-68088a4f:168615331b9:5ba7','RA-68088a4f:168615331b9:5ba6','market.actions.AddMarketRentalRate.type',NULL,NULL,NULL,NULL,NULL,NULL,NULL,NULL,NULL,NULL,'MONTH',NULL),('RAP-68088a4f:168615331b9:5ba8','RA-68088a4f:168615331b9:5ba6','market.actions.AddMarketRentalRate.rate',NULL,NULL,NULL,NULL,'499.90','expression',NULL,NULL,NULL,NULL,NULL,NULL),('RAP-68088a4f:168615331b9:5ba9','RA-68088a4f:168615331b9:5ba6','market.actions.AddMarketRentalRate.year',NULL,NULL,'RCC-68088a4f:168615331b9:5ba3','YR',NULL,NULL,NULL,NULL,NULL,NULL,NULL,NULL),('RAP-68088a4f:168615331b9:5db2','RA-68088a4f:168615331b9:5db1','market.actions.AddMarketRentalRate.type',NULL,NULL,NULL,NULL,NULL,NULL,NULL,NULL,NULL,NULL,'MONTH',NULL),('RAP-68088a4f:168615331b9:5db3','RA-68088a4f:168615331b9:5db1','market.actions.AddMarketRentalRate.rate',NULL,NULL,NULL,NULL,'434.70','expression',NULL,NULL,NULL,NULL,NULL,NULL),('RAP-68088a4f:168615331b9:5db4','RA-68088a4f:168615331b9:5db1','market.actions.AddMarketRentalRate.year',NULL,NULL,'RCC-68088a4f:168615331b9:5dae','YR',NULL,NULL,NULL,NULL,NULL,NULL,NULL,NULL),('RAP-68088a4f:168615331b9:5df6','RA-68088a4f:168615331b9:5df5','market.actions.AddMarketRentalRate.type',NULL,NULL,NULL,NULL,NULL,NULL,NULL,NULL,NULL,NULL,'MONTH',NULL),('RAP-68088a4f:168615331b9:5df7','RA-68088a4f:168615331b9:5df5','market.actions.AddMarketRentalRate.rate',NULL,NULL,NULL,NULL,'391','expression',NULL,NULL,NULL,NULL,NULL,NULL),('RAP-68088a4f:168615331b9:5df8','RA-68088a4f:168615331b9:5df5','market.actions.AddMarketRentalRate.year',NULL,NULL,'RCC-68088a4f:168615331b9:5df2','YR',NULL,NULL,NULL,NULL,NULL,NULL,NULL,NULL),('RAP-68088a4f:168699d94b3:-48a4','RA-68088a4f:168699d94b3:-48a7','market.actions.AddMarketRentalRate.year',NULL,NULL,'RCC-68088a4f:168699d94b3:-48aa','YR',NULL,NULL,NULL,NULL,NULL,NULL,NULL,NULL),('RAP-68088a4f:168699d94b3:-48a5','RA-68088a4f:168699d94b3:-48a7','market.actions.AddMarketRentalRate.rate',NULL,NULL,NULL,NULL,'378','expression',NULL,NULL,NULL,NULL,NULL,NULL),('RAP-68088a4f:168699d94b3:-48a6','RA-68088a4f:168699d94b3:-48a7','market.actions.AddMarketRentalRate.type',NULL,NULL,NULL,NULL,NULL,NULL,NULL,NULL,NULL,NULL,'MONTH',NULL),('RAP-68088a4f:16873bf4c0d:-1ac6','RA-68088a4f:16873bf4c0d:-1ac9','market.actions.AddMarketRentalRate.year',NULL,NULL,'RCC-68088a4f:16873bf4c0d:-1acc','YR',NULL,NULL,NULL,NULL,NULL,NULL,NULL,NULL),('RAP-68088a4f:16873bf4c0d:-1ac7','RA-68088a4f:16873bf4c0d:-1ac9','market.actions.AddMarketRentalRate.rate',NULL,NULL,NULL,NULL,'2000','expression',NULL,NULL,NULL,NULL,NULL,NULL),('RAP-68088a4f:16873bf4c0d:-1ac8','RA-68088a4f:16873bf4c0d:-1ac9','market.actions.AddMarketRentalRate.type',NULL,NULL,NULL,NULL,NULL,NULL,NULL,NULL,NULL,NULL,'MONTH',NULL),('RAP-68088a4f:168829f31ef:64ea','RA-68088a4f:168829f31ef:64e9','market.actions.AddMarketRentalRate.year',NULL,NULL,'RCC-68088a4f:168829f31ef:64e8','YR',NULL,NULL,NULL,NULL,NULL,NULL,NULL,NULL),('RAP-68088a4f:168829f31ef:64eb','RA-68088a4f:168829f31ef:64e9','market.actions.AddMarketRentalRate.rate',NULL,NULL,NULL,NULL,'562.50','expression',NULL,NULL,NULL,NULL,NULL,NULL),('RAP-68088a4f:168829f31ef:64ec','RA-68088a4f:168829f31ef:64e9','market.actions.AddMarketRentalRate.type',NULL,NULL,NULL,NULL,NULL,NULL,NULL,NULL,NULL,NULL,'MONTH',NULL),('RAP-68088a4f:16883a82b85:-4fac','RA-68088a4f:16883a82b85:-4faf','market.actions.AddMarketRentalRate.type',NULL,NULL,NULL,NULL,NULL,NULL,NULL,NULL,NULL,NULL,'MONTH',NULL),('RAP-68088a4f:16883a82b85:-4fad','RA-68088a4f:16883a82b85:-4faf','market.actions.AddMarketRentalRate.rate',NULL,NULL,NULL,NULL,'1500','expression',NULL,NULL,NULL,NULL,NULL,NULL),('RAP-68088a4f:16883a82b85:-4fae','RA-68088a4f:16883a82b85:-4faf','market.actions.AddMarketRentalRate.year',NULL,NULL,'RCC-68088a4f:16883a82b85:-4fb0','YR',NULL,NULL,NULL,NULL,NULL,NULL,NULL,NULL),('RAP-68088a4f:16892319780:3709','RA-68088a4f:16892319780:3708','market.actions.AddMarketRentalRate.type',NULL,NULL,NULL,NULL,NULL,NULL,NULL,NULL,NULL,NULL,'MONTH',NULL),('RAP-68088a4f:16892319780:370a','RA-68088a4f:16892319780:3708','market.actions.AddMarketRentalRate.rate',NULL,NULL,NULL,NULL,'5667.25','expression',NULL,NULL,NULL,NULL,NULL,NULL),('RAP-68088a4f:16892319780:370b','RA-68088a4f:16892319780:3708','market.actions.AddMarketRentalRate.year',NULL,NULL,'RCC-68088a4f:16892319780:3705','YR',NULL,NULL,NULL,NULL,NULL,NULL,NULL,NULL),('RAP-68088a4f:1689370e5d2:725b','RA-68088a4f:1689370e5d2:725a','market.actions.AddMarketRentalRate.year',NULL,NULL,'RCC-68088a4f:1689370e5d2:7259','YR',NULL,NULL,NULL,NULL,NULL,NULL,NULL,NULL),('RAP-68088a4f:1689370e5d2:725c','RA-68088a4f:1689370e5d2:725a','market.actions.AddMarketRentalRate.rate',NULL,NULL,NULL,NULL,'22050','expression',NULL,NULL,NULL,NULL,NULL,NULL),('RAP-68088a4f:1689370e5d2:725d','RA-68088a4f:1689370e5d2:725a','market.actions.AddMarketRentalRate.type',NULL,NULL,NULL,NULL,NULL,NULL,NULL,NULL,NULL,NULL,'MONTH',NULL),('RAP-68088a4f:1689d090d21:-5808','RA-68088a4f:1689d090d21:-580b','market.actions.AddMarketRentalRate.type',NULL,NULL,NULL,NULL,NULL,NULL,NULL,NULL,NULL,NULL,'DAY',NULL),('RAP-68088a4f:1689d090d21:-5809','RA-68088a4f:1689d090d21:-580b','market.actions.AddMarketRentalRate.rate',NULL,NULL,NULL,NULL,'40','expression',NULL,NULL,NULL,NULL,NULL,NULL),('RAP-68088a4f:1689d090d21:-580a','RA-68088a4f:1689d090d21:-580b','market.actions.AddMarketRentalRate.year',NULL,NULL,'RCC-68088a4f:1689d090d21:-580c','YR',NULL,NULL,NULL,NULL,NULL,NULL,NULL,NULL),('RAP-7d13fa84:16811761f9d:-2c26','RA-7d13fa84:16811761f9d:-2c29','market.actions.AddMarketRentalRate.type',NULL,NULL,NULL,NULL,NULL,NULL,NULL,NULL,NULL,NULL,'DAY',NULL),('RAP-7d13fa84:16811761f9d:-2c27','RA-7d13fa84:16811761f9d:-2c29','market.actions.AddMarketRentalRate.rate',NULL,NULL,NULL,NULL,'16','expression',NULL,NULL,NULL,NULL,NULL,NULL),('RAP-7d13fa84:16811761f9d:-2c28','RA-7d13fa84:16811761f9d:-2c29','market.actions.AddMarketRentalRate.year',NULL,NULL,'RCC-7d13fa84:16811761f9d:-2c2a','YR',NULL,NULL,NULL,NULL,NULL,NULL,NULL,NULL),('RAP-7d13fa84:16811761f9d:-2d08','RA-7d13fa84:16811761f9d:-2d0b','market.actions.AddMarketRentalRate.year',NULL,NULL,'RCC-7d13fa84:16811761f9d:-2d0e','YR',NULL,NULL,NULL,NULL,NULL,NULL,NULL,NULL),('RAP-7d13fa84:16811761f9d:-2d09','RA-7d13fa84:16811761f9d:-2d0b','market.actions.AddMarketRentalRate.rate',NULL,NULL,NULL,NULL,'22.70','expression',NULL,NULL,NULL,NULL,NULL,NULL),('RAP-7d13fa84:16811761f9d:-2d0a','RA-7d13fa84:16811761f9d:-2d0b','market.actions.AddMarketRentalRate.type',NULL,NULL,NULL,NULL,NULL,NULL,NULL,NULL,NULL,NULL,'DAY',NULL),('RAP-7d13fa84:16811761f9d:-2e70','RA-7d13fa84:16811761f9d:-2e73','market.actions.AddMarketRentalRate.type',NULL,NULL,NULL,NULL,NULL,NULL,NULL,NULL,NULL,NULL,'DAY',NULL),('RAP-7d13fa84:16811761f9d:-2e71','RA-7d13fa84:16811761f9d:-2e73','market.actions.AddMarketRentalRate.rate',NULL,NULL,NULL,NULL,'23.50','expression',NULL,NULL,NULL,NULL,NULL,NULL),('RAP-7d13fa84:16811761f9d:-2e72','RA-7d13fa84:16811761f9d:-2e73','market.actions.AddMarketRentalRate.year',NULL,NULL,'RCC-7d13fa84:16811761f9d:-2e74','YR',NULL,NULL,NULL,NULL,NULL,NULL,NULL,NULL),('RAP-7d13fa84:16811761f9d:-3012','RA-7d13fa84:16811761f9d:-3015','market.actions.AddMarketRentalRate.year',NULL,NULL,'RCC-7d13fa84:16811761f9d:-3018','YR',NULL,NULL,NULL,NULL,NULL,NULL,NULL,NULL),('RAP-7d13fa84:16811761f9d:-3013','RA-7d13fa84:16811761f9d:-3015','market.actions.AddMarketRentalRate.rate',NULL,NULL,NULL,NULL,'28','expression',NULL,NULL,NULL,NULL,NULL,NULL),('RAP-7d13fa84:16811761f9d:-3014','RA-7d13fa84:16811761f9d:-3015','market.actions.AddMarketRentalRate.type',NULL,NULL,NULL,NULL,NULL,NULL,NULL,NULL,NULL,NULL,'DAY',NULL),('RAP-7d13fa84:16811761f9d:-317d','RA-7d13fa84:16811761f9d:-3180','market.actions.AddMarketRentalRate.type',NULL,NULL,NULL,NULL,NULL,NULL,NULL,NULL,NULL,NULL,'DAY',NULL),('RAP-7d13fa84:16811761f9d:-317e','RA-7d13fa84:16811761f9d:-3180','market.actions.AddMarketRentalRate.rate',NULL,NULL,NULL,NULL,'20','expression',NULL,NULL,NULL,NULL,NULL,NULL),('RAP-7d13fa84:16811761f9d:-317f','RA-7d13fa84:16811761f9d:-3180','market.actions.AddMarketRentalRate.year',NULL,NULL,'RCC-7d13fa84:16811761f9d:-3181','YR',NULL,NULL,NULL,NULL,NULL,NULL,NULL,NULL),('RAP-7d13fa84:16811761f9d:-3b4b','RA-7d13fa84:16811761f9d:-3b4e','market.actions.AddMarketRentalRate.year',NULL,NULL,'RCC-7d13fa84:16811761f9d:-3b51','YR',NULL,NULL,NULL,NULL,NULL,NULL,NULL,NULL),('RAP-7d13fa84:16811761f9d:-3b4c','RA-7d13fa84:16811761f9d:-3b4e','market.actions.AddMarketRentalRate.rate',NULL,NULL,NULL,NULL,'19.30','expression',NULL,NULL,NULL,NULL,NULL,NULL),('RAP-7d13fa84:16811761f9d:-3b4d','RA-7d13fa84:16811761f9d:-3b4e','market.actions.AddMarketRentalRate.type',NULL,NULL,NULL,NULL,NULL,NULL,NULL,NULL,NULL,NULL,'DAY',NULL),('RAP-7d13fa84:16811761f9d:-3c59','RA-7d13fa84:16811761f9d:-3c5c','market.actions.AddMarketRentalRate.year',NULL,NULL,'RCC-7d13fa84:16811761f9d:-3c5f','YR',NULL,NULL,NULL,NULL,NULL,NULL,NULL,NULL),('RAP-7d13fa84:16811761f9d:-3c5a','RA-7d13fa84:16811761f9d:-3c5c','market.actions.AddMarketRentalRate.rate',NULL,NULL,NULL,NULL,'15.10','expression',NULL,NULL,NULL,NULL,NULL,NULL),('RAP-7d13fa84:16811761f9d:-3c5b','RA-7d13fa84:16811761f9d:-3c5c','market.actions.AddMarketRentalRate.type',NULL,NULL,NULL,NULL,NULL,NULL,NULL,NULL,NULL,NULL,'DAY',NULL),('RAP-7d13fa84:16811761f9d:-3f73','RA-7d13fa84:16811761f9d:-3f76','market.actions.AddMarketRentalRate.year',NULL,NULL,'RCC-7d13fa84:16811761f9d:-3f79','YR',NULL,NULL,NULL,NULL,NULL,NULL,NULL,NULL),('RAP-7d13fa84:16811761f9d:-3f74','RA-7d13fa84:16811761f9d:-3f76','market.actions.AddMarketRentalRate.rate',NULL,NULL,NULL,NULL,'17.65','expression',NULL,NULL,NULL,NULL,NULL,NULL),('RAP-7d13fa84:16811761f9d:-3f75','RA-7d13fa84:16811761f9d:-3f76','market.actions.AddMarketRentalRate.type',NULL,NULL,NULL,NULL,NULL,NULL,NULL,NULL,NULL,NULL,'DAY',NULL),('RAP-7d13fa84:16811761f9d:-41c8','RA-7d13fa84:16811761f9d:-41cb','market.actions.AddMarketRentalRate.type',NULL,NULL,NULL,NULL,NULL,NULL,NULL,NULL,NULL,NULL,'DAY',NULL),('RAP-7d13fa84:16811761f9d:-41c9','RA-7d13fa84:16811761f9d:-41cb','market.actions.AddMarketRentalRate.rate',NULL,NULL,NULL,NULL,'10.10','expression',NULL,NULL,NULL,NULL,NULL,NULL),('RAP-7d13fa84:16811761f9d:-41ca','RA-7d13fa84:16811761f9d:-41cb','market.actions.AddMarketRentalRate.year',NULL,NULL,'RCC-7d13fa84:16811761f9d:-41cc','YR',NULL,NULL,NULL,NULL,NULL,NULL,NULL,NULL),('RAP-7d13fa84:16811761f9d:-4664','RA-7d13fa84:16811761f9d:-4667','market.actions.AddMarketRentalRate.year',NULL,NULL,'RCC-7d13fa84:16811761f9d:-466a','YR',NULL,NULL,NULL,NULL,NULL,NULL,NULL,NULL),('RAP-7d13fa84:16811761f9d:-4665','RA-7d13fa84:16811761f9d:-4667','market.actions.AddMarketRentalRate.rate',NULL,NULL,NULL,NULL,'2300','expression',NULL,NULL,NULL,NULL,NULL,NULL),('RAP-7d13fa84:16811761f9d:-4666','RA-7d13fa84:16811761f9d:-4667','market.actions.AddMarketRentalRate.type',NULL,NULL,NULL,NULL,NULL,NULL,NULL,NULL,NULL,NULL,'MONTH',NULL),('RAP-7d13fa84:16811761f9d:-4789','RA-7d13fa84:16811761f9d:-478c','market.actions.AddMarketRentalRate.type',NULL,NULL,NULL,NULL,NULL,NULL,NULL,NULL,NULL,NULL,'DAY',NULL),('RAP-7d13fa84:16811761f9d:-478a','RA-7d13fa84:16811761f9d:-478c','market.actions.AddMarketRentalRate.rate',NULL,NULL,NULL,NULL,'33.75','expression',NULL,NULL,NULL,NULL,NULL,NULL),('RAP-7d13fa84:16811761f9d:-478b','RA-7d13fa84:16811761f9d:-478c','market.actions.AddMarketRentalRate.year',NULL,NULL,'RCC-7d13fa84:16811761f9d:-478d','YR',NULL,NULL,NULL,NULL,NULL,NULL,NULL,NULL),('RAP-7d13fa84:16811761f9d:-48e7','RA-7d13fa84:16811761f9d:-48ea','market.actions.AddMarketRentalRate.year',NULL,NULL,'RCC-7d13fa84:16811761f9d:-48ed','YR',NULL,NULL,NULL,NULL,NULL,NULL,NULL,NULL),('RAP-7d13fa84:16811761f9d:-48e8','RA-7d13fa84:16811761f9d:-48ea','market.actions.AddMarketRentalRate.rate',NULL,NULL,NULL,NULL,'1332','expression',NULL,NULL,NULL,NULL,NULL,NULL),('RAP-7d13fa84:16811761f9d:-48e9','RA-7d13fa84:16811761f9d:-48ea','market.actions.AddMarketRentalRate.type',NULL,NULL,NULL,NULL,NULL,NULL,NULL,NULL,NULL,NULL,'MONTH',NULL),('RAP-7d13fa84:16811761f9d:-49e5','RA-7d13fa84:16811761f9d:-49e8','market.actions.AddMarketRentalRate.year',NULL,NULL,'RCC-7d13fa84:16811761f9d:-49eb','YR',NULL,NULL,NULL,NULL,NULL,NULL,NULL,NULL),('RAP-7d13fa84:16811761f9d:-49e6','RA-7d13fa84:16811761f9d:-49e8','market.actions.AddMarketRentalRate.rate',NULL,NULL,NULL,NULL,'2500','expression',NULL,NULL,NULL,NULL,NULL,NULL),('RAP-7d13fa84:16811761f9d:-49e7','RA-7d13fa84:16811761f9d:-49e8','market.actions.AddMarketRentalRate.type',NULL,NULL,NULL,NULL,NULL,NULL,NULL,NULL,NULL,NULL,'MONTH',NULL),('RAP-7d13fa84:16811761f9d:-4b06','RA-7d13fa84:16811761f9d:-4b09','market.actions.AddMarketRentalRate.year',NULL,NULL,'RCC-7d13fa84:16811761f9d:-4b0c','YR',NULL,NULL,NULL,NULL,NULL,NULL,NULL,NULL),('RAP-7d13fa84:16811761f9d:-4b07','RA-7d13fa84:16811761f9d:-4b09','market.actions.AddMarketRentalRate.rate',NULL,NULL,NULL,NULL,'27.60','expression',NULL,NULL,NULL,NULL,NULL,NULL),('RAP-7d13fa84:16811761f9d:-4b08','RA-7d13fa84:16811761f9d:-4b09','market.actions.AddMarketRentalRate.type',NULL,NULL,NULL,NULL,NULL,NULL,NULL,NULL,NULL,NULL,'DAY',NULL),('RAP-7d13fa84:16811761f9d:-5015','RA-7d13fa84:16811761f9d:-5018','market.actions.AddMarketRentalRate.type',NULL,NULL,NULL,NULL,NULL,NULL,NULL,NULL,NULL,NULL,'DAY',NULL),('RAP-7d13fa84:16811761f9d:-5016','RA-7d13fa84:16811761f9d:-5018','market.actions.AddMarketRentalRate.rate',NULL,NULL,NULL,NULL,'31.75','expression',NULL,NULL,NULL,NULL,NULL,NULL),('RAP-7d13fa84:16811761f9d:-5017','RA-7d13fa84:16811761f9d:-5018','market.actions.AddMarketRentalRate.year',NULL,NULL,'RCC-7d13fa84:16811761f9d:-5019','YR',NULL,NULL,NULL,NULL,NULL,NULL,NULL,NULL),('RAP-7d13fa84:16811761f9d:-545b','RA-7d13fa84:16811761f9d:-545e','market.actions.AddMarketRentalRate.type',NULL,NULL,NULL,NULL,NULL,NULL,NULL,NULL,NULL,NULL,'MONTH',NULL),('RAP-7d13fa84:16811761f9d:-545c','RA-7d13fa84:16811761f9d:-545e','market.actions.AddMarketRentalRate.rate',NULL,NULL,NULL,NULL,'230','expression',NULL,NULL,NULL,NULL,NULL,NULL),('RAP-7d13fa84:16811761f9d:-545d','RA-7d13fa84:16811761f9d:-545e','market.actions.AddMarketRentalRate.year',NULL,NULL,'RCC-7d13fa84:16811761f9d:-545f','YR',NULL,NULL,NULL,NULL,NULL,NULL,NULL,NULL),('RAP-7d13fa84:16811761f9d:-706c','RA-7d13fa84:16811761f9d:-706f','market.actions.AddMarketRentalRate.type',NULL,NULL,NULL,NULL,NULL,NULL,NULL,NULL,NULL,NULL,'DAY',NULL),('RAP-7d13fa84:16811761f9d:-706d','RA-7d13fa84:16811761f9d:-706f','market.actions.AddMarketRentalRate.rate',NULL,NULL,NULL,NULL,'15','expression',NULL,NULL,NULL,NULL,NULL,NULL),('RAP-7d13fa84:16811761f9d:-706e','RA-7d13fa84:16811761f9d:-706f','market.actions.AddMarketRentalRate.year',NULL,NULL,'RCC-7d13fa84:16811761f9d:-7070','YR',NULL,NULL,NULL,NULL,NULL,NULL,NULL,NULL),('RAP-7d13fa84:16811761f9d:-73f3','RA-7d13fa84:16811761f9d:-73f6','market.actions.AddMarketRentalRate.year',NULL,NULL,'RCC-7d13fa84:16811761f9d:-73f9','YR',NULL,NULL,NULL,NULL,NULL,NULL,NULL,NULL),('RAP-7d13fa84:16811761f9d:-73f4','RA-7d13fa84:16811761f9d:-73f6','market.actions.AddMarketRentalRate.rate',NULL,NULL,NULL,NULL,'30','expression',NULL,NULL,NULL,NULL,NULL,NULL),('RAP-7d13fa84:16811761f9d:-73f5','RA-7d13fa84:16811761f9d:-73f6','market.actions.AddMarketRentalRate.type',NULL,NULL,NULL,NULL,NULL,NULL,NULL,NULL,NULL,NULL,'DAY',NULL),('RAP-7d13fa84:16811761f9d:-77e5','RA-7d13fa84:16811761f9d:-77e8','market.actions.AddMarketRentalRate.year',NULL,NULL,'RCC-7d13fa84:16811761f9d:-77ec','YR',NULL,NULL,NULL,NULL,NULL,NULL,NULL,NULL),('RAP-7d13fa84:16811761f9d:-77e6','RA-7d13fa84:16811761f9d:-77e8','market.actions.AddMarketRentalRate.rate',NULL,NULL,NULL,NULL,'10.00','expression',NULL,NULL,NULL,NULL,NULL,NULL),('RAP-7d13fa84:16811761f9d:-77e7','RA-7d13fa84:16811761f9d:-77e8','market.actions.AddMarketRentalRate.type',NULL,NULL,NULL,NULL,NULL,NULL,NULL,NULL,NULL,NULL,'DAY',NULL),('RAP108eedca:16d8b76dffd:-7fd6','RA108eedca:16d8b76dffd:-7fd8','treasury.actions.SetBillItemAccount.billitem',NULL,NULL,'RC108eedca:16d8b76dffd:-7fda','UB',NULL,NULL,NULL,NULL,NULL,NULL,NULL,NULL),('RAP108eedca:16d8b76dffd:-7fd7','RA108eedca:16d8b76dffd:-7fd8','treasury.actions.SetBillItemAccount.billcode',NULL,NULL,NULL,NULL,NULL,NULL,NULL,'WATER','WATER',NULL,NULL,NULL),('RAP20288499:166804c0832:2551','RA20288499:166804c0832:2550','market.actions.AddMarketRentalRate.type',NULL,NULL,NULL,NULL,NULL,NULL,NULL,NULL,NULL,NULL,'MONTH',NULL),('RAP20288499:166804c0832:2552','RA20288499:166804c0832:2550','market.actions.AddMarketRentalRate.rate',NULL,NULL,NULL,NULL,'3270','expression',NULL,NULL,NULL,NULL,NULL,NULL),('RAP20288499:166804c0832:2553','RA20288499:166804c0832:2550','market.actions.AddMarketRentalRate.year',NULL,NULL,'RCC20288499:166804c0832:254d','YR',NULL,NULL,NULL,NULL,NULL,NULL,NULL,NULL),('RAP20288499:166804c0832:29a9','RA20288499:166804c0832:29a8','market.actions.AddMarketRentalRate.type',NULL,NULL,NULL,NULL,NULL,NULL,NULL,NULL,NULL,NULL,'MONTH',NULL),('RAP20288499:166804c0832:29aa','RA20288499:166804c0832:29a8','market.actions.AddMarketRentalRate.rate',NULL,NULL,NULL,NULL,'1618.70','expression',NULL,NULL,NULL,NULL,NULL,NULL),('RAP20288499:166804c0832:29ab','RA20288499:166804c0832:29a8','market.actions.AddMarketRentalRate.year',NULL,NULL,'RCC20288499:166804c0832:29a5','YR',NULL,NULL,NULL,NULL,NULL,NULL,NULL,NULL),('RAP20288499:1668dce10cd:3b03','RA20288499:1668dce10cd:3b02','market.actions.AddMarketRentalRate.type',NULL,NULL,NULL,NULL,NULL,NULL,NULL,NULL,NULL,NULL,'MONTH',NULL),('RAP20288499:1668dce10cd:3b04','RA20288499:1668dce10cd:3b02','market.actions.AddMarketRentalRate.rate',NULL,NULL,NULL,NULL,'7640.80','expression',NULL,NULL,NULL,NULL,NULL,NULL),('RAP20288499:1668dce10cd:3b05','RA20288499:1668dce10cd:3b02','market.actions.AddMarketRentalRate.year',NULL,NULL,'RCC20288499:1668dce10cd:3aff','YR',NULL,NULL,NULL,NULL,NULL,NULL,NULL,NULL),('RAP20288499:1668dce10cd:3f3c','RA20288499:1668dce10cd:3f3b','market.actions.AddMarketRentalRate.type',NULL,NULL,NULL,NULL,NULL,NULL,NULL,NULL,NULL,NULL,'MONTH',NULL),('RAP20288499:1668dce10cd:3f3d','RA20288499:1668dce10cd:3f3b','market.actions.AddMarketRentalRate.rate',NULL,NULL,NULL,NULL,'5000','expression',NULL,NULL,NULL,NULL,NULL,NULL),('RAP20288499:1668dce10cd:3f3e','RA20288499:1668dce10cd:3f3b','market.actions.AddMarketRentalRate.year',NULL,NULL,'RCC20288499:1668dce10cd:3f38','YR',NULL,NULL,NULL,NULL,NULL,NULL,NULL,NULL),('RAP20288499:1669ac4a274:3c38','RA20288499:1669ac4a274:3c37','market.actions.AddMarketRentalRate.type',NULL,NULL,NULL,NULL,NULL,NULL,NULL,NULL,NULL,NULL,'DAY',NULL),('RAP20288499:1669ac4a274:3c39','RA20288499:1669ac4a274:3c37','market.actions.AddMarketRentalRate.rate',NULL,NULL,NULL,NULL,'@IIF(YR>2017,35.10,(@IIF(YR>2015,30.50,(@IIF(YR>2013,26.50,(@IIF(YR>2011,23.10,(@IIF(YR>2009,20.10,17.50)))))))))','expression',NULL,NULL,NULL,NULL,NULL,NULL),('RAP20288499:1669ac4a274:3c3a','RA20288499:1669ac4a274:3c37','market.actions.AddMarketRentalRate.year',NULL,NULL,'RCC20288499:1669ac4a274:3c34','YR',NULL,NULL,NULL,NULL,NULL,NULL,NULL,NULL),('RAP20288499:1669ac4a274:4d8e','RA20288499:1669ac4a274:4d8d','market.actions.AddMarketRentalRate.type',NULL,NULL,NULL,NULL,NULL,NULL,NULL,NULL,NULL,NULL,'MONTH',NULL),('RAP20288499:1669ac4a274:4d8f','RA20288499:1669ac4a274:4d8d','market.actions.AddMarketRentalRate.rate',NULL,NULL,NULL,NULL,'33952.80','expression',NULL,NULL,NULL,NULL,NULL,NULL),('RAP20288499:1669ac4a274:4d90','RA20288499:1669ac4a274:4d8d','market.actions.AddMarketRentalRate.year',NULL,NULL,'RCC20288499:1669ac4a274:4d8a','YR',NULL,NULL,NULL,NULL,NULL,NULL,NULL,NULL),('RAP20288499:166bde4d1ff:2106','RA20288499:166bde4d1ff:2105','market.actions.AddMarketRentalRate.type',NULL,NULL,NULL,NULL,NULL,NULL,NULL,NULL,NULL,NULL,'DAY',NULL),('RAP20288499:166bde4d1ff:2107','RA20288499:166bde4d1ff:2105','market.actions.AddMarketRentalRate.rate',NULL,NULL,NULL,NULL,'122.00','expression',NULL,NULL,NULL,NULL,NULL,NULL),('RAP20288499:166bde4d1ff:2108','RA20288499:166bde4d1ff:2105','market.actions.AddMarketRentalRate.year',NULL,NULL,'RCC20288499:166bde4d1ff:2102','YR',NULL,NULL,NULL,NULL,NULL,NULL,NULL,NULL),('RAP3a39601c:1697f494436:-3e02','RA3a39601c:1697f494436:-3e05','market.actions.AddMarketRentalRate.year',NULL,NULL,'RCC3a39601c:1697f494436:-3e08','YR',NULL,NULL,NULL,NULL,NULL,NULL,NULL,NULL),('RAP3a39601c:1697f494436:-3e03','RA3a39601c:1697f494436:-3e05','market.actions.AddMarketRentalRate.rate',NULL,NULL,NULL,NULL,'1000.00','expression',NULL,NULL,NULL,NULL,NULL,NULL),('RAP3a39601c:1697f494436:-3e04','RA3a39601c:1697f494436:-3e05','market.actions.AddMarketRentalRate.type',NULL,NULL,NULL,NULL,NULL,NULL,NULL,NULL,NULL,NULL,'MONTH',NULL),('RAP56d4f84c:16d8a7008d3:-7f8b','RA56d4f84c:16d8a7008d3:-7f8e','treasury.actions.SetBillItemProperty.billitem',NULL,NULL,'RC56d4f84c:16d8a7008d3:-7f9a','UB',NULL,NULL,NULL,NULL,NULL,NULL,NULL,NULL),('RAP56d4f84c:16d8a7008d3:-7f8c','RA56d4f84c:16d8a7008d3:-7f8e','treasury.actions.SetBillItemProperty.fieldname','fromdate',NULL,NULL,NULL,NULL,NULL,NULL,NULL,NULL,NULL,NULL,NULL),('RAP56d4f84c:16d8a7008d3:-7f8d','RA56d4f84c:16d8a7008d3:-7f8e','treasury.actions.SetBillItemProperty.value',NULL,NULL,NULL,NULL,'@DATE( YR , MON,  1 )','expression',NULL,NULL,NULL,NULL,NULL,NULL),('RAP56d4f84c:16d8a7008d3:-7f8f','RA56d4f84c:16d8a7008d3:-7f92','treasury.actions.SetBillItemProperty.billitem',NULL,NULL,'RC56d4f84c:16d8a7008d3:-7f9a','UB',NULL,NULL,NULL,NULL,NULL,NULL,NULL,NULL),('RAP56d4f84c:16d8a7008d3:-7f90','RA56d4f84c:16d8a7008d3:-7f92','treasury.actions.SetBillItemProperty.fieldname','todate',NULL,NULL,NULL,NULL,NULL,NULL,NULL,NULL,NULL,NULL,NULL),('RAP56d4f84c:16d8a7008d3:-7f91','RA56d4f84c:16d8a7008d3:-7f92','treasury.actions.SetBillItemProperty.value',NULL,NULL,NULL,NULL,'@MONTHEND( @DATE( YR , MON,  1 )  );','expression',NULL,NULL,NULL,NULL,NULL,NULL),('RAP56d4f84c:16d8a7008d3:-7f93','RA56d4f84c:16d8a7008d3:-7f96','treasury.actions.SetBillItemProperty.billitem',NULL,NULL,'RC56d4f84c:16d8a7008d3:-7f9a','UB',NULL,NULL,NULL,NULL,NULL,NULL,NULL,NULL),('RAP56d4f84c:16d8a7008d3:-7f94','RA56d4f84c:16d8a7008d3:-7f96','treasury.actions.SetBillItemProperty.fieldname','nextbilldate',NULL,NULL,NULL,NULL,NULL,NULL,NULL,NULL,NULL,NULL,NULL),('RAP56d4f84c:16d8a7008d3:-7f95','RA56d4f84c:16d8a7008d3:-7f96','treasury.actions.SetBillItemProperty.value',NULL,NULL,NULL,NULL,'@DAYADD(  @MONTHEND(   @DATE( YR ,MON,  1) ) , 15 )','expression',NULL,NULL,NULL,NULL,NULL,NULL),('RAP56d4f84c:16d8a7008d3:-7f9d','RA56d4f84c:16d8a7008d3:-7fa0','treasury.actions.SetBillItemProperty.billitem',NULL,NULL,'RC56d4f84c:16d8a7008d3:-7fa6','UB',NULL,NULL,NULL,NULL,NULL,NULL,NULL,NULL),('RAP56d4f84c:16d8a7008d3:-7f9e','RA56d4f84c:16d8a7008d3:-7fa0','treasury.actions.SetBillItemProperty.fieldname','rate',NULL,NULL,NULL,NULL,NULL,NULL,NULL,NULL,NULL,NULL,NULL),('RAP56d4f84c:16d8a7008d3:-7f9f','RA56d4f84c:16d8a7008d3:-7fa0','treasury.actions.SetBillItemProperty.value',NULL,NULL,NULL,NULL,'30','expression',NULL,NULL,NULL,NULL,NULL,NULL),('RAP56d4f84c:16d8a7008d3:-7fa1','RA56d4f84c:16d8a7008d3:-7fa4','treasury.actions.SetBillItemProperty.billitem',NULL,NULL,'RC56d4f84c:16d8a7008d3:-7fa6','UB',NULL,NULL,NULL,NULL,NULL,NULL,NULL,NULL),('RAP56d4f84c:16d8a7008d3:-7fa2','RA56d4f84c:16d8a7008d3:-7fa4','treasury.actions.SetBillItemProperty.fieldname','amount',NULL,NULL,NULL,NULL,NULL,NULL,NULL,NULL,NULL,NULL,NULL),('RAP56d4f84c:16d8a7008d3:-7fa3','RA56d4f84c:16d8a7008d3:-7fa4','treasury.actions.SetBillItemProperty.value',NULL,NULL,NULL,NULL,'VOL * 30','expression',NULL,NULL,NULL,NULL,NULL,NULL),('RULACT-1ee6075f:16d8936bd7f:-7b73','RACT-1ee6075f:16d8936bd7f:-7bcb','treasury.actions.SetBillItemProperty.value',NULL,NULL,NULL,NULL,'\'RENTAL \' + @DATEFORMAT(FROMDATE , \'MMM dd\' ) + \'-\' + @DATEFORMAT(TODATE , \'MMM dd\' )','expression',NULL,NULL,NULL,NULL,NULL,NULL),('RULACT-1ee6075f:16d8936bd7f:-7b94','RACT-1ee6075f:16d8936bd7f:-7bcb','treasury.actions.SetBillItemProperty.fieldname','remarks',NULL,NULL,NULL,NULL,NULL,NULL,NULL,NULL,NULL,NULL,NULL),('RULACT-1ee6075f:16d8936bd7f:-7bb3','RACT-1ee6075f:16d8936bd7f:-7bcb','treasury.actions.SetBillItemProperty.billitem',NULL,NULL,'RCOND-1ee6075f:16d8936bd7f:-7d78','MRI',NULL,NULL,NULL,NULL,NULL,NULL,NULL,NULL),('RULACT-34e42a37:16d80c4f0f5:-7984','RACT-34e42a37:16d80c4f0f5:-79bd','treasury.actions.SetBillItemAccount.billcode',NULL,NULL,NULL,NULL,NULL,NULL,NULL,'MARKET_RENTAL','MARKET RENTAL',NULL,NULL,NULL),('RULACT-34e42a37:16d80c4f0f5:-79a5','RACT-34e42a37:16d80c4f0f5:-79bd','treasury.actions.SetBillItemAccount.billitem',NULL,NULL,'RCOND-34e42a37:16d80c4f0f5:-7b51','MRI',NULL,NULL,NULL,NULL,NULL,NULL,NULL,NULL),('RULACT-3a94e44c:16d704b3871:-7868','RACT-3a94e44c:16d704b3871:-7998','market.actions.AddDailyMarketRentalBillItems.startdayofmonth','1',NULL,NULL,NULL,NULL,NULL,NULL,NULL,NULL,NULL,NULL,NULL),('RULACT-3a94e44c:16d704b3871:-795f','RACT-3a94e44c:16d704b3871:-7998','market.actions.AddDailyMarketRentalBillItems.todate',NULL,NULL,'RCONST-3a94e44c:16d704b3871:-7c36','TODATE',NULL,NULL,NULL,NULL,NULL,NULL,NULL,NULL),('RULACT-3a94e44c:16d704b3871:-7980','RACT-3a94e44c:16d704b3871:-7998','market.actions.AddDailyMarketRentalBillItems.fromdate',NULL,NULL,'RCONST-3a94e44c:16d704b3871:-7c67','FROMDATE',NULL,NULL,NULL,NULL,NULL,NULL,NULL,NULL),('RULACT-3eefd6b1:1661489c227:-7928','RACT-3eefd6b1:1661489c227:-792b','market.actions.AddMarketRentalRate.type',NULL,NULL,NULL,NULL,NULL,NULL,NULL,NULL,NULL,NULL,'MONTH',NULL),('RULACT-3eefd6b1:1661489c227:-7929','RACT-3eefd6b1:1661489c227:-792b','market.actions.AddMarketRentalRate.rate',NULL,NULL,NULL,NULL,'1971.04','expression',NULL,NULL,NULL,NULL,NULL,NULL),('RULACT-3eefd6b1:1661489c227:-792a','RACT-3eefd6b1:1661489c227:-792b','market.actions.AddMarketRentalRate.year',NULL,NULL,'RCONST643684be:1661e09fd03:-6601','YR',NULL,NULL,NULL,NULL,NULL,NULL,NULL,NULL),('RULACT-43556c05:16d8b772b96:-7c11','RACT-43556c05:16d8b772b96:-7c5c','treasury.actions.SetBillItemAccount.billcode',NULL,NULL,NULL,NULL,NULL,NULL,NULL,'ELECTRICITY','ELECTRICITY',NULL,NULL,NULL),('RULACT-43556c05:16d8b772b96:-7c32','RACT-43556c05:16d8b772b96:-7c5c','treasury.actions.SetBillItemAccount.billitem',NULL,NULL,'RCOND-43556c05:16d8b772b96:-7d54','UB',NULL,NULL,NULL,NULL,NULL,NULL,NULL,NULL),('RULACT-6363f4cb:16d894d3001:-78c3','RACT-6363f4cb:16d894d3001:-791b','treasury.actions.SetBillItemProperty.value',NULL,NULL,NULL,NULL,'VOL * 50','expression',NULL,NULL,NULL,NULL,NULL,NULL),('RULACT-6363f4cb:16d894d3001:-78e4','RACT-6363f4cb:16d894d3001:-791b','treasury.actions.SetBillItemProperty.fieldname','amount',NULL,NULL,NULL,NULL,NULL,NULL,NULL,NULL,NULL,NULL,NULL),('RULACT-6363f4cb:16d894d3001:-7903','RACT-6363f4cb:16d894d3001:-791b','treasury.actions.SetBillItemProperty.billitem',NULL,NULL,'RCOND-6363f4cb:16d894d3001:-7bf5','UB',NULL,NULL,NULL,NULL,NULL,NULL,NULL,NULL),('RULACT-6363f4cb:16d894d3001:-7b0a','RACT-6363f4cb:16d894d3001:-7b63','treasury.actions.SetBillItemProperty.value',NULL,NULL,NULL,NULL,'50','expression',NULL,NULL,NULL,NULL,NULL,NULL),('RULACT-6363f4cb:16d894d3001:-7b2b','RACT-6363f4cb:16d894d3001:-7b63','treasury.actions.SetBillItemProperty.fieldname','rate',NULL,NULL,NULL,NULL,NULL,NULL,NULL,NULL,NULL,NULL,NULL),('RULACT-6363f4cb:16d894d3001:-7b4a','RACT-6363f4cb:16d894d3001:-7b63','treasury.actions.SetBillItemProperty.billitem',NULL,NULL,'RCOND-6363f4cb:16d894d3001:-7bf5','UB',NULL,NULL,NULL,NULL,NULL,NULL,NULL,NULL),('RULACT-6a9aecbf:1661391988f:-70ad','RACT-6a9aecbf:1661391988f:-70b0','market.actions.AddMarketRentalRate.type',NULL,NULL,NULL,NULL,NULL,NULL,NULL,NULL,NULL,NULL,'MONTH',NULL),('RULACT-6a9aecbf:1661391988f:-70ae','RACT-6a9aecbf:1661391988f:-70b0','market.actions.AddMarketRentalRate.rate',NULL,NULL,NULL,NULL,'1904.40','expression',NULL,NULL,NULL,NULL,NULL,NULL),('RULACT-6a9aecbf:1661391988f:-70af','RACT-6a9aecbf:1661391988f:-70b0','market.actions.AddMarketRentalRate.year',NULL,NULL,'RCONST643684be:1661e09fd03:-6841','YR',NULL,NULL,NULL,NULL,NULL,NULL,NULL,NULL),('RULACT-71332b50:1606d366167:-7a63','RACT-71332b50:1606d366167:-7a66','market.actions.AddMarketRentalRate.type',NULL,NULL,NULL,NULL,NULL,NULL,NULL,NULL,NULL,NULL,'DAY',NULL),('RULACT-71332b50:1606d366167:-7a64','RACT-71332b50:1606d366167:-7a66','market.actions.AddMarketRentalRate.rate',NULL,NULL,NULL,NULL,'@IIF( YR<2012 ,14 , 21 );','expression',NULL,NULL,NULL,NULL,NULL,NULL),('RULACT-71332b50:1606d366167:-7a65','RACT-71332b50:1606d366167:-7a66','market.actions.AddMarketRentalRate.year',NULL,NULL,'RCONST-71332b50:1606d366167:-7a9c','YR',NULL,NULL,NULL,NULL,NULL,NULL,NULL,NULL),('RULACT-7726e459:16d7fbda956:-7773','RACT-7726e459:16d7fbda956:-77cb','treasury.actions.SetBillItemProperty.value',NULL,NULL,NULL,NULL,'@FINDNEXTWORKDAY( @DAYADD( CURRDATE, -1 ) , HOLIDAYS, 1 )','expression',NULL,NULL,NULL,NULL,NULL,NULL),('RULACT-7726e459:16d7fbda956:-7794','RACT-7726e459:16d7fbda956:-77cb','treasury.actions.SetBillItemProperty.fieldname','duedate',NULL,NULL,NULL,NULL,NULL,NULL,NULL,NULL,NULL,NULL,NULL),('RULACT-7726e459:16d7fbda956:-77b3','RACT-7726e459:16d7fbda956:-77cb','treasury.actions.SetBillItemProperty.billitem',NULL,NULL,'RCOND-7726e459:16d7fbda956:-7acd','MRI',NULL,NULL,NULL,NULL,NULL,NULL,NULL,NULL),('RULACT-7ee17493:16d70d9d767:-77ac','RACT-7ee17493:16d70d9d767:-780c','market.actions.AddMonthlyMarketRentalBillItems.startdayofmonth','15',NULL,NULL,NULL,NULL,NULL,NULL,NULL,NULL,NULL,NULL,NULL),('RULACT-7ee17493:16d70d9d767:-77d3','RACT-7ee17493:16d70d9d767:-780c','market.actions.AddMonthlyMarketRentalBillItems.todate',NULL,NULL,'RCC348eccad:16d711b1aca:-7fdc','TODATE',NULL,NULL,NULL,NULL,NULL,NULL,NULL,NULL),('RULACT-7ee17493:16d70d9d767:-77f4','RACT-7ee17493:16d70d9d767:-780c','market.actions.AddMonthlyMarketRentalBillItems.fromdate',NULL,NULL,'RCC348eccad:16d711b1aca:-7fdd','FROMDATE',NULL,NULL,NULL,NULL,NULL,NULL,NULL,NULL),('RULACT1227ea4c:16d71d1db9e:-76b6','RACT1227ea4c:16d71d1db9e:-79ef','market.actions.AddWeeklyMarketRentalBillItems.dow','SUNDAY',NULL,NULL,NULL,NULL,NULL,NULL,NULL,NULL,NULL,NULL,NULL),('RULACT1227ea4c:16d71d1db9e:-79a9','RACT1227ea4c:16d71d1db9e:-79ef','market.actions.AddWeeklyMarketRentalBillItems.todate',NULL,NULL,'RCC1a7c7ce5:16d71a1bdd5:-7fb2','TODATE',NULL,NULL,NULL,NULL,NULL,NULL,NULL,NULL),('RULACT1227ea4c:16d71d1db9e:-79d1','RACT1227ea4c:16d71d1db9e:-79ef','market.actions.AddWeeklyMarketRentalBillItems.fromdate',NULL,NULL,'RCC1a7c7ce5:16d71a1bdd5:-7fb1','FROMDATE',NULL,NULL,NULL,NULL,NULL,NULL,NULL,NULL),('RULACT3b53e7d0:16d804aa097:-729a','RACT3b53e7d0:16d804aa097:-7320','treasury.actions.AddSurchargeItem.amount',NULL,NULL,NULL,NULL,'\nif( FROMDATE <= DUEDATE ) {\n    if( TODATE <= DUEDATE ) {\n          return AMT * 0.25;	\n    }	\n    else {  \n         int numdays = @DAYDIFF( FROMDATE , DUEDATE  ) + 1;	\n         return (numdays * RATE) * 0.25; 	\n    };\n};\nelse {\n     return 0;	\n};','expression',NULL,NULL,NULL,NULL,NULL,NULL),('RULACT3b53e7d0:16d804aa097:-7302','RACT3b53e7d0:16d804aa097:-7320','treasury.actions.AddSurchargeItem.billitem',NULL,NULL,'RCOND3b53e7d0:16d804aa097:-77df','MRI',NULL,NULL,NULL,NULL,NULL,NULL,NULL,NULL),('RULACT4542b59e:16d816f0ee0:-7c31','RACT3b53e7d0:16d804aa097:-7320','treasury.actions.AddSurchargeItem.billcode',NULL,NULL,NULL,NULL,NULL,NULL,NULL,'SURCHARGE','SURCHARGE',NULL,NULL,NULL),('RULACT4eb2e53:16d86892506:-6ec9','RACT4eb2e53:16d86892506:-6f21','treasury.actions.SetBillItemProperty.value',NULL,NULL,NULL,NULL,'@DAYADD(  @MONTHEND(   @DATE( YR ,MON,  1) ) , 15 )','expression',NULL,NULL,NULL,NULL,NULL,NULL),('RULACT4eb2e53:16d86892506:-6eea','RACT4eb2e53:16d86892506:-6f21','treasury.actions.SetBillItemProperty.fieldname','nextbilldate',NULL,NULL,NULL,NULL,NULL,NULL,NULL,NULL,NULL,NULL,NULL),('RULACT4eb2e53:16d86892506:-6f09','RACT4eb2e53:16d86892506:-6f21','treasury.actions.SetBillItemProperty.billitem',NULL,NULL,'RCOND4eb2e53:16d86892506:-79c6','UB',NULL,NULL,NULL,NULL,NULL,NULL,NULL,NULL),('RULACT4eb2e53:16d86892506:-743b','RACT4eb2e53:16d86892506:-7498','treasury.actions.SetBillItemProperty.value',NULL,NULL,NULL,NULL,'@MONTHEND( @DATE( YR , MON,  1 )  );','expression',NULL,NULL,NULL,NULL,NULL,NULL),('RULACT4eb2e53:16d86892506:-7461','RACT4eb2e53:16d86892506:-7498','treasury.actions.SetBillItemProperty.fieldname','todate',NULL,NULL,NULL,NULL,NULL,NULL,NULL,NULL,NULL,NULL,NULL),('RULACT4eb2e53:16d86892506:-7480','RACT4eb2e53:16d86892506:-7498','treasury.actions.SetBillItemProperty.billitem',NULL,NULL,'RCOND4eb2e53:16d86892506:-79c6','UB',NULL,NULL,NULL,NULL,NULL,NULL,NULL,NULL),('RULACT4eb2e53:16d86892506:-75e4','RACT4eb2e53:16d86892506:-764a','treasury.actions.SetBillItemProperty.value',NULL,NULL,NULL,NULL,'@DATE( YR , MON,  1 )','expression',NULL,NULL,NULL,NULL,NULL,NULL),('RULACT4eb2e53:16d86892506:-7605','RACT4eb2e53:16d86892506:-764a','treasury.actions.SetBillItemProperty.fieldname','fromdate',NULL,NULL,NULL,NULL,NULL,NULL,NULL,NULL,NULL,NULL,NULL),('RULACT4eb2e53:16d86892506:-7624','RACT4eb2e53:16d86892506:-764a','treasury.actions.SetBillItemProperty.billitem',NULL,NULL,'RCOND4eb2e53:16d86892506:-79c6','UB',NULL,NULL,NULL,NULL,NULL,NULL,NULL,NULL),('RULACT7f18462:16d8aafc019:-78ae','RACT7f18462:16d8aafc019:-7906','treasury.actions.SetBillItemProperty.value',NULL,NULL,NULL,NULL,'TYPE + \' FOR \' + @DATEFORMAT(  @DATE( YR, MON, 1), \'MMMM\' )','expression',NULL,NULL,NULL,NULL,NULL,NULL),('RULACT7f18462:16d8aafc019:-78cf','RACT7f18462:16d8aafc019:-7906','treasury.actions.SetBillItemProperty.fieldname','remarks',NULL,NULL,NULL,NULL,NULL,NULL,NULL,NULL,NULL,NULL,NULL),('RULACT7f18462:16d8aafc019:-78ee','RACT7f18462:16d8aafc019:-7906','treasury.actions.SetBillItemProperty.billitem',NULL,NULL,'RCOND7f18462:16d8aafc019:-7a00','UB',NULL,NULL,NULL,NULL,NULL,NULL,NULL,NULL),('RULACTb36ce9e:16d713f33e7:-6ea1','RACTb36ce9e:16d713f33e7:-6efb','market.actions.SetMarketRentalBillItemAmount.account',NULL,NULL,'RCONDb36ce9e:16d713f33e7:-6f81','MA',NULL,NULL,NULL,NULL,NULL,NULL,NULL,NULL),('RULACTb36ce9e:16d713f33e7:-6ec4','RACTb36ce9e:16d713f33e7:-6efb','market.actions.SetMarketRentalBillItemAmount.rentalrate',NULL,NULL,'RCONDb36ce9e:16d713f33e7:-715f','MRR',NULL,NULL,NULL,NULL,NULL,NULL,NULL,NULL),('RULACTb36ce9e:16d713f33e7:-6ee3','RACTb36ce9e:16d713f33e7:-6efb','market.actions.SetMarketRentalBillItemAmount.billitem',NULL,NULL,'RCONDb36ce9e:16d713f33e7:-7373','MRI',NULL,NULL,NULL,NULL,NULL,NULL,NULL,NULL);
/*!40000 ALTER TABLE `sys_rule_action_param` ENABLE KEYS */;
UNLOCK TABLES;

--
-- Table structure for table `sys_rule_actiondef`
--

DROP TABLE IF EXISTS `sys_rule_actiondef`;
/*!40101 SET @saved_cs_client     = @@character_set_client */;
/*!40101 SET character_set_client = utf8 */;
CREATE TABLE `sys_rule_actiondef` (
  `objid` varchar(50) NOT NULL,
  `name` varchar(50) NOT NULL,
  `title` varchar(250) DEFAULT NULL,
  `sortorder` int(11) DEFAULT NULL,
  `actionname` varchar(50) DEFAULT NULL,
  `domain` varchar(50) DEFAULT NULL,
  `actionclass` varchar(255) DEFAULT NULL,
  PRIMARY KEY (`objid`)
) ENGINE=InnoDB DEFAULT CHARSET=utf8;
/*!40101 SET character_set_client = @saved_cs_client */;

--
-- Dumping data for table `sys_rule_actiondef`
--

LOCK TABLES `sys_rule_actiondef` WRITE;
/*!40000 ALTER TABLE `sys_rule_actiondef` DISABLE KEYS */;
INSERT INTO `sys_rule_actiondef` VALUES ('enterprise.actions.PrintTest','print_test','Print Test. For debugging (developers) only.',100,'print_test','BPLS','enterprise.actions.PrintTest'),('market.actions.AddDailyMarketRentalBillItems','add-daily-market-billitems','Add Daily Market Bill Items',1,'add-daily-market-billitems','MARKET','market.actions.AddDailyMarketRentalBillItems'),('market.actions.AddMarketRentalRate','add-market-rental-rates','Add Market Rental Rates',1,'add-market-rental-rates','MARKET','market.actions.AddMarketRentalRate'),('market.actions.AddMonthlyMarketRentalBillItems','add-monthly-market-billitems','Add Monthly Market Bill Items',1,'add-monthly-market-billitems','MARKET','market.actions.AddMonthlyMarketRentalBillItems'),('market.actions.AddWeeklyMarketRentalBillItems','add-weekly-market-billitems','Add Weekly Market Bill Items',1,'add-weekly-market-billitems','MARKET','market.actions.AddWeeklyMarketRentalBillItems'),('market.actions.SetMarketRentalBillItemAmount','set-market-rental-billitem-amount','Set Market Rental BillItem Amount',2,'set-market-rental-billitem-amount','MARKET','market.actions.SetMarketRentalBillItemAmount'),('treasury.actions.AddBillItem','add-billitem','Add Bill Item',2,'add-billitem','TREASURY','treasury.actions.AddBillItem'),('treasury.actions.AddBillSubItem','add-bill-subitem','Add Bill Subitem',11,'add-bill-subitem','TREASURY','treasury.actions.AddBillSubItem'),('treasury.actions.AddDiscountItem','add-discount-item','Add Discount',5,'add-discount-item','TREASURY','treasury.actions.AddDiscountItem'),('treasury.actions.AddDueDate','add-duedate','Add Due Date',1,'add-duedate','TREASURY','treasury.actions.AddDueDate'),('treasury.actions.AddInterestItem','add-interest-item','Add Interest',3,'add-interest-item','TREASURY','treasury.actions.AddInterestItem'),('treasury.actions.AddMonthBillItem','add-monthbillitem','Add Month Bill Item',2,'add-monthbillitem','TREASURY','treasury.actions.AddMonthBillItem'),('treasury.actions.AddSurchargeItem','add-surcharge-item','Add Surcharge',3,'add-surcharge-item','TREASURY','treasury.actions.AddSurchargeItem'),('treasury.actions.AddVarDate','add-vardate','Add Variable Date',1,'add-vardate','TREASURY','treasury.actions.AddVarDate'),('treasury.actions.ApplyPayment','apply-payment','Apply Payment',5,'apply-payment','TREASURY','treasury.actions.ApplyPayment'),('treasury.actions.ComputeUtilityRate','compute-utility-rate','Compute Utility Rate',1,'compute-utility-rate','TREASURY','treasury.actions.ComputeUtilityRate'),('treasury.actions.RemoveBillItem','remove-billitem','Remove Bill Item',1,'remove-billitem','TREASURY','treasury.actions.RemoveBillItem'),('treasury.actions.SetBillItemAccount','set-billitem-account','Set Bill Item Account',4,'set-billitem-account','TREASURY','treasury.actions.SetBillItemAccount'),('treasury.actions.SetBillItemProperty','set-billitem-property','Set BillItem Property Value',10,'set-billitem-property','TREASURY','treasury.actions.SetBillItemProperty'),('treasury.actions.SummarizeBillItem','summarize-item','Summarize Bill Item',5,'summarize-item','TREASURY','treasury.actions.SummarizeBillItem');
/*!40000 ALTER TABLE `sys_rule_actiondef` ENABLE KEYS */;
UNLOCK TABLES;

--
-- Table structure for table `sys_rule_actiondef_param`
--

DROP TABLE IF EXISTS `sys_rule_actiondef_param`;
/*!40101 SET @saved_cs_client     = @@character_set_client */;
/*!40101 SET character_set_client = utf8 */;
CREATE TABLE `sys_rule_actiondef_param` (
  `objid` varchar(100) NOT NULL,
  `parentid` varchar(50) DEFAULT NULL,
  `name` varchar(50) NOT NULL,
  `sortorder` int(11) DEFAULT NULL,
  `title` varchar(50) DEFAULT NULL,
  `datatype` varchar(50) DEFAULT NULL,
  `handler` varchar(50) DEFAULT NULL,
  `lookuphandler` varchar(50) DEFAULT NULL,
  `lookupkey` varchar(50) DEFAULT NULL,
  `lookupvalue` varchar(50) DEFAULT NULL,
  `vardatatype` varchar(50) DEFAULT NULL,
  `lovname` varchar(50) DEFAULT NULL,
  PRIMARY KEY (`objid`),
  KEY `parentid` (`parentid`),
  CONSTRAINT `fk_rule_action_def_param_parentid` FOREIGN KEY (`parentid`) REFERENCES `sys_rule_actiondef` (`objid`)
) ENGINE=InnoDB DEFAULT CHARSET=utf8;
/*!40101 SET character_set_client = @saved_cs_client */;

--
-- Dumping data for table `sys_rule_actiondef_param`
--

LOCK TABLES `sys_rule_actiondef_param` WRITE;
/*!40000 ALTER TABLE `sys_rule_actiondef_param` DISABLE KEYS */;
INSERT INTO `sys_rule_actiondef_param` VALUES ('enterprise.actions.PrintTest.message','enterprise.actions.PrintTest','message',1,'Message',NULL,'expression',NULL,NULL,NULL,NULL,NULL),('market.actions.AddDailyMarketRentalBillItems.fromdate','market.actions.AddDailyMarketRentalBillItems','fromdate',1,'From Date',NULL,'var',NULL,NULL,NULL,'date',NULL),('market.actions.AddDailyMarketRentalBillItems.startdayofmonth','market.actions.AddDailyMarketRentalBillItems','startdayofmonth',3,'Start Day of Month','string','string',NULL,NULL,NULL,'string',NULL),('market.actions.AddDailyMarketRentalBillItems.todate','market.actions.AddDailyMarketRentalBillItems','todate',2,'To Date',NULL,'var',NULL,NULL,NULL,'date',NULL),('market.actions.AddMarketRentalRate.rate','market.actions.AddMarketRentalRate','rate',2,'Rate',NULL,'expression',NULL,NULL,NULL,NULL,NULL),('market.actions.AddMarketRentalRate.type','market.actions.AddMarketRentalRate','type',3,'Rate Type',NULL,'lov',NULL,NULL,NULL,NULL,'MARKET_RATE_TYPES'),('market.actions.AddMarketRentalRate.year','market.actions.AddMarketRentalRate','year',1,'Year',NULL,'var',NULL,NULL,NULL,'integer',NULL),('market.actions.AddMonthlyMarketRentalBillItems.fromdate','market.actions.AddMonthlyMarketRentalBillItems','fromdate',1,'From Date',NULL,'var',NULL,NULL,NULL,'date',NULL),('market.actions.AddMonthlyMarketRentalBillItems.startdayofmonth','market.actions.AddMonthlyMarketRentalBillItems','startdayofmonth',3,'Start Day of Month','string','string',NULL,NULL,NULL,'string',NULL),('market.actions.AddMonthlyMarketRentalBillItems.todate','market.actions.AddMonthlyMarketRentalBillItems','todate',2,'To Date',NULL,'var',NULL,NULL,NULL,'date',NULL),('market.actions.AddWeeklyMarketRentalBillItems.dow','market.actions.AddWeeklyMarketRentalBillItems','dow',4,'Day of Week','string','string',NULL,NULL,NULL,'string',NULL),('market.actions.AddWeeklyMarketRentalBillItems.fromdate','market.actions.AddWeeklyMarketRentalBillItems','fromdate',1,'From Date',NULL,'var',NULL,NULL,NULL,'date',NULL),('market.actions.AddWeeklyMarketRentalBillItems.ordinal','market.actions.AddWeeklyMarketRentalBillItems','ordinal',3,'Ordinal','string','string',NULL,NULL,NULL,'string',NULL),('market.actions.AddWeeklyMarketRentalBillItems.todate','market.actions.AddWeeklyMarketRentalBillItems','todate',2,'To Date',NULL,'var',NULL,NULL,NULL,'date',NULL),('market.actions.SetMarketRentalBillItemAmount.account','market.actions.SetMarketRentalBillItemAmount','account',3,'Market Account',NULL,'var',NULL,NULL,NULL,'market.facts.MarketAccount',NULL),('market.actions.SetMarketRentalBillItemAmount.billitem','market.actions.SetMarketRentalBillItemAmount','billitem',1,'Market Bill Item',NULL,'var',NULL,NULL,NULL,'market.facts.MarketRentalBillItem',NULL),('market.actions.SetMarketRentalBillItemAmount.rentalrate','market.actions.SetMarketRentalBillItemAmount','rentalrate',2,'Rental Rate',NULL,'var',NULL,NULL,NULL,'market.facts.MarketRentalRate',NULL),('treasury.actions.AddBillItem.account','treasury.actions.AddBillItem','account',1,'Account',NULL,'lookup','revenueitem:lookup','objid','title',NULL,NULL),('treasury.actions.AddBillItem.amount','treasury.actions.AddBillItem','amount',2,'Amount',NULL,'expression',NULL,NULL,NULL,NULL,NULL),('treasury.actions.AddBillItem.txntype','treasury.actions.AddBillItem','txntype',3,'Txn Type',NULL,'lookup','billitem_txntype:lookup','objid','title','string',NULL),('treasury.actions.AddBillSubItem.account','treasury.actions.AddBillSubItem','account',2,'Account',NULL,'lookup','revenueitem:lookup','objid','title',NULL,NULL),('treasury.actions.AddBillSubItem.amount','treasury.actions.AddBillSubItem','amount',3,'Amount',NULL,'expression',NULL,NULL,NULL,NULL,NULL),('treasury.actions.AddBillSubItem.billitem','treasury.actions.AddBillSubItem','billitem',1,'Parent Bill Item',NULL,'var',NULL,NULL,NULL,'treasury.facts.AbstractBillItem',NULL),('treasury.actions.AddBillSubItem.txntype','treasury.actions.AddBillSubItem','txntype',4,'Txn Type',NULL,'lookup','billitem_txntype:lookup','objid','title','string',NULL),('treasury.actions.AddDiscountItem.account','treasury.actions.AddDiscountItem','account',2,'Discount Account',NULL,'lookup','revenueitem:lookup','objid','title',NULL,NULL),('treasury.actions.AddDiscountItem.amount','treasury.actions.AddDiscountItem','amount',3,'Amount',NULL,'expression',NULL,NULL,NULL,NULL,NULL),('treasury.actions.AddDiscountItem.billitem','treasury.actions.AddDiscountItem','billitem',1,'Bill Item',NULL,'var',NULL,NULL,NULL,'treasury.facts.AbstractBillItem',NULL),('treasury.actions.AddDueDate.date','treasury.actions.AddDueDate','date',1,'Date',NULL,'expression',NULL,NULL,NULL,NULL,NULL),('treasury.actions.AddDueDate.tag','treasury.actions.AddDueDate','tag',2,'Tag','string','string',NULL,NULL,NULL,'string',NULL),('treasury.actions.AddInterestItem.account','treasury.actions.AddInterestItem','account',2,'Account',NULL,'lookup','revenueitem:lookup','objid','title','string',NULL),('treasury.actions.AddInterestItem.amount','treasury.actions.AddInterestItem','amount',3,'Amount',NULL,'expression',NULL,NULL,NULL,NULL,NULL),('treasury.actions.AddInterestItem.billitem','treasury.actions.AddInterestItem','billitem',1,'Bill Item',NULL,'var',NULL,NULL,NULL,'treasury.facts.AbstractBillItem',NULL),('treasury.actions.AddMonthBillItem.amount','treasury.actions.AddMonthBillItem','amount',3,'Amount',NULL,'expression',NULL,NULL,NULL,NULL,NULL),('treasury.actions.AddMonthBillItem.monthentry','treasury.actions.AddMonthBillItem','monthentry',1,'Month Entry',NULL,'var',NULL,NULL,NULL,'treasury.facts.MonthEntry',NULL),('treasury.actions.AddMonthBillItem.txntype','treasury.actions.AddMonthBillItem','txntype',2,'Txn Type',NULL,'lookup','billitem_txntype:lookup','objid','title','string',NULL),('treasury.actions.AddSurchargeItem.account','treasury.actions.AddSurchargeItem','account',2,'Account',NULL,'lookup','revenueitem:lookup','objid','title','string',NULL),('treasury.actions.AddSurchargeItem.amount','treasury.actions.AddSurchargeItem','amount',3,'Amount',NULL,'expression',NULL,NULL,NULL,NULL,NULL),('treasury.actions.AddSurchargeItem.billcode','treasury.actions.AddSurchargeItem','billcode',5,'Bill code',NULL,'lookup','market_itemaccount:lookup','objid','title','string',NULL),('treasury.actions.AddSurchargeItem.billitem','treasury.actions.AddSurchargeItem','billitem',1,'Bill Item',NULL,'var',NULL,NULL,NULL,'treasury.facts.AbstractBillItem',NULL),('treasury.actions.AddSurchargeItem.txntype','treasury.actions.AddSurchargeItem','txntype',4,'Txn Type',NULL,'lookup','market_itemaccount:lookup','objid','title','string',NULL),('treasury.actions.AddVarDate.date','treasury.actions.AddVarDate','date',1,'Date',NULL,'expression',NULL,NULL,NULL,NULL,NULL),('treasury.actions.AddVarDate.tag','treasury.actions.AddVarDate','tag',2,'Tag','string','string',NULL,NULL,NULL,'string',NULL),('treasury.actions.ApplyPayment.payment','treasury.actions.ApplyPayment','payment',1,'Payment',NULL,'var',NULL,NULL,NULL,'treasury.facts.Payment',NULL),('treasury.actions.ComputeUtilityRate.amount','treasury.actions.ComputeUtilityRate','amount',2,'Amount',NULL,'expression',NULL,NULL,NULL,NULL,NULL),('treasury.actions.ComputeUtilityRate.item','treasury.actions.ComputeUtilityRate','item',1,'Item',NULL,'var',NULL,NULL,NULL,'treasury.facts.UtilityRate',NULL),('treasury.actions.RemoveBillItem.billitem','treasury.actions.RemoveBillItem','billitem',1,'Bill Item',NULL,'var',NULL,NULL,NULL,'treasury.facts.AbstractBillItem',NULL),('treasury.actions.SetBillItemAccount.account','treasury.actions.SetBillItemAccount','account',2,'Account',NULL,'lookup','revenueitem:lookup','objid','title',NULL,NULL),('treasury.actions.SetBillItemAccount.billcode','treasury.actions.SetBillItemAccount','billcode',3,'Bill code',NULL,'lookup','market_itemaccount:lookup','objid','title','string',NULL),('treasury.actions.SetBillItemAccount.billitem','treasury.actions.SetBillItemAccount','billitem',1,'Bill Item',NULL,'var',NULL,NULL,NULL,'treasury.facts.AbstractBillItem',NULL),('treasury.actions.SetBillItemProperty.billitem','treasury.actions.SetBillItemProperty','billitem',1,'Bill Item',NULL,'var',NULL,NULL,NULL,'treasury.facts.AbstractBillItem',NULL),('treasury.actions.SetBillItemProperty.fieldname','treasury.actions.SetBillItemProperty','fieldname',2,'Property Field Name','string','string',NULL,NULL,NULL,'string',NULL),('treasury.actions.SetBillItemProperty.value','treasury.actions.SetBillItemProperty','value',3,'Value',NULL,'expression',NULL,NULL,NULL,NULL,NULL),('treasury.actions.SummarizeBillItem.aggtype','treasury.actions.SummarizeBillItem','aggtype',2,'Aggregate Type',NULL,'lov',NULL,NULL,NULL,NULL,'SUMMARY_AGGREGATE_TYPE'),('treasury.actions.SummarizeBillItem.billitem','treasury.actions.SummarizeBillItem','billitem',1,'BillItem',NULL,'var',NULL,NULL,NULL,'treasury.facts.AbstractBillItem',NULL),('treasury.actions.SummarizeBillItem.fields','treasury.actions.SummarizeBillItem','fields',2,'Group Fields','string','string',NULL,NULL,NULL,'string',NULL),('treasury.actions.SummarizeBillItem.remarks','treasury.actions.SummarizeBillItem','remarks',3,'Remarks',NULL,'expression',NULL,NULL,NULL,NULL,NULL);
/*!40000 ALTER TABLE `sys_rule_actiondef_param` ENABLE KEYS */;
UNLOCK TABLES;

--
-- Table structure for table `sys_rule_condition`
--

DROP TABLE IF EXISTS `sys_rule_condition`;
/*!40101 SET @saved_cs_client     = @@character_set_client */;
/*!40101 SET character_set_client = utf8 */;
CREATE TABLE `sys_rule_condition` (
  `objid` varchar(50) NOT NULL,
  `parentid` varchar(50) DEFAULT NULL,
  `fact_name` varchar(50) DEFAULT NULL,
  `fact_objid` varchar(50) DEFAULT NULL,
  `varname` varchar(50) DEFAULT NULL,
  `pos` int(11) DEFAULT NULL,
  `ruletext` longtext,
  `displaytext` longtext,
  `dynamic_datatype` varchar(50) DEFAULT NULL,
  `dynamic_key` varchar(50) DEFAULT NULL,
  `dynamic_value` varchar(50) DEFAULT NULL,
  `notexist` int(11) DEFAULT NULL,
  PRIMARY KEY (`objid`),
  KEY `ix_fact_objid` (`fact_objid`),
  KEY `ix_parentid` (`parentid`),
  CONSTRAINT `sys_rule_condition_ibfk_1` FOREIGN KEY (`fact_objid`) REFERENCES `sys_rule_fact` (`objid`),
  CONSTRAINT `sys_rule_condition_ibfk_2` FOREIGN KEY (`parentid`) REFERENCES `sys_rule` (`objid`)
) ENGINE=InnoDB DEFAULT CHARSET=utf8;
/*!40101 SET character_set_client = @saved_cs_client */;

--
-- Dumping data for table `sys_rule_condition`
--

LOCK TABLES `sys_rule_condition` WRITE;
/*!40000 ALTER TABLE `sys_rule_condition` DISABLE KEYS */;
INSERT INTO `sys_rule_condition` VALUES ('RC-1a4c7581:16932dbf4d3:-601b','RUL62b2bbe9:169320c31a6:-72b6','market.facts.MarketAttribute','market.facts.MarketAttribute',NULL,2,NULL,NULL,NULL,NULL,NULL,0),('RC-1a4c7581:16932dbf4d3:-601d','RUL62b2bbe9:169320c31a6:-72b6','treasury.facts.YearEntry','treasury.facts.YearEntry',NULL,2,NULL,NULL,NULL,NULL,NULL,0),('RC-26773b0f:16b688b1d33:-1717','RUL-7bec29ea:16b698f187f:-7d0f','market.facts.MarketAttribute','market.facts.MarketAttribute',NULL,2,NULL,NULL,NULL,NULL,NULL,0),('RC-26773b0f:16b688b1d33:-1719','RUL-7bec29ea:16b698f187f:-7d0f','treasury.facts.YearEntry','treasury.facts.YearEntry',NULL,2,NULL,NULL,NULL,NULL,NULL,0),('RC-26773b0f:16b688b1d33:-17a5','RUL-7bec29ea:16b698f187f:-7d73','treasury.facts.YearEntry','treasury.facts.YearEntry',NULL,2,NULL,NULL,NULL,NULL,NULL,0),('RC-26773b0f:16b688b1d33:-17a7','RUL-7bec29ea:16b698f187f:-7d73','market.facts.MarketAttribute','market.facts.MarketAttribute',NULL,2,NULL,NULL,NULL,NULL,NULL,0),('RC-26773b0f:16b688b1d33:-1882','RUL-7bec29ea:16b698f187f:-7e42','market.facts.MarketAttribute','market.facts.MarketAttribute',NULL,2,NULL,NULL,NULL,NULL,NULL,0),('RC-26773b0f:16b688b1d33:-1884','RUL-7bec29ea:16b698f187f:-7e42','treasury.facts.YearEntry','treasury.facts.YearEntry',NULL,2,NULL,NULL,NULL,NULL,NULL,0),('RC-26773b0f:16b7dd9cbb6:7aa0','RUL65986c62:16b8733cd59:-77c4','treasury.facts.YearEntry','treasury.facts.YearEntry',NULL,2,NULL,NULL,NULL,NULL,NULL,0),('RC-26773b0f:16b7dd9cbb6:7aa2','RUL65986c62:16b8733cd59:-77c4','market.facts.MarketAttribute','market.facts.MarketAttribute',NULL,2,NULL,NULL,NULL,NULL,NULL,0),('RC-26773b0f:16b7dd9cbb6:7b98','RUL65986c62:16b8733cd59:-76e1','treasury.facts.YearEntry','treasury.facts.YearEntry',NULL,2,NULL,NULL,NULL,NULL,NULL,0),('RC-26773b0f:16b7dd9cbb6:7b9a','RUL65986c62:16b8733cd59:-76e1','market.facts.MarketAttribute','market.facts.MarketAttribute',NULL,2,NULL,NULL,NULL,NULL,NULL,0),('RC-26773b0f:16b7dd9cbb6:7c8f','RUL65986c62:16b8733cd59:-740a','market.facts.MarketAttribute','market.facts.MarketAttribute',NULL,2,NULL,NULL,NULL,NULL,NULL,0),('RC-26773b0f:16b7dd9cbb6:7c91','RUL65986c62:16b8733cd59:-740a','treasury.facts.YearEntry','treasury.facts.YearEntry',NULL,2,NULL,NULL,NULL,NULL,NULL,0),('RC-26773b0f:16b7dd9cbb6:7e33','RUL65986c62:16b8733cd59:-7302','treasury.facts.YearEntry','treasury.facts.YearEntry',NULL,2,NULL,NULL,NULL,NULL,NULL,0),('RC-26773b0f:16b7dd9cbb6:7e35','RUL65986c62:16b8733cd59:-7302','market.facts.MarketAttribute','market.facts.MarketAttribute',NULL,2,NULL,NULL,NULL,NULL,NULL,0),('RC-26773b0f:16b7dd9cbb6:7ecc','RUL65986c62:16b8733cd59:-724b','market.facts.MarketAttribute','market.facts.MarketAttribute',NULL,2,NULL,NULL,NULL,NULL,NULL,0),('RC-26773b0f:16b7dd9cbb6:7ece','RUL65986c62:16b8733cd59:-724b','treasury.facts.YearEntry','treasury.facts.YearEntry',NULL,2,NULL,NULL,NULL,NULL,NULL,0),('RC-26773b0f:16b7dd9cbb6:7f76','RUL65986c62:16b8733cd59:-7198','market.facts.MarketAttribute','market.facts.MarketAttribute',NULL,2,NULL,NULL,NULL,NULL,NULL,0),('RC-26773b0f:16b7dd9cbb6:7f78','RUL65986c62:16b8733cd59:-7198','treasury.facts.YearEntry','treasury.facts.YearEntry',NULL,2,NULL,NULL,NULL,NULL,NULL,0),('RC-26773b0f:16ba325a2c4:6fdb','RUL-d7b291d:16bb121e4ff:-7aaa','market.facts.MarketAttribute','market.facts.MarketAttribute',NULL,2,NULL,NULL,NULL,NULL,NULL,0),('RC-26773b0f:16ba325a2c4:6fdd','RUL-d7b291d:16bb121e4ff:-7aaa','treasury.facts.YearEntry','treasury.facts.YearEntry',NULL,2,NULL,NULL,NULL,NULL,NULL,0),('RC-2cacdd7e:1684b422b57:-7b28','RUL-768d8b6f:1684b3bfb47:-7a5f','market.facts.MarketAttribute','market.facts.MarketAttribute',NULL,2,NULL,NULL,NULL,NULL,NULL,0),('RC-2cacdd7e:1684b422b57:-7b2a','RUL-768d8b6f:1684b3bfb47:-7a5f','treasury.facts.YearEntry','treasury.facts.YearEntry',NULL,2,NULL,NULL,NULL,NULL,NULL,0),('RC-2cacdd7e:1685928da91:-158c','RUL-79e754f6:16859c6ae0f:-789a','market.facts.MarketAttribute','market.facts.MarketAttribute',NULL,2,NULL,NULL,NULL,NULL,NULL,0),('RC-2cacdd7e:1685928da91:-158e','RUL-79e754f6:16859c6ae0f:-789a','treasury.facts.YearEntry','treasury.facts.YearEntry',NULL,2,NULL,NULL,NULL,NULL,NULL,0),('RC-2cacdd7e:1685eb0f21f:2e12','RUL-44f5e71c:1685f4e4fc1:-78eb','market.facts.MarketAttribute','market.facts.MarketAttribute',NULL,2,NULL,NULL,NULL,NULL,NULL,0),('RC-2cacdd7e:1685eb0f21f:2e14','RUL-44f5e71c:1685f4e4fc1:-78eb','treasury.facts.YearEntry','treasury.facts.YearEntry',NULL,2,NULL,NULL,NULL,NULL,NULL,0),('RC-2cacdd7e:1685eb0f21f:3318','RUL-44f5e71c:1685f4e4fc1:-74d1','treasury.facts.YearEntry','treasury.facts.YearEntry',NULL,2,NULL,NULL,NULL,NULL,NULL,0),('RC-2cacdd7e:1685eb0f21f:331a','RUL-44f5e71c:1685f4e4fc1:-74d1','market.facts.MarketAttribute','market.facts.MarketAttribute',NULL,2,NULL,NULL,NULL,NULL,NULL,0),('RC-45bd4062:16606219ef4:1045','RUL-43452d36:1660a2ea19c:-7406','market.facts.MarketAttribute','market.facts.MarketAttribute',NULL,2,NULL,NULL,NULL,NULL,NULL,0),('RC-45bd4062:16606219ef4:1334','RUL-43452d36:1660a2ea19c:-730c','market.facts.MarketAttribute','market.facts.MarketAttribute',NULL,2,NULL,NULL,NULL,NULL,NULL,0),('RC-45bd4062:16606219ef4:140b','RUL-43452d36:1660a2ea19c:-7200','market.facts.MarketAttribute','market.facts.MarketAttribute',NULL,2,NULL,NULL,NULL,NULL,NULL,0),('RC-45bd4062:16606219ef4:1504','RUL-43452d36:1660a2ea19c:-7129','market.facts.MarketAttribute','market.facts.MarketAttribute',NULL,2,NULL,NULL,NULL,NULL,NULL,0),('RC-45bd4062:16606219ef4:1885','RUL-43452d36:1660a2ea19c:-7044','market.facts.MarketAttribute','market.facts.MarketAttribute',NULL,2,NULL,NULL,NULL,NULL,NULL,0),('RC-45bd4062:16606219ef4:2e5','RUL-7e3b185e:16609ed6c3c:-6b22','market.facts.MarketAttribute','market.facts.MarketAttribute',NULL,2,NULL,NULL,NULL,NULL,NULL,0),('RC-45bd4062:16606219ef4:332','RUL-7e3b185e:16609ed6c3c:-6ada','market.facts.MarketAttribute','market.facts.MarketAttribute',NULL,2,NULL,NULL,NULL,NULL,NULL,0),('RC-45bd4062:16606219ef4:376e','RUL-43452d36:1660a2ea19c:-6f37','market.facts.MarketAttribute','market.facts.MarketAttribute',NULL,2,NULL,NULL,NULL,NULL,NULL,0),('RC-45bd4062:16606219ef4:37cd','RUL-43452d36:1660a2ea19c:-6e90','market.facts.MarketAttribute','market.facts.MarketAttribute',NULL,2,NULL,NULL,NULL,NULL,NULL,0),('RC-45bd4062:16606219ef4:3ab','RUL-7e3b185e:16609ed6c3c:-6a79','market.facts.MarketAttribute','market.facts.MarketAttribute',NULL,2,NULL,NULL,NULL,NULL,NULL,0),('RC-45bd4062:16606219ef4:3e74','RUL-43452d36:1660a2ea19c:-6dc3','market.facts.MarketAttribute','market.facts.MarketAttribute',NULL,2,NULL,NULL,NULL,NULL,NULL,0),('RC-45bd4062:16606219ef4:3ecf','RUL-43452d36:1660a2ea19c:-6d05','market.facts.MarketAttribute','market.facts.MarketAttribute',NULL,2,NULL,NULL,NULL,NULL,NULL,0),('RC-45bd4062:16606219ef4:3f53','RUL-43452d36:1660a2ea19c:-6c5b','market.facts.MarketAttribute','market.facts.MarketAttribute',NULL,2,NULL,NULL,NULL,NULL,NULL,0),('RC-45bd4062:16606219ef4:46d0','RUL-43452d36:1660a2ea19c:-6b8e','market.facts.MarketAttribute','market.facts.MarketAttribute',NULL,2,NULL,NULL,NULL,NULL,NULL,0),('RC-45bd4062:16606219ef4:46fe','RUL-43452d36:1660a2ea19c:-6af6','market.facts.MarketAttribute','market.facts.MarketAttribute',NULL,2,NULL,NULL,NULL,NULL,NULL,0),('RC-45bd4062:16606219ef4:49bc','RUL-43452d36:1660a2ea19c:-69fa','market.facts.MarketAttribute','market.facts.MarketAttribute',NULL,2,NULL,NULL,NULL,NULL,NULL,0),('RC-45bd4062:16606219ef4:4a1e','RUL-43452d36:1660a2ea19c:-6958','market.facts.MarketAttribute','market.facts.MarketAttribute',NULL,2,NULL,NULL,NULL,NULL,NULL,0),('RC-45bd4062:16606219ef4:4a33','RUL-43452d36:1660a2ea19c:-6890','market.facts.MarketAttribute','market.facts.MarketAttribute',NULL,2,NULL,NULL,NULL,NULL,NULL,0),('RC-45bd4062:16606219ef4:4a4d','RUL-43452d36:1660a2ea19c:-67b9','market.facts.MarketAttribute','market.facts.MarketAttribute',NULL,2,NULL,NULL,NULL,NULL,NULL,0),('RC-45bd4062:16606219ef4:4a68','RUL-43452d36:1660a2ea19c:-66f1','market.facts.MarketAttribute','market.facts.MarketAttribute',NULL,2,NULL,NULL,NULL,NULL,NULL,0),('RC-45bd4062:16606219ef4:4a7f','RUL-43452d36:1660a2ea19c:-664a','market.facts.MarketAttribute','market.facts.MarketAttribute',NULL,2,NULL,NULL,NULL,NULL,NULL,0),('RC-45bd4062:16606219ef4:4a9f','RUL-43452d36:1660a2ea19c:-658c','market.facts.MarketAttribute','market.facts.MarketAttribute',NULL,2,NULL,NULL,NULL,NULL,NULL,0),('RC-45bd4062:16606219ef4:4abb','RUL-43452d36:1660a2ea19c:-64ea','market.facts.MarketAttribute','market.facts.MarketAttribute',NULL,2,NULL,NULL,NULL,NULL,NULL,0),('RC-45bd4062:16606219ef4:4ad2','RUL-43452d36:1660a2ea19c:-6448','market.facts.MarketAttribute','market.facts.MarketAttribute',NULL,2,NULL,NULL,NULL,NULL,NULL,0),('RC-45bd4062:16606219ef4:4aec','RUL-43452d36:1660a2ea19c:-6380','market.facts.MarketAttribute','market.facts.MarketAttribute',NULL,2,NULL,NULL,NULL,NULL,NULL,0),('RC-45bd4062:16606219ef4:4b07','RUL-43452d36:1660a2ea19c:-62d4','market.facts.MarketAttribute','market.facts.MarketAttribute',NULL,2,NULL,NULL,NULL,NULL,NULL,0),('RC-45bd4062:16606219ef4:4b2f','RUL-43452d36:1660a2ea19c:-6223','market.facts.MarketAttribute','market.facts.MarketAttribute',NULL,2,NULL,NULL,NULL,NULL,NULL,0),('RC-45bd4062:16606219ef4:4b54','RUL-43452d36:1660a2ea19c:-6152','market.facts.MarketAttribute','market.facts.MarketAttribute',NULL,2,NULL,NULL,NULL,NULL,NULL,0),('RC-45bd4062:16606219ef4:4b6f','RUL-43452d36:1660a2ea19c:-608f','market.facts.MarketAttribute','market.facts.MarketAttribute',NULL,2,NULL,NULL,NULL,NULL,NULL,0),('RC-45bd4062:16606219ef4:4bad','RUL-43452d36:1660a2ea19c:-5fc7','market.facts.MarketAttribute','market.facts.MarketAttribute',NULL,2,NULL,NULL,NULL,NULL,NULL,0),('RC-45bd4062:16606219ef4:4cb','RUL-43452d36:1660a2ea19c:-7e19','market.facts.MarketAttribute','market.facts.MarketAttribute',NULL,2,NULL,NULL,NULL,NULL,NULL,0),('RC-45bd4062:16606219ef4:56f','RUL-43452d36:1660a2ea19c:-7d75','market.facts.MarketAttribute','market.facts.MarketAttribute',NULL,2,NULL,NULL,NULL,NULL,NULL,0),('RC-45bd4062:16606219ef4:7c6','RUL-43452d36:1660a2ea19c:-7c44','market.facts.MarketAttribute','market.facts.MarketAttribute',NULL,2,NULL,NULL,NULL,NULL,NULL,0),('RC-45bd4062:16606219ef4:86c','RUL-43452d36:1660a2ea19c:-7b72','market.facts.MarketAttribute','market.facts.MarketAttribute',NULL,2,NULL,NULL,NULL,NULL,NULL,0),('RC-45bd4062:16606219ef4:8ba','RUL-43452d36:1660a2ea19c:-7acb','market.facts.MarketAttribute','market.facts.MarketAttribute',NULL,2,NULL,NULL,NULL,NULL,NULL,0),('RC-45bd4062:16606219ef4:915','RUL-43452d36:1660a2ea19c:-7a29','market.facts.MarketAttribute','market.facts.MarketAttribute',NULL,2,NULL,NULL,NULL,NULL,NULL,0),('RC-45bd4062:16606219ef4:a05','RUL-43452d36:1660a2ea19c:-77a8','market.facts.MarketAttribute','market.facts.MarketAttribute',NULL,2,NULL,NULL,NULL,NULL,NULL,0),('RC-45bd4062:16606219ef4:b1d','RUL-43452d36:1660a2ea19c:-7701','market.facts.MarketAttribute','market.facts.MarketAttribute',NULL,2,NULL,NULL,NULL,NULL,NULL,0),('RC-45bd4062:16606219ef4:cb3','RUL-43452d36:1660a2ea19c:-7568','market.facts.MarketAttribute','market.facts.MarketAttribute',NULL,2,NULL,NULL,NULL,NULL,NULL,0),('RC-45bd4062:16606219ef4:d43','RUL-43452d36:1660a2ea19c:-749b','market.facts.MarketAttribute','market.facts.MarketAttribute',NULL,2,NULL,NULL,NULL,NULL,NULL,0),('RC-45bf8d4d:166145606ab:-718b','RUL-3eefd6b1:1661489c227:-7dd8','market.facts.MarketAttribute','market.facts.MarketAttribute',NULL,2,NULL,NULL,NULL,NULL,NULL,0),('RC-45bf8d4d:166145606ab:114','RUL-2dd925b1:16618d545dc:-7abf','market.facts.MarketAttribute','market.facts.MarketAttribute',NULL,2,NULL,NULL,NULL,NULL,NULL,0),('RC-45bf8d4d:166145606ab:189','RUL-2dd925b1:16618d545dc:-7a23','market.facts.MarketAttribute','market.facts.MarketAttribute',NULL,2,NULL,NULL,NULL,NULL,NULL,0),('RC-45bf8d4d:166145606ab:272','RUL-2dd925b1:16618d545dc:-7944','market.facts.MarketAttribute','market.facts.MarketAttribute',NULL,2,NULL,NULL,NULL,NULL,NULL,0),('RC-45bf8d4d:166145606ab:300','RUL-2dd925b1:16618d545dc:-78a8','market.facts.MarketAttribute','market.facts.MarketAttribute',NULL,2,NULL,NULL,NULL,NULL,NULL,0),('RC-45bf8d4d:166145606ab:380','RUL-2dd925b1:16618d545dc:-780c','market.facts.MarketAttribute','market.facts.MarketAttribute',NULL,2,NULL,NULL,NULL,NULL,NULL,0),('RC-45bf8d4d:166145606ab:51d','RUL-2dd925b1:16618d545dc:-7754','market.facts.MarketAttribute','market.facts.MarketAttribute',NULL,2,NULL,NULL,NULL,NULL,NULL,0),('RC-45bf8d4d:166145606ab:5c4','RUL-2dd925b1:16618d545dc:-76b8','market.facts.MarketAttribute','market.facts.MarketAttribute',NULL,2,NULL,NULL,NULL,NULL,NULL,0),('RC-45bf8d4d:166145606ab:62d','RUL-2dd925b1:16618d545dc:-7614','market.facts.MarketAttribute','market.facts.MarketAttribute',NULL,2,NULL,NULL,NULL,NULL,NULL,0),('RC-45bf8d4d:166145606ab:6b3','RUL-2dd925b1:16618d545dc:-7578','market.facts.MarketAttribute','market.facts.MarketAttribute',NULL,2,NULL,NULL,NULL,NULL,NULL,0),('RC-45bf8d4d:166145606ab:731','RUL-2dd925b1:16618d545dc:-74dc','market.facts.MarketAttribute','market.facts.MarketAttribute',NULL,2,NULL,NULL,NULL,NULL,NULL,0),('RC-45bf8d4d:166145606ab:778','RUL-2dd925b1:16618d545dc:-7440','market.facts.MarketAttribute','market.facts.MarketAttribute',NULL,2,NULL,NULL,NULL,NULL,NULL,0),('RC-45bf8d4d:166145606ab:7e9','RUL-2dd925b1:16618d545dc:-73a4','market.facts.MarketAttribute','market.facts.MarketAttribute',NULL,2,NULL,NULL,NULL,NULL,NULL,0),('RC-45bf8d4d:166145606ab:83c','RUL-2dd925b1:16618d545dc:-7308','market.facts.MarketAttribute','market.facts.MarketAttribute',NULL,2,NULL,NULL,NULL,NULL,NULL,0),('RC-45bf8d4d:166145606ab:8bc','RUL-2dd925b1:16618d545dc:-726c','market.facts.MarketAttribute','market.facts.MarketAttribute',NULL,2,NULL,NULL,NULL,NULL,NULL,0),('RC-45bf8d4d:166145606ab:a4','RUL-2dd925b1:16618d545dc:-7b79','market.facts.MarketAttribute','market.facts.MarketAttribute',NULL,2,NULL,NULL,NULL,NULL,NULL,0),('RC-45bf8d4d:166195ed622:-2c14','RUL-2dd925b1:16618d545dc:-7134','market.facts.MarketAttribute','market.facts.MarketAttribute',NULL,2,NULL,NULL,NULL,NULL,NULL,0),('RC-45bf8d4d:166195ed622:-4c75','RUL-2dd925b1:16618d545dc:-71d0','market.facts.MarketAttribute','market.facts.MarketAttribute',NULL,2,NULL,NULL,NULL,NULL,NULL,0),('RC-45bf8d4d:166195ed622:-f19','RUL-2dd925b1:16618d545dc:-7098','market.facts.MarketAttribute','market.facts.MarketAttribute',NULL,2,NULL,NULL,NULL,NULL,NULL,0),('RC-45bf8d4d:166195ed622:2f5e','RUL-2dd925b1:16618d545dc:-6f73','market.facts.MarketAttribute','market.facts.MarketAttribute',NULL,2,NULL,NULL,NULL,NULL,NULL,0),('RC-45bf8d4d:166195ed622:3dd0','RUL-2dd925b1:16618d545dc:-6ed7','market.facts.MarketAttribute','market.facts.MarketAttribute',NULL,2,NULL,NULL,NULL,NULL,NULL,0),('RC-45bf8d4d:166196c3991:-6689','RUL-2dd925b1:16618d545dc:-6d9f','market.facts.MarketAttribute','market.facts.MarketAttribute',NULL,2,NULL,NULL,NULL,NULL,NULL,0),('RC-45bf8d4d:166196c3991:-6fab','RUL-2dd925b1:16618d545dc:-6e3b','market.facts.MarketAttribute','market.facts.MarketAttribute',NULL,2,NULL,NULL,NULL,NULL,NULL,0),('RC-45bf8d4d:166197c026e:264','RUL-2dd925b1:16618d545dc:-6cde','market.facts.MarketAttribute','market.facts.MarketAttribute',NULL,2,NULL,NULL,NULL,NULL,NULL,0),('RC-45bf8d4d:16619821daa:-1751','RUL-2dd925b1:16618d545dc:-6857','market.facts.MarketAttribute','market.facts.MarketAttribute',NULL,2,NULL,NULL,NULL,NULL,NULL,0),('RC-45bf8d4d:16619821daa:-201','RUL-2dd925b1:16618d545dc:-6790','market.facts.MarketAttribute','market.facts.MarketAttribute',NULL,2,NULL,NULL,NULL,NULL,NULL,0),('RC-45bf8d4d:16619821daa:-25fd','RUL-2dd925b1:16618d545dc:-68f3','market.facts.MarketAttribute','market.facts.MarketAttribute',NULL,2,NULL,NULL,NULL,NULL,NULL,0),('RC-45bf8d4d:16619821daa:-3827','RUL-2dd925b1:16618d545dc:-69a8','market.facts.MarketAttribute','market.facts.MarketAttribute',NULL,2,NULL,NULL,NULL,NULL,NULL,0),('RC-45bf8d4d:16619821daa:-4245','RUL-2dd925b1:16618d545dc:-6a44','market.facts.MarketAttribute','market.facts.MarketAttribute',NULL,2,NULL,NULL,NULL,NULL,NULL,0),('RC-45bf8d4d:16619821daa:-48a0','RUL-2dd925b1:16618d545dc:-6abe','market.facts.MarketAttribute','market.facts.MarketAttribute',NULL,2,NULL,NULL,NULL,NULL,NULL,0),('RC-45bf8d4d:16619821daa:-7af6','RUL-2dd925b1:16618d545dc:-6c42','market.facts.MarketAttribute','market.facts.MarketAttribute',NULL,2,NULL,NULL,NULL,NULL,NULL,0),('RC-45bf8d4d:16619821daa:15e8','RUL-2dd925b1:16618d545dc:-6589','market.facts.MarketAttribute','market.facts.MarketAttribute',NULL,2,NULL,NULL,NULL,NULL,NULL,0),('RC-45bf8d4d:16619821daa:1e42','RUL-2dd925b1:16618d545dc:-64b8','market.facts.MarketAttribute','market.facts.MarketAttribute',NULL,2,NULL,NULL,NULL,NULL,NULL,0),('RC-45bf8d4d:16619821daa:2506','RUL-2dd925b1:16618d545dc:-641c','market.facts.MarketAttribute','market.facts.MarketAttribute',NULL,2,NULL,NULL,NULL,NULL,NULL,0),('RC-45bf8d4d:16619821daa:3516','RUL-2dd925b1:16618d545dc:-62df','market.facts.MarketAttribute','market.facts.MarketAttribute',NULL,2,NULL,NULL,NULL,NULL,NULL,0),('RC-45bf8d4d:16619821daa:3a2d','RUL-2dd925b1:16618d545dc:-62a3','market.facts.MarketAttribute','market.facts.MarketAttribute',NULL,2,NULL,NULL,NULL,NULL,NULL,0),('RC-45bf8d4d:16619821daa:3fe1','RUL-2dd925b1:16618d545dc:-61ec','market.facts.MarketAttribute','market.facts.MarketAttribute',NULL,2,NULL,NULL,NULL,NULL,NULL,0),('RC-45bf8d4d:16619821daa:6886','RUL-2dd925b1:16618d545dc:-6084','market.facts.MarketAttribute','market.facts.MarketAttribute',NULL,2,NULL,NULL,NULL,NULL,NULL,0),('RC-45bf8d4d:16619821daa:7832','RUL-2dd925b1:16618d545dc:-5fd1','market.facts.MarketAttribute','market.facts.MarketAttribute',NULL,2,NULL,NULL,NULL,NULL,NULL,0),('RC-45bf8d4d:16619821daa:7d1','RUL-2dd925b1:16618d545dc:-66c6','market.facts.MarketAttribute','market.facts.MarketAttribute',NULL,2,NULL,NULL,NULL,NULL,NULL,0),('RC-45bf8d4d:16619821daa:da3','RUL-2dd925b1:16618d545dc:-662a','market.facts.MarketAttribute','market.facts.MarketAttribute',NULL,2,NULL,NULL,NULL,NULL,NULL,0),('RC-45bf8d4d:1661998757d:-1ccd','RUL-2dd925b1:16618d545dc:-5d45','market.facts.MarketAttribute','market.facts.MarketAttribute',NULL,2,NULL,NULL,NULL,NULL,NULL,0),('RC-45bf8d4d:1661998757d:-3f2b','RUL-2dd925b1:16618d545dc:-5de1','market.facts.MarketAttribute','market.facts.MarketAttribute',NULL,2,NULL,NULL,NULL,NULL,NULL,0),('RC-45bf8d4d:1661998757d:-54a3','RUL-2dd925b1:16618d545dc:-5e7d','market.facts.MarketAttribute','market.facts.MarketAttribute',NULL,2,NULL,NULL,NULL,NULL,NULL,0),('RC-45bf8d4d:1661998757d:-652a','RUL-2dd925b1:16618d545dc:-5f19','market.facts.MarketAttribute','market.facts.MarketAttribute',NULL,2,NULL,NULL,NULL,NULL,NULL,0),('RC-45bf8d4d:1661998757d:-8bb','RUL-2dd925b1:16618d545dc:-5c7c','market.facts.MarketAttribute','market.facts.MarketAttribute',NULL,2,NULL,NULL,NULL,NULL,NULL,0),('RC-45bf8d4d:1661998757d:1755','RUL-2dd925b1:16618d545dc:-5b42','market.facts.MarketAttribute','market.facts.MarketAttribute',NULL,2,NULL,NULL,NULL,NULL,NULL,0),('RC-45bf8d4d:1661998757d:5ca','RUL-2dd925b1:16618d545dc:-5bde','market.facts.MarketAttribute','market.facts.MarketAttribute',NULL,2,NULL,NULL,NULL,NULL,NULL,0),('RC-45bf8d4d:16619a606af:-2704','RUL-2dd925b1:16618d545dc:-58a6','market.facts.MarketAttribute','market.facts.MarketAttribute',NULL,2,NULL,NULL,NULL,NULL,NULL,0),('RC-45bf8d4d:16619a606af:-3f29','RUL-2dd925b1:16618d545dc:-5942','market.facts.MarketAttribute','market.facts.MarketAttribute',NULL,2,NULL,NULL,NULL,NULL,NULL,0),('RC-45bf8d4d:16619a606af:-51f3','RUL-2dd925b1:16618d545dc:-59e3','market.facts.MarketAttribute','market.facts.MarketAttribute',NULL,2,NULL,NULL,NULL,NULL,NULL,0),('RC-45bf8d4d:16619ad7379:-1068','RUL-2dd925b1:16618d545dc:-5814','market.facts.MarketAttribute','market.facts.MarketAttribute',NULL,2,NULL,NULL,NULL,NULL,NULL,0),('RC-45bf8d4d:16619ad7379:1fb6','RUL-2dd925b1:16618d545dc:-5778','market.facts.MarketAttribute','market.facts.MarketAttribute',NULL,2,NULL,NULL,NULL,NULL,NULL,0),('RC-45bf8d4d:16619ad7379:2fb9','RUL-2dd925b1:16618d545dc:-56dc','market.facts.MarketAttribute','market.facts.MarketAttribute',NULL,2,NULL,NULL,NULL,NULL,NULL,0),('RC-45bf8d4d:16619ad7379:3b9b','RUL-2dd925b1:16618d545dc:-5640','market.facts.MarketAttribute','market.facts.MarketAttribute',NULL,2,NULL,NULL,NULL,NULL,NULL,0),('RC-45bf8d4d:16619ad7379:4164','RUL-2dd925b1:16618d545dc:-55a4','market.facts.MarketAttribute','market.facts.MarketAttribute',NULL,2,NULL,NULL,NULL,NULL,NULL,0),('RC-45bf8d4d:16619ad7379:457f','RUL-2dd925b1:16618d545dc:-5508','market.facts.MarketAttribute','market.facts.MarketAttribute',NULL,2,NULL,NULL,NULL,NULL,NULL,0),('RC-45bf8d4d:16619ad7379:4df0','RUL-2dd925b1:16618d545dc:-546c','market.facts.MarketAttribute','market.facts.MarketAttribute',NULL,2,NULL,NULL,NULL,NULL,NULL,0),('RC-45bf8d4d:16619ad7379:5333','RUL-2dd925b1:16618d545dc:-5396','market.facts.MarketAttribute','market.facts.MarketAttribute',NULL,2,NULL,NULL,NULL,NULL,NULL,0),('RC-45bf8d4d:16619ad7379:5857','RUL-2dd925b1:16618d545dc:-52fa','market.facts.MarketAttribute','market.facts.MarketAttribute',NULL,2,NULL,NULL,NULL,NULL,NULL,0),('RC-45bf8d4d:16619ad7379:5fdd','RUL-2dd925b1:16618d545dc:-525e','market.facts.MarketAttribute','market.facts.MarketAttribute',NULL,2,NULL,NULL,NULL,NULL,NULL,0),('RC-45bf8d4d:16619ad7379:6a13','RUL-2dd925b1:16618d545dc:-51c2','market.facts.MarketAttribute','market.facts.MarketAttribute',NULL,2,NULL,NULL,NULL,NULL,NULL,0),('RC-45bf8d4d:16619bafec8:-2e30','RUL-2dd925b1:16618d545dc:-4c4b','market.facts.MarketAttribute','market.facts.MarketAttribute',NULL,2,NULL,NULL,NULL,NULL,NULL,0),('RC-45bf8d4d:16619bafec8:-3a39','RUL-2dd925b1:16618d545dc:-4d03','market.facts.MarketAttribute','market.facts.MarketAttribute',NULL,2,NULL,NULL,NULL,NULL,NULL,0),('RC-45bf8d4d:16619bafec8:-4443','RUL-2dd925b1:16618d545dc:-4d9f','market.facts.MarketAttribute','market.facts.MarketAttribute',NULL,2,NULL,NULL,NULL,NULL,NULL,0),('RC-45bf8d4d:16619bafec8:-4eb3','RUL-2dd925b1:16618d545dc:-4e40','market.facts.MarketAttribute','market.facts.MarketAttribute',NULL,2,NULL,NULL,NULL,NULL,NULL,0),('RC-45bf8d4d:16619bafec8:-598f','RUL-2dd925b1:16618d545dc:-4edc','market.facts.MarketAttribute','market.facts.MarketAttribute',NULL,2,NULL,NULL,NULL,NULL,NULL,0),('RC-45bf8d4d:16619bafec8:-666b','RUL-2dd925b1:16618d545dc:-4fa8','market.facts.MarketAttribute','market.facts.MarketAttribute',NULL,2,NULL,NULL,NULL,NULL,NULL,0),('RC-45bf8d4d:16619bafec8:-6fee','RUL-2dd925b1:16618d545dc:-5044','market.facts.MarketAttribute','market.facts.MarketAttribute',NULL,2,NULL,NULL,NULL,NULL,NULL,0),('RC-45bf8d4d:16619bafec8:-7f53','RUL-2dd925b1:16618d545dc:-5101','market.facts.MarketAttribute','market.facts.MarketAttribute',NULL,2,NULL,NULL,NULL,NULL,NULL,0),('RC-45bf8d4d:1661a0ada12:-470f','RUL233ea0cd:1661a0bd15b:-7095','treasury.facts.Payment','treasury.facts.Payment','PMT',0,NULL,NULL,NULL,NULL,NULL,0),('RC-45bf8d4d:1661f300b1a:-2ed1','RUL-6c37a205:1662864a46d:6637','market.facts.MarketAttribute','market.facts.MarketAttribute',NULL,2,NULL,NULL,NULL,NULL,NULL,0),('RC-45bf8d4d:1661f300b1a:-2ed3','RUL-6c37a205:1662864a46d:6637','treasury.facts.YearEntry','treasury.facts.YearEntry',NULL,2,NULL,NULL,NULL,NULL,NULL,0),('RC-45bf8d4d:1661f300b1a:-2fb0','RUL-6c37a205:1662864a46d:5155','treasury.facts.YearEntry','treasury.facts.YearEntry',NULL,2,NULL,NULL,NULL,NULL,NULL,0),('RC-45bf8d4d:1661f300b1a:-2fb2','RUL-6c37a205:1662864a46d:5155','market.facts.MarketAttribute','market.facts.MarketAttribute',NULL,2,NULL,NULL,NULL,NULL,NULL,0),('RC-45bf8d4d:1661f300b1a:-30aa','RUL-6c37a205:1662864a46d:2dd8','market.facts.MarketAttribute','market.facts.MarketAttribute',NULL,2,NULL,NULL,NULL,NULL,NULL,0),('RC-45bf8d4d:1661f300b1a:-30ac','RUL-6c37a205:1662864a46d:2dd8','treasury.facts.YearEntry','treasury.facts.YearEntry',NULL,2,NULL,NULL,NULL,NULL,NULL,0),('RC-45bf8d4d:1661f300b1a:-30e0','RUL-6c37a205:1662864a46d:2804','treasury.facts.YearEntry','treasury.facts.YearEntry',NULL,2,NULL,NULL,NULL,NULL,NULL,0),('RC-45bf8d4d:1661f300b1a:-30e2','RUL-6c37a205:1662864a46d:2804','market.facts.MarketAttribute','market.facts.MarketAttribute',NULL,2,NULL,NULL,NULL,NULL,NULL,0),('RC-45bf8d4d:1661f300b1a:-30f9','RUL-6c37a205:1662864a46d:2741','treasury.facts.YearEntry','treasury.facts.YearEntry',NULL,2,NULL,NULL,NULL,NULL,NULL,0),('RC-45bf8d4d:1661f300b1a:-30fb','RUL-6c37a205:1662864a46d:2741','market.facts.MarketAttribute','market.facts.MarketAttribute',NULL,2,NULL,NULL,NULL,NULL,NULL,0),('RC-45bf8d4d:1661f300b1a:-31a0','RUL-6c37a205:1662864a46d:13be','treasury.facts.YearEntry','treasury.facts.YearEntry',NULL,2,NULL,NULL,NULL,NULL,NULL,0),('RC-45bf8d4d:1661f300b1a:-31a2','RUL-6c37a205:1662864a46d:13be','market.facts.MarketAttribute','market.facts.MarketAttribute',NULL,2,NULL,NULL,NULL,NULL,NULL,0),('RC-45bf8d4d:1661f300b1a:-36cb','RUL-6c37a205:1662864a46d:-48fd','treasury.facts.YearEntry','treasury.facts.YearEntry',NULL,2,NULL,NULL,NULL,NULL,NULL,0),('RC-45bf8d4d:1661f300b1a:-36cd','RUL-6c37a205:1662864a46d:-48fd','market.facts.MarketAttribute','market.facts.MarketAttribute',NULL,2,NULL,NULL,NULL,NULL,NULL,0),('RC-45bf8d4d:1661f300b1a:-3922','RUL-6c37a205:1662864a46d:-6bd4','market.facts.MarketAttribute','market.facts.MarketAttribute',NULL,2,NULL,NULL,NULL,NULL,NULL,0),('RC-45bf8d4d:1661f300b1a:-3924','RUL-6c37a205:1662864a46d:-6bd4','treasury.facts.YearEntry','treasury.facts.YearEntry',NULL,2,NULL,NULL,NULL,NULL,NULL,0),('RC-45bf8d4d:1662eada1ef:-1cd1','RUL-19ef0fa5:16635f3ac5a:-416c','treasury.facts.YearEntry','treasury.facts.YearEntry',NULL,2,NULL,NULL,NULL,NULL,NULL,0),('RC-45bf8d4d:1662eada1ef:-1cd3','RUL-19ef0fa5:16635f3ac5a:-416c','market.facts.MarketAttribute','market.facts.MarketAttribute',NULL,2,NULL,NULL,NULL,NULL,NULL,0),('RC-45bf8d4d:1662eada1ef:7929','RUL5f62b56:1663787d1f9:-69e8','treasury.facts.YearEntry','treasury.facts.YearEntry',NULL,2,NULL,NULL,NULL,NULL,NULL,0),('RC-45bf8d4d:1662eada1ef:792b','RUL5f62b56:1663787d1f9:-69e8','market.facts.MarketAttribute','market.facts.MarketAttribute',NULL,2,NULL,NULL,NULL,NULL,NULL,0),('RC-45bf8d4d:16637a3dfa1:-2746','RUL-3ff71b2e:166376a3ba2:-2447','market.facts.MarketAttribute','market.facts.MarketAttribute',NULL,2,NULL,NULL,NULL,NULL,NULL,0),('RC-45bf8d4d:16637a3dfa1:-2748','RUL-3ff71b2e:166376a3ba2:-2447','treasury.facts.YearEntry','treasury.facts.YearEntry',NULL,1,NULL,NULL,NULL,NULL,NULL,0),('RC-45bf8d4d:16637a3dfa1:-44a5','RUL-77782c19:1663877d29b:-7694','treasury.facts.YearEntry','treasury.facts.YearEntry',NULL,2,NULL,NULL,NULL,NULL,NULL,0),('RC-45bf8d4d:16637a3dfa1:-44a7','RUL-77782c19:1663877d29b:-7694','market.facts.MarketAttribute','market.facts.MarketAttribute',NULL,2,NULL,NULL,NULL,NULL,NULL,0),('RC-68088a4f:168615331b9:59e6','RUL-40c82b8d:1686409c53e:-79be','treasury.facts.YearEntry','treasury.facts.YearEntry',NULL,2,NULL,NULL,NULL,NULL,NULL,0),('RC-68088a4f:168615331b9:59e8','RUL-40c82b8d:1686409c53e:-79be','market.facts.MarketAttribute','market.facts.MarketAttribute',NULL,2,NULL,NULL,NULL,NULL,NULL,0),('RC-68088a4f:168615331b9:5aa2','RUL-40c82b8d:1686409c53e:-77a4','treasury.facts.YearEntry','treasury.facts.YearEntry',NULL,2,NULL,NULL,NULL,NULL,NULL,0),('RC-68088a4f:168615331b9:5aa4','RUL-40c82b8d:1686409c53e:-77a4','market.facts.MarketAttribute','market.facts.MarketAttribute',NULL,2,NULL,NULL,NULL,NULL,NULL,0),('RC-68088a4f:168615331b9:5b36','RUL-40c82b8d:1686409c53e:-75b1','treasury.facts.YearEntry','treasury.facts.YearEntry',NULL,2,NULL,NULL,NULL,NULL,NULL,0),('RC-68088a4f:168615331b9:5b38','RUL-40c82b8d:1686409c53e:-75b1','market.facts.MarketAttribute','market.facts.MarketAttribute',NULL,2,NULL,NULL,NULL,NULL,NULL,0),('RC-68088a4f:168615331b9:5ba2','RUL-40c82b8d:1686409c53e:-7479','treasury.facts.YearEntry','treasury.facts.YearEntry',NULL,2,NULL,NULL,NULL,NULL,NULL,0),('RC-68088a4f:168615331b9:5ba4','RUL-40c82b8d:1686409c53e:-7479','market.facts.MarketAttribute','market.facts.MarketAttribute',NULL,2,NULL,NULL,NULL,NULL,NULL,0),('RC-68088a4f:168615331b9:5dad','RUL-40c82b8d:1686409c53e:-7144','treasury.facts.YearEntry','treasury.facts.YearEntry',NULL,2,NULL,NULL,NULL,NULL,NULL,0),('RC-68088a4f:168615331b9:5daf','RUL-40c82b8d:1686409c53e:-7144','market.facts.MarketAttribute','market.facts.MarketAttribute',NULL,2,NULL,NULL,NULL,NULL,NULL,0),('RC-68088a4f:168615331b9:5df1','RUL-40c82b8d:1686409c53e:-6f5a','treasury.facts.YearEntry','treasury.facts.YearEntry',NULL,2,NULL,NULL,NULL,NULL,NULL,0),('RC-68088a4f:168615331b9:5df3','RUL-40c82b8d:1686409c53e:-6f5a','market.facts.MarketAttribute','market.facts.MarketAttribute',NULL,2,NULL,NULL,NULL,NULL,NULL,0),('RC-68088a4f:168699d94b3:-48a9','RUL-1cfd06d0:1686dc812d6:-73c4','market.facts.MarketAttribute','market.facts.MarketAttribute',NULL,2,NULL,NULL,NULL,NULL,NULL,0),('RC-68088a4f:168699d94b3:-48ab','RUL-1cfd06d0:1686dc812d6:-73c4','treasury.facts.YearEntry','treasury.facts.YearEntry',NULL,2,NULL,NULL,NULL,NULL,NULL,0),('RC-68088a4f:16873bf4c0d:-1acb','RUL-6d01e8c4:16873f49c59:-7980','market.facts.MarketAttribute','market.facts.MarketAttribute',NULL,2,NULL,NULL,NULL,NULL,NULL,0),('RC-68088a4f:16873bf4c0d:-1acd','RUL-6d01e8c4:16873f49c59:-7980','treasury.facts.YearEntry','treasury.facts.YearEntry',NULL,2,NULL,NULL,NULL,NULL,NULL,0),('RC-68088a4f:168829f31ef:64e5','RUL-437daf78:168836022ff:-6310','market.facts.MarketAttribute','market.facts.MarketAttribute',NULL,2,NULL,NULL,NULL,NULL,NULL,0),('RC-68088a4f:168829f31ef:64e7','RUL-437daf78:168836022ff:-6310','treasury.facts.YearEntry','treasury.facts.YearEntry',NULL,2,NULL,NULL,NULL,NULL,NULL,0),('RC-68088a4f:16883a82b85:-4fb1','RUL4a470e05:168827d7bdd:4d94','treasury.facts.YearEntry','treasury.facts.YearEntry',NULL,2,NULL,NULL,NULL,NULL,NULL,0),('RC-68088a4f:16883a82b85:-4fb3','RUL4a470e05:168827d7bdd:4d94','market.facts.MarketAttribute','market.facts.MarketAttribute',NULL,2,NULL,NULL,NULL,NULL,NULL,0),('RC-68088a4f:16892319780:3704','RUL-569443be:16892554e50:-74a9','treasury.facts.YearEntry','treasury.facts.YearEntry',NULL,2,NULL,NULL,NULL,NULL,NULL,0),('RC-68088a4f:16892319780:3706','RUL-569443be:16892554e50:-74a9','market.facts.MarketAttribute','market.facts.MarketAttribute',NULL,2,NULL,NULL,NULL,NULL,NULL,0),('RC-68088a4f:1689370e5d2:7256','RUL39c05dd7:168974807f2:-6f31','market.facts.MarketAttribute','market.facts.MarketAttribute',NULL,2,NULL,NULL,NULL,NULL,NULL,0),('RC-68088a4f:1689370e5d2:7258','RUL39c05dd7:168974807f2:-6f31','treasury.facts.YearEntry','treasury.facts.YearEntry',NULL,2,NULL,NULL,NULL,NULL,NULL,0),('RC-68088a4f:1689d090d21:-580d','RUL-4eede569:1689cfdb5e4:-7a1e','treasury.facts.YearEntry','treasury.facts.YearEntry',NULL,1,NULL,NULL,NULL,NULL,NULL,0),('RC-68088a4f:1689d090d21:-580f','RUL-4eede569:1689cfdb5e4:-7a1e','market.facts.MarketAttribute','market.facts.MarketAttribute',NULL,2,NULL,NULL,NULL,NULL,NULL,0),('RC-7d13fa84:16811761f9d:-2c2b','RUL-5123dd8c:168115eb643:-6abb','treasury.facts.YearEntry','treasury.facts.YearEntry',NULL,2,NULL,NULL,NULL,NULL,NULL,0),('RC-7d13fa84:16811761f9d:-2c2d','RUL-5123dd8c:168115eb643:-6abb','market.facts.MarketAttribute','market.facts.MarketAttribute',NULL,2,NULL,NULL,NULL,NULL,NULL,0),('RC-7d13fa84:16811761f9d:-2d0d','RUL-5123dd8c:168115eb643:-6b9a','market.facts.MarketAttribute','market.facts.MarketAttribute',NULL,2,NULL,NULL,NULL,NULL,NULL,0),('RC-7d13fa84:16811761f9d:-2d0f','RUL-5123dd8c:168115eb643:-6b9a','treasury.facts.YearEntry','treasury.facts.YearEntry',NULL,1,NULL,NULL,NULL,NULL,NULL,0),('RC-7d13fa84:16811761f9d:-2e75','RUL-5123dd8c:168115eb643:-6c5e','treasury.facts.YearEntry','treasury.facts.YearEntry',NULL,1,NULL,NULL,NULL,NULL,NULL,0),('RC-7d13fa84:16811761f9d:-2e77','RUL-5123dd8c:168115eb643:-6c5e','market.facts.MarketAttribute','market.facts.MarketAttribute',NULL,2,NULL,NULL,NULL,NULL,NULL,0),('RC-7d13fa84:16811761f9d:-3017','RUL-5123dd8c:168115eb643:-6d1f','market.facts.MarketAttribute','market.facts.MarketAttribute',NULL,2,NULL,NULL,NULL,NULL,NULL,0),('RC-7d13fa84:16811761f9d:-3019','RUL-5123dd8c:168115eb643:-6d1f','treasury.facts.YearEntry','treasury.facts.YearEntry',NULL,1,NULL,NULL,NULL,NULL,NULL,0),('RC-7d13fa84:16811761f9d:-3182','RUL-5123dd8c:168115eb643:-6f3e','treasury.facts.YearEntry','treasury.facts.YearEntry',NULL,1,NULL,NULL,NULL,NULL,NULL,0),('RC-7d13fa84:16811761f9d:-3184','RUL-5123dd8c:168115eb643:-6f3e','market.facts.MarketAttribute','market.facts.MarketAttribute',NULL,2,NULL,NULL,NULL,NULL,NULL,0),('RC-7d13fa84:16811761f9d:-3b50','RUL-5123dd8c:168115eb643:-700a','market.facts.MarketAttribute','market.facts.MarketAttribute',NULL,2,NULL,NULL,NULL,NULL,NULL,0),('RC-7d13fa84:16811761f9d:-3b52','RUL-5123dd8c:168115eb643:-700a','treasury.facts.YearEntry','treasury.facts.YearEntry',NULL,2,NULL,NULL,NULL,NULL,NULL,0),('RC-7d13fa84:16811761f9d:-3c5e','RUL-5123dd8c:168115eb643:-70d5','market.facts.MarketAttribute','market.facts.MarketAttribute',NULL,2,NULL,NULL,NULL,NULL,NULL,0),('RC-7d13fa84:16811761f9d:-3c60','RUL-5123dd8c:168115eb643:-70d5','treasury.facts.YearEntry','treasury.facts.YearEntry',NULL,2,NULL,NULL,NULL,NULL,NULL,0),('RC-7d13fa84:16811761f9d:-3f78','RUL-5123dd8c:168115eb643:-7199','market.facts.MarketAttribute','market.facts.MarketAttribute',NULL,2,NULL,NULL,NULL,NULL,NULL,0),('RC-7d13fa84:16811761f9d:-3f7a','RUL-5123dd8c:168115eb643:-7199','treasury.facts.YearEntry','treasury.facts.YearEntry',NULL,2,NULL,NULL,NULL,NULL,NULL,0),('RC-7d13fa84:16811761f9d:-41cd','RUL-5123dd8c:168115eb643:-7298','treasury.facts.YearEntry','treasury.facts.YearEntry',NULL,2,NULL,NULL,NULL,NULL,NULL,0),('RC-7d13fa84:16811761f9d:-41cf','RUL-5123dd8c:168115eb643:-7298','market.facts.MarketAttribute','market.facts.MarketAttribute',NULL,2,NULL,NULL,NULL,NULL,NULL,0),('RC-7d13fa84:16811761f9d:-4669','RUL-5123dd8c:168115eb643:-735d','market.facts.MarketAttribute','market.facts.MarketAttribute',NULL,2,NULL,NULL,NULL,NULL,NULL,0),('RC-7d13fa84:16811761f9d:-466b','RUL-5123dd8c:168115eb643:-735d','treasury.facts.YearEntry','treasury.facts.YearEntry',NULL,2,NULL,NULL,NULL,NULL,NULL,0),('RC-7d13fa84:16811761f9d:-478e','RUL-5123dd8c:168115eb643:-741a','treasury.facts.YearEntry','treasury.facts.YearEntry',NULL,2,NULL,NULL,NULL,NULL,NULL,0),('RC-7d13fa84:16811761f9d:-4790','RUL-5123dd8c:168115eb643:-741a','market.facts.MarketAttribute','market.facts.MarketAttribute',NULL,2,NULL,NULL,NULL,NULL,NULL,0),('RC-7d13fa84:16811761f9d:-48ec','RUL-5123dd8c:168115eb643:-74f8','market.facts.MarketAttribute','market.facts.MarketAttribute',NULL,2,NULL,NULL,NULL,NULL,NULL,0),('RC-7d13fa84:16811761f9d:-48ee','RUL-5123dd8c:168115eb643:-74f8','treasury.facts.YearEntry','treasury.facts.YearEntry',NULL,2,NULL,NULL,NULL,NULL,NULL,0),('RC-7d13fa84:16811761f9d:-49ea','RUL48f51a60:16811916880:-6c9a','market.facts.MarketAttribute','market.facts.MarketAttribute',NULL,2,NULL,NULL,NULL,NULL,NULL,0),('RC-7d13fa84:16811761f9d:-49ec','RUL48f51a60:16811916880:-6c9a','treasury.facts.YearEntry','treasury.facts.YearEntry',NULL,2,NULL,NULL,NULL,NULL,NULL,0),('RC-7d13fa84:16811761f9d:-4b0b','RUL-5123dd8c:168115eb643:-765d','market.facts.MarketAttribute','market.facts.MarketAttribute',NULL,2,NULL,NULL,NULL,NULL,NULL,0),('RC-7d13fa84:16811761f9d:-4b0d','RUL-5123dd8c:168115eb643:-765d','treasury.facts.YearEntry','treasury.facts.YearEntry',NULL,1,NULL,NULL,NULL,NULL,NULL,0),('RC-7d13fa84:16811761f9d:-501a','RUL-5123dd8c:168115eb643:-7730','treasury.facts.YearEntry','treasury.facts.YearEntry',NULL,1,NULL,NULL,NULL,NULL,NULL,0),('RC-7d13fa84:16811761f9d:-501c','RUL-5123dd8c:168115eb643:-7730','market.facts.MarketAttribute','market.facts.MarketAttribute',NULL,2,NULL,NULL,NULL,NULL,NULL,0),('RC-7d13fa84:16811761f9d:-5460','RUL-5123dd8c:168115eb643:-77a4','treasury.facts.YearEntry','treasury.facts.YearEntry',NULL,2,NULL,NULL,NULL,NULL,NULL,0),('RC-7d13fa84:16811761f9d:-5462','RUL-5123dd8c:168115eb643:-77a4','market.facts.MarketAttribute','market.facts.MarketAttribute',NULL,2,NULL,NULL,NULL,NULL,NULL,0),('RC-7d13fa84:16811761f9d:-7071','RUL-4d94d562:168117759ed:-7850','treasury.facts.YearEntry','treasury.facts.YearEntry',NULL,2,NULL,NULL,NULL,NULL,NULL,0),('RC-7d13fa84:16811761f9d:-7074','RUL-4d94d562:168117759ed:-7850','market.facts.MarketAttribute','market.facts.MarketAttribute',NULL,2,NULL,NULL,NULL,NULL,NULL,0),('RC-7d13fa84:16811761f9d:-73f8','RUL-4d94d562:168117759ed:-79b2','market.facts.MarketAttribute','market.facts.MarketAttribute',NULL,2,NULL,NULL,NULL,NULL,NULL,0),('RC-7d13fa84:16811761f9d:-73fa','RUL-4d94d562:168117759ed:-79b2','treasury.facts.YearEntry','treasury.facts.YearEntry',NULL,2,NULL,NULL,NULL,NULL,NULL,0),('RC-7d13fa84:16811761f9d:-77eb','RUL-4d94d562:168117759ed:-7b78','market.facts.MarketAttribute','market.facts.MarketAttribute',NULL,2,NULL,NULL,NULL,NULL,NULL,0),('RC-7d13fa84:16811761f9d:-77ed','RUL-4d94d562:168117759ed:-7b78','treasury.facts.YearEntry','treasury.facts.YearEntry',NULL,2,NULL,NULL,NULL,NULL,NULL,0),('RC108eedca:16d8b76dffd:-7fda','RUL-43556c05:16d8b772b96:-7a2f','market.facts.MarketUtilityBillItem','market.facts.MarketUtilityBillItem','UB',0,NULL,NULL,NULL,NULL,NULL,0),('RC1a7c7ce5:16d71a1bdd5:-7fb3','RUL1227ea4c:16d71d1db9e:-7cd9','market.facts.MarketBilling','market.facts.MarketBilling',NULL,0,NULL,NULL,NULL,NULL,NULL,0),('RC1a7c7ce5:16d71a1bdd5:-7fb5','RUL1227ea4c:16d71d1db9e:-7cd9','market.facts.MarketAccount','market.facts.MarketAccount','MA',1,NULL,NULL,NULL,NULL,NULL,0),('RC20288499:166804c0832:254c','RUL3278d89d:16685322455:-76f1','treasury.facts.YearEntry','treasury.facts.YearEntry',NULL,2,NULL,NULL,NULL,NULL,NULL,0),('RC20288499:166804c0832:254e','RUL3278d89d:16685322455:-76f1','market.facts.MarketAttribute','market.facts.MarketAttribute',NULL,2,NULL,NULL,NULL,NULL,NULL,0),('RC20288499:166804c0832:29a4','RUL3278d89d:16685322455:-71cb','treasury.facts.YearEntry','treasury.facts.YearEntry',NULL,2,NULL,NULL,NULL,NULL,NULL,0),('RC20288499:166804c0832:29a6','RUL3278d89d:16685322455:-71cb','market.facts.MarketAttribute','market.facts.MarketAttribute',NULL,2,NULL,NULL,NULL,NULL,NULL,0),('RC20288499:1668dce10cd:3afe','RUL4244c18c:1669a2e04c1:-7409','treasury.facts.YearEntry','treasury.facts.YearEntry',NULL,2,NULL,NULL,NULL,NULL,NULL,0),('RC20288499:1668dce10cd:3b00','RUL4244c18c:1669a2e04c1:-7409','market.facts.MarketAttribute','market.facts.MarketAttribute',NULL,2,NULL,NULL,NULL,NULL,NULL,0),('RC20288499:1668dce10cd:3f37','RUL4244c18c:1669a2e04c1:-6974','treasury.facts.YearEntry','treasury.facts.YearEntry',NULL,2,NULL,NULL,NULL,NULL,NULL,0),('RC20288499:1668dce10cd:3f39','RUL4244c18c:1669a2e04c1:-6974','market.facts.MarketAttribute','market.facts.MarketAttribute',NULL,2,NULL,NULL,NULL,NULL,NULL,0),('RC20288499:1669ac4a274:3c33','RUL-77a8ccdb:1669f52bdd2:-7451','treasury.facts.YearEntry','treasury.facts.YearEntry',NULL,1,NULL,NULL,NULL,NULL,NULL,0),('RC20288499:1669ac4a274:3c35','RUL-77a8ccdb:1669f52bdd2:-7451','market.facts.MarketAttribute','market.facts.MarketAttribute',NULL,2,NULL,NULL,NULL,NULL,NULL,0),('RC20288499:1669ac4a274:4d89','RUL-7f4806f6:1669e60c231:-49cc','treasury.facts.YearEntry','treasury.facts.YearEntry',NULL,2,NULL,NULL,NULL,NULL,NULL,0),('RC20288499:1669ac4a274:4d8b','RUL-7f4806f6:1669e60c231:-49cc','market.facts.MarketAttribute','market.facts.MarketAttribute',NULL,2,NULL,NULL,NULL,NULL,NULL,0),('RC20288499:166bde4d1ff:2101','RUL-6ab52532:166c2b60168:-7ddf','treasury.facts.YearEntry','treasury.facts.YearEntry',NULL,2,NULL,NULL,NULL,NULL,NULL,0),('RC20288499:166bde4d1ff:2103','RUL-6ab52532:166c2b60168:-7ddf','market.facts.MarketAttribute','market.facts.MarketAttribute',NULL,2,NULL,NULL,NULL,NULL,NULL,0),('RC348eccad:16d711b1aca:-7fdb','RUL-7ee17493:16d70d9d767:-78f7','market.facts.MarketAccount','market.facts.MarketAccount','MA',1,NULL,NULL,NULL,NULL,NULL,0),('RC348eccad:16d711b1aca:-7fde','RUL-7ee17493:16d70d9d767:-78f7','market.facts.MarketBilling','market.facts.MarketBilling',NULL,0,NULL,NULL,NULL,NULL,NULL,0),('RC3a39601c:1697f494436:-3e07','RUL-1a8380d5:1697fe412e2:-7a8e','market.facts.MarketAttribute','market.facts.MarketAttribute',NULL,2,NULL,NULL,NULL,NULL,NULL,0),('RC3a39601c:1697f494436:-3e09','RUL-1a8380d5:1697fe412e2:-7a8e','treasury.facts.YearEntry','treasury.facts.YearEntry',NULL,2,NULL,NULL,NULL,NULL,NULL,0),('RC56d4f84c:16d8a7008d3:-7f9a','RUL52256006:16d8a85571d:-7d2a','market.facts.MarketUtilityBillItem','market.facts.MarketUtilityBillItem','UB',0,NULL,NULL,NULL,NULL,NULL,0),('RC56d4f84c:16d8a7008d3:-7fa6','RUL52256006:16d8a85571d:-7d52','market.facts.MarketUtilityBillItem','market.facts.MarketUtilityBillItem','UB',0,NULL,NULL,NULL,NULL,NULL,0),('RCOND-1ee6075f:16d8936bd7f:-7d78','RUL-1ee6075f:16d8936bd7f:-7e0e','market.facts.MarketRentalBillItem','market.facts.MarketRentalBillItem','MRI',0,NULL,NULL,NULL,NULL,NULL,0),('RCOND-34e42a37:16d80c4f0f5:-7b51','RUL-34e42a37:16d80c4f0f5:-7be7','market.facts.MarketRentalBillItem','market.facts.MarketRentalBillItem','MRI',0,NULL,NULL,NULL,NULL,NULL,0),('RCOND-3a94e44c:16d704b3871:-7b7a','RUL-3a94e44c:16d704b3871:-7d1b','market.facts.MarketAccount','market.facts.MarketAccount','MA',1,NULL,NULL,NULL,NULL,NULL,0),('RCOND-3a94e44c:16d704b3871:-7c7d','RUL-3a94e44c:16d704b3871:-7d1b','market.facts.MarketBilling','market.facts.MarketBilling',NULL,0,NULL,NULL,NULL,NULL,NULL,0),('RCOND-43556c05:16d8b772b96:-7d54','RUL-43556c05:16d8b772b96:-7e06','market.facts.MarketUtilityBillItem','market.facts.MarketUtilityBillItem','UB',0,NULL,NULL,NULL,NULL,NULL,0),('RCOND-6363f4cb:16d894d3001:-7bf5','RUL-6363f4cb:16d894d3001:-7c32','market.facts.MarketUtilityBillItem','market.facts.MarketUtilityBillItem','UB',0,NULL,NULL,NULL,NULL,NULL,0),('RCOND-680ae160:16d9617f270:-793c','RUL7daf902e:16d960d7fa6:-7afd','treasury.facts.MonthBillItem','treasury.facts.MonthBillItem','MBI',1,NULL,NULL,NULL,NULL,NULL,0),('RCOND-6a89d374:1661d85cb82:-1506','RUL-2dd925b1:16618d545dc:-7440','treasury.facts.YearEntry','treasury.facts.YearEntry',NULL,2,NULL,NULL,NULL,NULL,NULL,0),('RCOND-6a89d374:1661d85cb82:-1600','RUL-2dd925b1:16618d545dc:-73a4','treasury.facts.YearEntry','treasury.facts.YearEntry',NULL,2,NULL,NULL,NULL,NULL,NULL,0),('RCOND-6a89d374:1661d85cb82:-1690','RUL-2dd925b1:16618d545dc:-7308','treasury.facts.YearEntry','treasury.facts.YearEntry',NULL,2,NULL,NULL,NULL,NULL,NULL,0),('RCOND-6a89d374:1661d85cb82:-1721','RUL-2dd925b1:16618d545dc:-726c','treasury.facts.YearEntry','treasury.facts.YearEntry',NULL,2,NULL,NULL,NULL,NULL,NULL,0),('RCOND-6a89d374:1661d85cb82:-17b1','RUL-2dd925b1:16618d545dc:-71d0','treasury.facts.YearEntry','treasury.facts.YearEntry',NULL,2,NULL,NULL,NULL,NULL,NULL,0),('RCOND-6a89d374:1661d85cb82:-1841','RUL-2dd925b1:16618d545dc:-7134','treasury.facts.YearEntry','treasury.facts.YearEntry',NULL,2,NULL,NULL,NULL,NULL,NULL,0),('RCOND-6a89d374:1661d85cb82:-18d1','RUL-2dd925b1:16618d545dc:-7098','treasury.facts.YearEntry','treasury.facts.YearEntry',NULL,2,NULL,NULL,NULL,NULL,NULL,0),('RCOND-6a89d374:1661d85cb82:-1961','RUL-2dd925b1:16618d545dc:-6f73','treasury.facts.YearEntry','treasury.facts.YearEntry',NULL,2,NULL,NULL,NULL,NULL,NULL,0),('RCOND-6a89d374:1661d85cb82:-19f1','RUL-2dd925b1:16618d545dc:-6ed7','treasury.facts.YearEntry','treasury.facts.YearEntry',NULL,2,NULL,NULL,NULL,NULL,NULL,0),('RCOND-6a89d374:1661d85cb82:-1a82','RUL-2dd925b1:16618d545dc:-6e3b','treasury.facts.YearEntry','treasury.facts.YearEntry',NULL,2,NULL,NULL,NULL,NULL,NULL,0),('RCOND-6a89d374:1661d85cb82:-1b18','RUL-2dd925b1:16618d545dc:-6d9f','treasury.facts.YearEntry','treasury.facts.YearEntry',NULL,2,NULL,NULL,NULL,NULL,NULL,0),('RCOND-6a89d374:1661d85cb82:-1bae','RUL-2dd925b1:16618d545dc:-6cde','treasury.facts.YearEntry','treasury.facts.YearEntry',NULL,2,NULL,NULL,NULL,NULL,NULL,0),('RCOND-6a89d374:1661d85cb82:-1c3e','RUL-2dd925b1:16618d545dc:-6c42','treasury.facts.YearEntry','treasury.facts.YearEntry',NULL,2,NULL,NULL,NULL,NULL,NULL,0),('RCOND-6a89d374:1661d85cb82:-1cd4','RUL-2dd925b1:16618d545dc:-6abe','treasury.facts.YearEntry','treasury.facts.YearEntry',NULL,2,NULL,NULL,NULL,NULL,NULL,0),('RCOND-6a89d374:1661d85cb82:-1d64','RUL-2dd925b1:16618d545dc:-6a44','treasury.facts.YearEntry','treasury.facts.YearEntry',NULL,2,NULL,NULL,NULL,NULL,NULL,0),('RCOND-6a89d374:1661d85cb82:-1dfa','RUL-2dd925b1:16618d545dc:-69a8','treasury.facts.YearEntry','treasury.facts.YearEntry',NULL,2,NULL,NULL,NULL,NULL,NULL,0),('RCOND-6a89d374:1661d85cb82:-1e90','RUL-2dd925b1:16618d545dc:-68f3','treasury.facts.YearEntry','treasury.facts.YearEntry',NULL,2,NULL,NULL,NULL,NULL,NULL,0),('RCOND-6a89d374:1661d85cb82:-1f20','RUL-2dd925b1:16618d545dc:-6857','treasury.facts.YearEntry','treasury.facts.YearEntry',NULL,2,NULL,NULL,NULL,NULL,NULL,0),('RCOND-6a89d374:1661d85cb82:-1fdf','RUL-2dd925b1:16618d545dc:-6790','treasury.facts.YearEntry','treasury.facts.YearEntry',NULL,2,NULL,NULL,NULL,NULL,NULL,0),('RCOND-6a89d374:1661d85cb82:-206f','RUL-2dd925b1:16618d545dc:-66c6','treasury.facts.YearEntry','treasury.facts.YearEntry',NULL,2,NULL,NULL,NULL,NULL,NULL,0),('RCOND-6a89d374:1661d85cb82:-20ff','RUL-2dd925b1:16618d545dc:-662a','treasury.facts.YearEntry','treasury.facts.YearEntry',NULL,2,NULL,NULL,NULL,NULL,NULL,0),('RCOND-6a89d374:1661d85cb82:-218f','RUL-2dd925b1:16618d545dc:-6589','treasury.facts.YearEntry','treasury.facts.YearEntry',NULL,2,NULL,NULL,NULL,NULL,NULL,0),('RCOND-6a89d374:1661d85cb82:-2226','RUL-2dd925b1:16618d545dc:-64b8','treasury.facts.YearEntry','treasury.facts.YearEntry',NULL,2,NULL,NULL,NULL,NULL,NULL,0),('RCOND-6a89d374:1661d85cb82:-22bd','RUL-2dd925b1:16618d545dc:-641c','treasury.facts.YearEntry','treasury.facts.YearEntry',NULL,2,NULL,NULL,NULL,NULL,NULL,0),('RCOND-6a89d374:1661d85cb82:-237f','RUL-2dd925b1:16618d545dc:-62df','treasury.facts.YearEntry','treasury.facts.YearEntry',NULL,2,NULL,NULL,NULL,NULL,NULL,0),('RCOND-6a89d374:1661d85cb82:-240f','RUL-2dd925b1:16618d545dc:-62a3','treasury.facts.YearEntry','treasury.facts.YearEntry',NULL,2,NULL,NULL,NULL,NULL,NULL,0),('RCOND-6a89d374:1661d85cb82:-24c5','RUL-2dd925b1:16618d545dc:-6084','treasury.facts.YearEntry','treasury.facts.YearEntry',NULL,2,NULL,NULL,NULL,NULL,NULL,0),('RCOND-6a89d374:1661d85cb82:-2555','RUL-2dd925b1:16618d545dc:-5fd1','treasury.facts.YearEntry','treasury.facts.YearEntry',NULL,2,NULL,NULL,NULL,NULL,NULL,0),('RCOND-6a89d374:1661d85cb82:-25e5','RUL-2dd925b1:16618d545dc:-5f19','treasury.facts.YearEntry','treasury.facts.YearEntry',NULL,2,NULL,NULL,NULL,NULL,NULL,0),('RCOND-6a89d374:1661d85cb82:-26b7','RUL-2dd925b1:16618d545dc:-5e7d','treasury.facts.YearEntry','treasury.facts.YearEntry',NULL,2,NULL,NULL,NULL,NULL,NULL,0),('RCOND-6a89d374:1661d85cb82:-2745','RUL-2dd925b1:16618d545dc:-5de1','treasury.facts.YearEntry','treasury.facts.YearEntry',NULL,2,NULL,NULL,NULL,NULL,NULL,0),('RCOND-6a89d374:1661d85cb82:-27d4','RUL-2dd925b1:16618d545dc:-5d45','treasury.facts.YearEntry','treasury.facts.YearEntry',NULL,2,NULL,NULL,NULL,NULL,NULL,0),('RCOND-6a89d374:1661d85cb82:-2863','RUL-2dd925b1:16618d545dc:-5c7c','treasury.facts.YearEntry','treasury.facts.YearEntry',NULL,2,NULL,NULL,NULL,NULL,NULL,0),('RCOND-6a89d374:1661d85cb82:-28f9','RUL-2dd925b1:16618d545dc:-5bde','treasury.facts.YearEntry','treasury.facts.YearEntry',NULL,2,NULL,NULL,NULL,NULL,NULL,0),('RCOND-6a89d374:1661d85cb82:-298e','RUL-2dd925b1:16618d545dc:-5b42','treasury.facts.YearEntry','treasury.facts.YearEntry',NULL,2,NULL,NULL,NULL,NULL,NULL,0),('RCOND-6a89d374:1661d85cb82:-2a22','RUL-2dd925b1:16618d545dc:-59e3','treasury.facts.YearEntry','treasury.facts.YearEntry',NULL,2,NULL,NULL,NULL,NULL,NULL,0),('RCOND-6a89d374:1661d85cb82:-2ab2','RUL-2dd925b1:16618d545dc:-5942','treasury.facts.YearEntry','treasury.facts.YearEntry',NULL,2,NULL,NULL,NULL,NULL,NULL,0),('RCOND-6a89d374:1661d85cb82:-2b93','RUL-2dd925b1:16618d545dc:-58a6','treasury.facts.YearEntry','treasury.facts.YearEntry',NULL,2,NULL,NULL,NULL,NULL,NULL,0),('RCOND-6a89d374:1661d85cb82:-2c23','RUL-2dd925b1:16618d545dc:-5814','treasury.facts.YearEntry','treasury.facts.YearEntry',NULL,2,NULL,NULL,NULL,NULL,NULL,0),('RCOND-6a89d374:1661d85cb82:-2cb3','RUL-2dd925b1:16618d545dc:-5778','treasury.facts.YearEntry','treasury.facts.YearEntry',NULL,2,NULL,NULL,NULL,NULL,NULL,0),('RCOND-6a89d374:1661d85cb82:-2d4a','RUL-2dd925b1:16618d545dc:-56dc','treasury.facts.YearEntry','treasury.facts.YearEntry',NULL,2,NULL,NULL,NULL,NULL,NULL,0),('RCOND-6a89d374:1661d85cb82:-2ddb','RUL-2dd925b1:16618d545dc:-5640','treasury.facts.YearEntry','treasury.facts.YearEntry',NULL,2,NULL,NULL,NULL,NULL,NULL,0),('RCOND-6a89d374:1661d85cb82:-2e7d','RUL-2dd925b1:16618d545dc:-55a4','treasury.facts.YearEntry','treasury.facts.YearEntry',NULL,2,NULL,NULL,NULL,NULL,NULL,0),('RCOND-6a89d374:1661d85cb82:-2f0d','RUL-2dd925b1:16618d545dc:-5508','treasury.facts.YearEntry','treasury.facts.YearEntry',NULL,2,NULL,NULL,NULL,NULL,NULL,0),('RCOND-6a89d374:1661d85cb82:-2fb3','RUL-2dd925b1:16618d545dc:-546c','treasury.facts.YearEntry','treasury.facts.YearEntry',NULL,2,NULL,NULL,NULL,NULL,NULL,0),('RCOND-6a89d374:1661d85cb82:-3043','RUL-2dd925b1:16618d545dc:-5396','treasury.facts.YearEntry','treasury.facts.YearEntry',NULL,2,NULL,NULL,NULL,NULL,NULL,0),('RCOND-6a89d374:1661d85cb82:-30d3','RUL-2dd925b1:16618d545dc:-52fa','treasury.facts.YearEntry','treasury.facts.YearEntry',NULL,2,NULL,NULL,NULL,NULL,NULL,0),('RCOND-6a89d374:1661d85cb82:-3190','RUL-2dd925b1:16618d545dc:-525e','treasury.facts.YearEntry','treasury.facts.YearEntry',NULL,2,NULL,NULL,NULL,NULL,NULL,0),('RCOND-6a89d374:1661d85cb82:-3220','RUL-2dd925b1:16618d545dc:-51c2','treasury.facts.YearEntry','treasury.facts.YearEntry',NULL,2,NULL,NULL,NULL,NULL,NULL,0),('RCOND-6a89d374:1661d85cb82:-347f','RUL-2dd925b1:16618d545dc:-5101','treasury.facts.YearEntry','treasury.facts.YearEntry',NULL,2,NULL,NULL,NULL,NULL,NULL,0),('RCOND-6a89d374:1661d85cb82:-354b','RUL-2dd925b1:16618d545dc:-5044','treasury.facts.YearEntry','treasury.facts.YearEntry',NULL,2,NULL,NULL,NULL,NULL,NULL,0),('RCOND-6a89d374:1661d85cb82:-35ef','RUL-2dd925b1:16618d545dc:-4fa8','treasury.facts.YearEntry','treasury.facts.YearEntry',NULL,2,NULL,NULL,NULL,NULL,NULL,0),('RCOND-6a89d374:1661d85cb82:-3694','RUL-2dd925b1:16618d545dc:-4edc','treasury.facts.YearEntry','treasury.facts.YearEntry',NULL,2,NULL,NULL,NULL,NULL,NULL,0),('RCOND-6a89d374:1661d85cb82:-3728','RUL-2dd925b1:16618d545dc:-4e40','treasury.facts.YearEntry','treasury.facts.YearEntry',NULL,2,NULL,NULL,NULL,NULL,NULL,0),('RCOND-6a89d374:1661d85cb82:-37c6','RUL-2dd925b1:16618d545dc:-4d9f','treasury.facts.YearEntry','treasury.facts.YearEntry',NULL,2,NULL,NULL,NULL,NULL,NULL,0),('RCOND-6a89d374:1661d85cb82:-3894','RUL-2dd925b1:16618d545dc:-4d03','treasury.facts.YearEntry','treasury.facts.YearEntry',NULL,2,NULL,NULL,NULL,NULL,NULL,0),('RCOND-6a89d374:1661d85cb82:-39ae','RUL-2dd925b1:16618d545dc:-4c4b','treasury.facts.YearEntry','treasury.facts.YearEntry',NULL,2,NULL,NULL,NULL,NULL,NULL,0),('RCOND-6a89d374:1661d85cb82:-6440','RUL-2dd925b1:16618d545dc:-61ec','treasury.facts.YearEntry','treasury.facts.YearEntry',NULL,2,NULL,NULL,NULL,NULL,NULL,0),('RCOND-71332b50:1606d366167:-7aa6','RUL-71332b50:1606d366167:-7bd8','treasury.facts.YearEntry','treasury.facts.YearEntry',NULL,1,NULL,NULL,NULL,NULL,NULL,0),('RCOND-7726e459:16d7fbda956:-7486','RUL-7726e459:16d7fbda956:-7b73','treasury.facts.HolidayFact','treasury.facts.HolidayFact','HOLIDAYS',3,NULL,NULL,NULL,NULL,NULL,0),('RCOND-7726e459:16d7fbda956:-78b0','RUL-7726e459:16d7fbda956:-7b73','market.facts.MarketAccount','market.facts.MarketAccount','MA',2,NULL,NULL,NULL,NULL,NULL,0),('RCOND-7726e459:16d7fbda956:-7a57','RUL-7726e459:16d7fbda956:-7b73','com.rameses.rules.common.CurrentDate','com.rameses.rules.common.CurrentDate',NULL,1,NULL,NULL,NULL,NULL,NULL,0),('RCOND-7726e459:16d7fbda956:-7acd','RUL-7726e459:16d7fbda956:-7b73','market.facts.MarketRentalBillItem','market.facts.MarketRentalBillItem','MRI',0,NULL,NULL,NULL,NULL,NULL,0),('RCOND155f617f:1661e808a94:-5859','RUL-7e3b185e:16609ed6c3c:-6b22','treasury.facts.YearEntry','treasury.facts.YearEntry',NULL,1,NULL,NULL,NULL,NULL,NULL,0),('RCOND3b53e7d0:16d804aa097:-6ce5','RUL3b53e7d0:16d804aa097:-7877','market.facts.MarketAccount','market.facts.MarketAccount','MA',1,NULL,NULL,NULL,NULL,NULL,0),('RCOND3b53e7d0:16d804aa097:-77df','RUL3b53e7d0:16d804aa097:-7877','market.facts.MarketRentalBillItem','market.facts.MarketRentalBillItem','MRI',0,NULL,NULL,NULL,NULL,NULL,0),('RCOND4eb2e53:16d86892506:-79c6','RUL4eb2e53:16d86892506:-7ab8','market.facts.MarketUtilityBillItem','market.facts.MarketUtilityBillItem','UB',0,NULL,NULL,NULL,NULL,NULL,0),('RCOND643684be:1661e09fd03:-5dc3','RUL-2dd925b1:16618d545dc:-74dc','treasury.facts.YearEntry','treasury.facts.YearEntry',NULL,2,NULL,NULL,NULL,NULL,NULL,0),('RCOND643684be:1661e09fd03:-5e53','RUL-2dd925b1:16618d545dc:-7578','treasury.facts.YearEntry','treasury.facts.YearEntry',NULL,2,NULL,NULL,NULL,NULL,NULL,0),('RCOND643684be:1661e09fd03:-5f61','RUL-2dd925b1:16618d545dc:-7614','treasury.facts.YearEntry','treasury.facts.YearEntry',NULL,2,NULL,NULL,NULL,NULL,NULL,0),('RCOND643684be:1661e09fd03:-5ff1','RUL-2dd925b1:16618d545dc:-76b8','treasury.facts.YearEntry','treasury.facts.YearEntry',NULL,2,NULL,NULL,NULL,NULL,NULL,0),('RCOND643684be:1661e09fd03:-6081','RUL-2dd925b1:16618d545dc:-7754','treasury.facts.YearEntry','treasury.facts.YearEntry',NULL,2,NULL,NULL,NULL,NULL,NULL,0),('RCOND643684be:1661e09fd03:-6111','RUL-2dd925b1:16618d545dc:-780c','treasury.facts.YearEntry','treasury.facts.YearEntry',NULL,2,NULL,NULL,NULL,NULL,NULL,0),('RCOND643684be:1661e09fd03:-61a1','RUL-2dd925b1:16618d545dc:-78a8','treasury.facts.YearEntry','treasury.facts.YearEntry',NULL,2,NULL,NULL,NULL,NULL,NULL,0),('RCOND643684be:1661e09fd03:-6231','RUL-2dd925b1:16618d545dc:-7944','treasury.facts.YearEntry','treasury.facts.YearEntry',NULL,2,NULL,NULL,NULL,NULL,NULL,0),('RCOND643684be:1661e09fd03:-62c1','RUL-2dd925b1:16618d545dc:-7a23','treasury.facts.YearEntry','treasury.facts.YearEntry',NULL,2,NULL,NULL,NULL,NULL,NULL,0),('RCOND643684be:1661e09fd03:-63b3','RUL-2dd925b1:16618d545dc:-7abf','treasury.facts.YearEntry','treasury.facts.YearEntry',NULL,2,NULL,NULL,NULL,NULL,NULL,0),('RCOND643684be:1661e09fd03:-64eb','RUL-2dd925b1:16618d545dc:-7b79','treasury.facts.YearEntry','treasury.facts.YearEntry',NULL,2,NULL,NULL,NULL,NULL,NULL,0),('RCOND643684be:1661e09fd03:-657b','RUL-3eefd6b1:1661489c227:-7dd8','treasury.facts.YearEntry','treasury.facts.YearEntry',NULL,2,NULL,NULL,NULL,NULL,NULL,0),('RCOND643684be:1661e09fd03:-660b','RUL-43452d36:1660a2ea19c:-5fc7','treasury.facts.YearEntry','treasury.facts.YearEntry',NULL,2,NULL,NULL,NULL,NULL,NULL,0),('RCOND643684be:1661e09fd03:-669b','RUL-43452d36:1660a2ea19c:-608f','treasury.facts.YearEntry','treasury.facts.YearEntry',NULL,2,NULL,NULL,NULL,NULL,NULL,0),('RCOND643684be:1661e09fd03:-672b','RUL-43452d36:1660a2ea19c:-6152','treasury.facts.YearEntry','treasury.facts.YearEntry',NULL,2,NULL,NULL,NULL,NULL,NULL,0),('RCOND643684be:1661e09fd03:-67bb','RUL-43452d36:1660a2ea19c:-6223','treasury.facts.YearEntry','treasury.facts.YearEntry',NULL,2,NULL,NULL,NULL,NULL,NULL,0),('RCOND643684be:1661e09fd03:-684b','RUL-43452d36:1660a2ea19c:-62d4','treasury.facts.YearEntry','treasury.facts.YearEntry',NULL,2,NULL,NULL,NULL,NULL,NULL,0),('RCOND643684be:1661e09fd03:-68db','RUL-43452d36:1660a2ea19c:-6380','treasury.facts.YearEntry','treasury.facts.YearEntry',NULL,2,NULL,NULL,NULL,NULL,NULL,0),('RCOND643684be:1661e09fd03:-696b','RUL-43452d36:1660a2ea19c:-6448','treasury.facts.YearEntry','treasury.facts.YearEntry',NULL,2,NULL,NULL,NULL,NULL,NULL,0),('RCOND643684be:1661e09fd03:-69fb','RUL-43452d36:1660a2ea19c:-64ea','treasury.facts.YearEntry','treasury.facts.YearEntry',NULL,2,NULL,NULL,NULL,NULL,NULL,0),('RCOND643684be:1661e09fd03:-6a8b','RUL-43452d36:1660a2ea19c:-658c','treasury.facts.YearEntry','treasury.facts.YearEntry',NULL,2,NULL,NULL,NULL,NULL,NULL,0),('RCOND643684be:1661e09fd03:-6b1b','RUL-43452d36:1660a2ea19c:-664a','treasury.facts.YearEntry','treasury.facts.YearEntry',NULL,2,NULL,NULL,NULL,NULL,NULL,0),('RCOND643684be:1661e09fd03:-6bb6','RUL-43452d36:1660a2ea19c:-66f1','treasury.facts.YearEntry','treasury.facts.YearEntry',NULL,2,NULL,NULL,NULL,NULL,NULL,0),('RCOND643684be:1661e09fd03:-6c52','RUL-43452d36:1660a2ea19c:-67b9','treasury.facts.YearEntry','treasury.facts.YearEntry',NULL,2,NULL,NULL,NULL,NULL,NULL,0),('RCOND643684be:1661e09fd03:-6ce2','RUL-43452d36:1660a2ea19c:-6890','treasury.facts.YearEntry','treasury.facts.YearEntry',NULL,2,NULL,NULL,NULL,NULL,NULL,0),('RCOND643684be:1661e09fd03:-6d78','RUL-43452d36:1660a2ea19c:-6958','treasury.facts.YearEntry','treasury.facts.YearEntry',NULL,2,NULL,NULL,NULL,NULL,NULL,0),('RCOND643684be:1661e09fd03:-6e0e','RUL-43452d36:1660a2ea19c:-69fa','treasury.facts.YearEntry','treasury.facts.YearEntry',NULL,2,NULL,NULL,NULL,NULL,NULL,0),('RCOND643684be:1661e09fd03:-6ea4','RUL-43452d36:1660a2ea19c:-6af6','treasury.facts.YearEntry','treasury.facts.YearEntry',NULL,2,NULL,NULL,NULL,NULL,NULL,0),('RCOND643684be:1661e09fd03:-6f3b','RUL-43452d36:1660a2ea19c:-6b8e','treasury.facts.YearEntry','treasury.facts.YearEntry',NULL,2,NULL,NULL,NULL,NULL,NULL,0),('RCOND643684be:1661e09fd03:-6fd1','RUL-43452d36:1660a2ea19c:-6c5b','treasury.facts.YearEntry','treasury.facts.YearEntry',NULL,2,NULL,NULL,NULL,NULL,NULL,0),('RCOND643684be:1661e09fd03:-707b','RUL-43452d36:1660a2ea19c:-6d05','treasury.facts.YearEntry','treasury.facts.YearEntry',NULL,2,NULL,NULL,NULL,NULL,NULL,0),('RCOND643684be:1661e09fd03:-7117','RUL-43452d36:1660a2ea19c:-6dc3','treasury.facts.YearEntry','treasury.facts.YearEntry',NULL,2,NULL,NULL,NULL,NULL,NULL,0),('RCOND643684be:1661e09fd03:-71ad','RUL-43452d36:1660a2ea19c:-6e90','treasury.facts.YearEntry','treasury.facts.YearEntry',NULL,2,NULL,NULL,NULL,NULL,NULL,0),('RCOND643684be:1661e09fd03:-7241','RUL-43452d36:1660a2ea19c:-6f37','treasury.facts.YearEntry','treasury.facts.YearEntry',NULL,2,NULL,NULL,NULL,NULL,NULL,0),('RCOND643684be:1661e09fd03:-72d5','RUL-43452d36:1660a2ea19c:-7044','treasury.facts.YearEntry','treasury.facts.YearEntry',NULL,2,NULL,NULL,NULL,NULL,NULL,0),('RCOND643684be:1661e09fd03:-736b','RUL-43452d36:1660a2ea19c:-7129','treasury.facts.YearEntry','treasury.facts.YearEntry',NULL,2,NULL,NULL,NULL,NULL,NULL,0),('RCOND643684be:1661e09fd03:-7401','RUL-43452d36:1660a2ea19c:-7200','treasury.facts.YearEntry','treasury.facts.YearEntry',NULL,2,NULL,NULL,NULL,NULL,NULL,0),('RCOND643684be:1661e09fd03:-7495','RUL-43452d36:1660a2ea19c:-730c','treasury.facts.YearEntry','treasury.facts.YearEntry',NULL,2,NULL,NULL,NULL,NULL,NULL,0),('RCOND643684be:1661e09fd03:-7529','RUL-43452d36:1660a2ea19c:-7406','treasury.facts.YearEntry','treasury.facts.YearEntry',NULL,2,NULL,NULL,NULL,NULL,NULL,0),('RCOND643684be:1661e09fd03:-75bd','RUL-43452d36:1660a2ea19c:-749b','treasury.facts.YearEntry','treasury.facts.YearEntry',NULL,2,NULL,NULL,NULL,NULL,NULL,0),('RCOND643684be:1661e09fd03:-765d','RUL-43452d36:1660a2ea19c:-7568','treasury.facts.YearEntry','treasury.facts.YearEntry',NULL,2,NULL,NULL,NULL,NULL,NULL,0),('RCOND643684be:1661e09fd03:-76fe','RUL-43452d36:1660a2ea19c:-7701','treasury.facts.YearEntry','treasury.facts.YearEntry',NULL,2,NULL,NULL,NULL,NULL,NULL,0),('RCOND643684be:1661e09fd03:-79a6','RUL-43452d36:1660a2ea19c:-7e19','treasury.facts.YearEntry','treasury.facts.YearEntry',NULL,2,NULL,NULL,NULL,NULL,NULL,0),('RCOND643684be:1661e09fd03:-7aaf','RUL-43452d36:1660a2ea19c:-7d75','treasury.facts.YearEntry','treasury.facts.YearEntry',NULL,2,NULL,NULL,NULL,NULL,NULL,0),('RCOND643684be:1661e09fd03:-7b3b','RUL-43452d36:1660a2ea19c:-7c44','treasury.facts.YearEntry','treasury.facts.YearEntry',NULL,2,NULL,NULL,NULL,NULL,NULL,0),('RCOND643684be:1661e09fd03:-7bd1','RUL-43452d36:1660a2ea19c:-7b72','treasury.facts.YearEntry','treasury.facts.YearEntry',NULL,2,NULL,NULL,NULL,NULL,NULL,0),('RCOND643684be:1661e09fd03:-7c65','RUL-43452d36:1660a2ea19c:-7acb','treasury.facts.YearEntry','treasury.facts.YearEntry',NULL,2,NULL,NULL,NULL,NULL,NULL,0),('RCOND643684be:1661e09fd03:-7d08','RUL-43452d36:1660a2ea19c:-7a29','treasury.facts.YearEntry','treasury.facts.YearEntry',NULL,2,NULL,NULL,NULL,NULL,NULL,0),('RCOND643684be:1661e09fd03:-7da8','RUL-43452d36:1660a2ea19c:-77a8','treasury.facts.YearEntry','treasury.facts.YearEntry',NULL,2,NULL,NULL,NULL,NULL,NULL,0),('RCOND7f18462:16d8aafc019:-7a00','RUL7f18462:16d8aafc019:-7a9d','market.facts.MarketUtilityBillItem','market.facts.MarketUtilityBillItem','UB',0,NULL,NULL,NULL,NULL,NULL,0),('RCONDb36ce9e:16d713f33e7:-6f81','RULb36ce9e:16d713f33e7:-7415','market.facts.MarketAccount','market.facts.MarketAccount','MA',2,NULL,NULL,NULL,NULL,NULL,0),('RCONDb36ce9e:16d713f33e7:-715f','RULb36ce9e:16d713f33e7:-7415','market.facts.MarketRentalRate','market.facts.MarketRentalRate','MRR',1,NULL,NULL,NULL,NULL,NULL,0),('RCONDb36ce9e:16d713f33e7:-7373','RULb36ce9e:16d713f33e7:-7415','market.facts.MarketRentalBillItem','market.facts.MarketRentalBillItem','MRI',0,NULL,NULL,NULL,NULL,NULL,0);
/*!40000 ALTER TABLE `sys_rule_condition` ENABLE KEYS */;
UNLOCK TABLES;

--
-- Table structure for table `sys_rule_condition_constraint`
--

DROP TABLE IF EXISTS `sys_rule_condition_constraint`;
/*!40101 SET @saved_cs_client     = @@character_set_client */;
/*!40101 SET character_set_client = utf8 */;
CREATE TABLE `sys_rule_condition_constraint` (
  `objid` varchar(100) NOT NULL,
  `parentid` varchar(50) DEFAULT NULL,
  `field_objid` varchar(50) DEFAULT NULL,
  `fieldname` varchar(50) DEFAULT NULL,
  `varname` varchar(50) DEFAULT NULL,
  `operator_caption` varchar(50) DEFAULT NULL,
  `operator_symbol` varchar(50) DEFAULT NULL,
  `usevar` int(11) DEFAULT NULL,
  `var_objid` varchar(50) DEFAULT NULL,
  `var_name` varchar(50) DEFAULT NULL,
  `decimalvalue` decimal(16,2) DEFAULT NULL,
  `intvalue` int(11) DEFAULT NULL,
  `stringvalue` varchar(255) DEFAULT NULL,
  `listvalue` longtext,
  `datevalue` date DEFAULT NULL,
  `pos` int(11) DEFAULT NULL,
  PRIMARY KEY (`objid`),
  KEY `ix_parentid` (`parentid`),
  KEY `ix_var_objid` (`var_objid`),
  CONSTRAINT `sys_rule_condition_constraint_ibfk_1` FOREIGN KEY (`parentid`) REFERENCES `sys_rule_condition` (`objid`),
  CONSTRAINT `sys_rule_condition_constraint_ibfk_2` FOREIGN KEY (`var_objid`) REFERENCES `sys_rule_condition_var` (`objid`)
) ENGINE=InnoDB DEFAULT CHARSET=utf8;
/*!40101 SET character_set_client = @saved_cs_client */;

--
-- Dumping data for table `sys_rule_condition_constraint`
--

LOCK TABLES `sys_rule_condition_constraint` WRITE;
/*!40000 ALTER TABLE `sys_rule_condition_constraint` DISABLE KEYS */;
INSERT INTO `sys_rule_condition_constraint` VALUES ('RCC-1a4c7581:16932dbf4d3:-601a','RC-1a4c7581:16932dbf4d3:-601b','market.facts.MarketAttribute.name','name',NULL,'is any of the ff.','matches',NULL,NULL,NULL,NULL,NULL,NULL,'[[key:\"M3,000.00\",value:\"M3,000.00 PER MONTH\"]]',NULL,0),('RCC-1a4c7581:16932dbf4d3:-601c','RC-1a4c7581:16932dbf4d3:-601d','treasury.facts.YearEntry.year','year','YR',NULL,NULL,NULL,NULL,NULL,NULL,NULL,NULL,NULL,NULL,0),('RCC-26773b0f:16b688b1d33:-1716','RC-26773b0f:16b688b1d33:-1717','market.facts.MarketAttribute.name','name',NULL,'is any of the ff.','matches',NULL,NULL,NULL,NULL,NULL,NULL,'[[key:\"M1800\",value:\"M1800 PER MONTH\"]]',NULL,0),('RCC-26773b0f:16b688b1d33:-1718','RC-26773b0f:16b688b1d33:-1719','treasury.facts.YearEntry.year','year','YR',NULL,NULL,NULL,NULL,NULL,NULL,NULL,NULL,NULL,NULL,0),('RCC-26773b0f:16b688b1d33:-17a4','RC-26773b0f:16b688b1d33:-17a5','treasury.facts.YearEntry.year','year','YR',NULL,NULL,NULL,NULL,NULL,NULL,NULL,NULL,NULL,NULL,0),('RCC-26773b0f:16b688b1d33:-17a6','RC-26773b0f:16b688b1d33:-17a7','market.facts.MarketAttribute.name','name',NULL,'is any of the ff.','matches',NULL,NULL,NULL,NULL,NULL,NULL,'[[key:\"M1625\",value:\"M1625 PER MONTH\"]]',NULL,0),('RCC-26773b0f:16b688b1d33:-1881','RC-26773b0f:16b688b1d33:-1882','market.facts.MarketAttribute.name','name',NULL,'is any of the ff.','matches',NULL,NULL,NULL,NULL,NULL,NULL,'[[key:\"M1650.00\",value:\"M1650.00\"]]',NULL,0),('RCC-26773b0f:16b688b1d33:-1883','RC-26773b0f:16b688b1d33:-1884','treasury.facts.YearEntry.year','year','YR',NULL,NULL,NULL,NULL,NULL,NULL,NULL,NULL,NULL,NULL,0),('RCC-26773b0f:16b7dd9cbb6:7aa1','RC-26773b0f:16b7dd9cbb6:7aa0','treasury.facts.YearEntry.year','year','YR',NULL,NULL,NULL,NULL,NULL,NULL,NULL,NULL,NULL,NULL,0),('RCC-26773b0f:16b7dd9cbb6:7aa3','RC-26773b0f:16b7dd9cbb6:7aa2','market.facts.MarketAttribute.name','name',NULL,'is any of the ff.','matches',NULL,NULL,NULL,NULL,NULL,NULL,'[[key:\"M2137.5\",value:\"M2137.5 PER MONTH\"]]',NULL,0),('RCC-26773b0f:16b7dd9cbb6:7b99','RC-26773b0f:16b7dd9cbb6:7b98','treasury.facts.YearEntry.year','year','YR',NULL,NULL,NULL,NULL,NULL,NULL,NULL,NULL,NULL,NULL,0),('RCC-26773b0f:16b7dd9cbb6:7b9b','RC-26773b0f:16b7dd9cbb6:7b9a','market.facts.MarketAttribute.name','name',NULL,'is any of the ff.','matches',NULL,NULL,NULL,NULL,NULL,NULL,'[[key:\"M1087.5\",value:\"M1087.5 PER MONTH\"]]',NULL,0),('RCC-26773b0f:16b7dd9cbb6:7c90','RC-26773b0f:16b7dd9cbb6:7c8f','market.facts.MarketAttribute.name','name',NULL,'is any of the ff.','matches',NULL,NULL,NULL,NULL,NULL,NULL,'[[key:\"M787.5\",value:\"M787.5 PER MONTH\"]]',NULL,0),('RCC-26773b0f:16b7dd9cbb6:7c92','RC-26773b0f:16b7dd9cbb6:7c91','treasury.facts.YearEntry.year','year','YR',NULL,NULL,NULL,NULL,NULL,NULL,NULL,NULL,NULL,NULL,0),('RCC-26773b0f:16b7dd9cbb6:7e34','RC-26773b0f:16b7dd9cbb6:7e33','treasury.facts.YearEntry.year','year','YR',NULL,NULL,NULL,NULL,NULL,NULL,NULL,NULL,NULL,NULL,0),('RCC-26773b0f:16b7dd9cbb6:7e36','RC-26773b0f:16b7dd9cbb6:7e35','market.facts.MarketAttribute.name','name',NULL,'is any of the ff.','matches',NULL,NULL,NULL,NULL,NULL,NULL,'[[key:\"M937.5\",value:\"M937.5 PER MONTH\"]]',NULL,0),('RCC-26773b0f:16b7dd9cbb6:7ecd','RC-26773b0f:16b7dd9cbb6:7ecc','market.facts.MarketAttribute.name','name',NULL,'is any of the ff.','matches',NULL,NULL,NULL,NULL,NULL,NULL,'[[key:\"M712.5\",value:\"M712.5 PER MONTH\"]]',NULL,0),('RCC-26773b0f:16b7dd9cbb6:7ecf','RC-26773b0f:16b7dd9cbb6:7ece','treasury.facts.YearEntry.year','year','YR',NULL,NULL,NULL,NULL,NULL,NULL,NULL,NULL,NULL,NULL,0),('RCC-26773b0f:16b7dd9cbb6:7f77','RC-26773b0f:16b7dd9cbb6:7f76','market.facts.MarketAttribute.name','name',NULL,'is any of the ff.','matches',NULL,NULL,NULL,NULL,NULL,NULL,'[[key:\"M1562.5\",value:\"M1562.5 PER MONTH\"]]',NULL,0),('RCC-26773b0f:16b7dd9cbb6:7f79','RC-26773b0f:16b7dd9cbb6:7f78','treasury.facts.YearEntry.year','year','YR',NULL,NULL,NULL,NULL,NULL,NULL,NULL,NULL,NULL,NULL,0),('RCC-26773b0f:16ba325a2c4:6fdc','RC-26773b0f:16ba325a2c4:6fdb','market.facts.MarketAttribute.name','name',NULL,'is any of the ff.','matches',NULL,NULL,NULL,NULL,NULL,NULL,'[[key:\"M637.5\",value:\"M637.5 PER MONTH\"]]',NULL,0),('RCC-26773b0f:16ba325a2c4:6fde','RC-26773b0f:16ba325a2c4:6fdd','treasury.facts.YearEntry.year','year','YR',NULL,NULL,NULL,NULL,NULL,NULL,NULL,NULL,NULL,NULL,0),('RCC-2cacdd7e:1684b422b57:-7b27','RC-2cacdd7e:1684b422b57:-7b28','market.facts.MarketAttribute.name','name',NULL,'is any of the ff.','matches',NULL,NULL,NULL,NULL,NULL,NULL,'[[key:\"D25.00\",value:\"D25.00 PER DAY\"]]',NULL,0),('RCC-2cacdd7e:1684b422b57:-7b29','RC-2cacdd7e:1684b422b57:-7b2a','treasury.facts.YearEntry.year','year','YR',NULL,NULL,NULL,NULL,NULL,NULL,NULL,NULL,NULL,NULL,0),('RCC-2cacdd7e:1685928da91:-158b','RC-2cacdd7e:1685928da91:-158c','market.facts.MarketAttribute.name','name',NULL,'is any of the ff.','matches',NULL,NULL,NULL,NULL,NULL,NULL,'[[key:\"M2400.00\",value:\"2400.00 PER MONTHLY\"]]',NULL,0),('RCC-2cacdd7e:1685928da91:-158d','RC-2cacdd7e:1685928da91:-158e','treasury.facts.YearEntry.year','year','YR',NULL,NULL,NULL,NULL,NULL,NULL,NULL,NULL,NULL,NULL,0),('RCC-2cacdd7e:1685eb0f21f:2e13','RC-2cacdd7e:1685eb0f21f:2e12','market.facts.MarketAttribute.name','name',NULL,'is any of the ff.','matches',NULL,NULL,NULL,NULL,NULL,NULL,'[[key:\"M2,594.7\",value:\"M2,594.7 PER MONTH\"]]',NULL,0),('RCC-2cacdd7e:1685eb0f21f:2e15','RC-2cacdd7e:1685eb0f21f:2e14','treasury.facts.YearEntry.year','year','YR',NULL,NULL,NULL,NULL,NULL,NULL,NULL,NULL,NULL,NULL,0),('RCC-2cacdd7e:1685eb0f21f:3319','RC-2cacdd7e:1685eb0f21f:3318','treasury.facts.YearEntry.year','year','YR',NULL,NULL,NULL,NULL,NULL,NULL,NULL,NULL,NULL,NULL,0),('RCC-2cacdd7e:1685eb0f21f:331b','RC-2cacdd7e:1685eb0f21f:331a','market.facts.MarketAttribute.name','name',NULL,'is any of the ff.','matches',NULL,NULL,NULL,NULL,NULL,NULL,'[[key:\"M3,665.15\",value:\"M3,665.15 PER MONTH\"]]',NULL,0),('RCC-45bd4062:16606219ef4:1046','RC-45bd4062:16606219ef4:1045','market.facts.MarketAttribute.name','name',NULL,'is any of the ff.','matches',NULL,NULL,NULL,NULL,NULL,NULL,'[[key:\"M1,303.35\",value:\"1,303.35 PER MONTH\"]]',NULL,0),('RCC-45bd4062:16606219ef4:1335','RC-45bd4062:16606219ef4:1334','market.facts.MarketAttribute.name','name',NULL,'is any of the ff.','matches',NULL,NULL,NULL,NULL,NULL,NULL,'[[key:\"M1,354.98\",value:\"1,354.98 PER MONTH\"]]',NULL,0),('RCC-45bd4062:16606219ef4:140c','RC-45bd4062:16606219ef4:140b','market.facts.MarketAttribute.name','name',NULL,'is any of the ff.','matches',NULL,NULL,NULL,NULL,NULL,NULL,'[[key:\"M1,359.95\",value:\"1,359.95 PER MONTH\"]]',NULL,0),('RCC-45bd4062:16606219ef4:1505','RC-45bd4062:16606219ef4:1504','market.facts.MarketAttribute.name','name',NULL,'is any of the ff.','matches',NULL,NULL,NULL,NULL,NULL,NULL,'[[key:\"M1,360.10\",value:\"1,360.10 PER MONTH\"]]',NULL,0),('RCC-45bd4062:16606219ef4:1886','RC-45bd4062:16606219ef4:1885','market.facts.MarketAttribute.name','name',NULL,'is any of the ff.','matches',NULL,NULL,NULL,NULL,NULL,NULL,'[[key:\"M1,360.35\",value:\"1,360.35 PER MONTH\"]]',NULL,0),('RCC-45bd4062:16606219ef4:2e6','RC-45bd4062:16606219ef4:2e5','market.facts.MarketAttribute.name','name',NULL,'is any of the ff.','matches',NULL,NULL,NULL,NULL,NULL,NULL,'[[key:\"D31.90\",value:\"31.90 PER DAY\"]]',NULL,0),('RCC-45bd4062:16606219ef4:333','RC-45bd4062:16606219ef4:332','market.facts.MarketAttribute.name','name',NULL,'is any of the ff.','matches',NULL,NULL,NULL,NULL,NULL,NULL,'[[key:\"D90.00\",value:\"90.00 PER DAY\"]]',NULL,0),('RCC-45bd4062:16606219ef4:376f','RC-45bd4062:16606219ef4:376e','market.facts.MarketAttribute.name','name',NULL,'is any of the ff.','matches',NULL,NULL,NULL,NULL,NULL,NULL,'[[key:\"M1,416.62\",value:\"1,416.62 PER MONTH\"]]',NULL,0),('RCC-45bd4062:16606219ef4:37ce','RC-45bd4062:16606219ef4:37cd','market.facts.MarketAttribute.name','name',NULL,'is any of the ff.','matches',NULL,NULL,NULL,NULL,NULL,NULL,'[[key:\"M1,434.20\",value:\"1,434.20 PER MONTH\"]]',NULL,0),('RCC-45bd4062:16606219ef4:3ac','RC-45bd4062:16606219ef4:3ab','market.facts.MarketAttribute.name','name',NULL,'is any of the ff.','matches',NULL,NULL,NULL,NULL,NULL,NULL,'[[key:\"D36.30\",value:\"36.30 PER DAY\"]]',NULL,0),('RCC-45bd4062:16606219ef4:3e75','RC-45bd4062:16606219ef4:3e74','market.facts.MarketAttribute.name','name',NULL,'is any of the ff.','matches',NULL,NULL,NULL,NULL,NULL,NULL,'[[key:\"M1,458.00\",value:\"1,458.00 PER MONTH\"]]',NULL,0),('RCC-45bd4062:16606219ef4:3ed0','RC-45bd4062:16606219ef4:3ecf','market.facts.MarketAttribute.name','name',NULL,'is any of the ff.','matches',NULL,NULL,NULL,NULL,NULL,NULL,'[[key:\"M1,505.60\",value:\"1,505.60 PER MONTH\"]]',NULL,0),('RCC-45bd4062:16606219ef4:3f54','RC-45bd4062:16606219ef4:3f53','market.facts.MarketAttribute.name','name',NULL,'is any of the ff.','matches',NULL,NULL,NULL,NULL,NULL,NULL,'[[key:\"M1,521.55\",value:\"1,521.55 PER MONTH\"]]',NULL,0),('RCC-45bd4062:16606219ef4:46d1','RC-45bd4062:16606219ef4:46d0','market.facts.MarketAttribute.name','name',NULL,'is any of the ff.','matches',NULL,NULL,NULL,NULL,NULL,NULL,'[[key:\"M1,539.85\",value:\"1,539.85 PER MONTH\"]]',NULL,0),('RCC-45bd4062:16606219ef4:46ff','RC-45bd4062:16606219ef4:46fe','market.facts.MarketAttribute.name','name',NULL,'is any of the ff.','matches',NULL,NULL,NULL,NULL,NULL,NULL,'[[key:\"M1,569.50\",value:\"1,569.50 PER MONTH\"]]',NULL,0),('RCC-45bd4062:16606219ef4:49bd','RC-45bd4062:16606219ef4:49bc','market.facts.MarketAttribute.name','name',NULL,'is any of the ff.','matches',NULL,NULL,NULL,NULL,NULL,NULL,'[[key:\"M1,586.54\",value:\"1,586.54 PER MONTH\"]]',NULL,0),('RCC-45bd4062:16606219ef4:4a1f','RC-45bd4062:16606219ef4:4a1e','market.facts.MarketAttribute.name','name',NULL,'is any of the ff.','matches',NULL,NULL,NULL,NULL,NULL,NULL,'[[key:\"M1,608.25\",value:\"1,608.25 PER MONTH\"]]',NULL,0),('RCC-45bd4062:16606219ef4:4a34','RC-45bd4062:16606219ef4:4a33','market.facts.MarketAttribute.name','name',NULL,'is any of the ff.','matches',NULL,NULL,NULL,NULL,NULL,NULL,'[[key:\"M1,642.50\",value:\"1,642.50 PER MONTH\"]]',NULL,0),('RCC-45bd4062:16606219ef4:4a4e','RC-45bd4062:16606219ef4:4a4d','market.facts.MarketAttribute.name','name',NULL,'is any of the ff.','matches',NULL,NULL,NULL,NULL,NULL,NULL,'[[key:\"M1,676.10\",value:\"1,676.10 PER MONTH\"]]',NULL,0),('RCC-45bd4062:16606219ef4:4a69','RC-45bd4062:16606219ef4:4a68','market.facts.MarketAttribute.name','name',NULL,'is any of the ff.','matches',NULL,NULL,NULL,NULL,NULL,NULL,'[[key:\"M1,701.00\",value:\"1,701.00 PER MONTH\"]]',NULL,0),('RCC-45bd4062:16606219ef4:4a80','RC-45bd4062:16606219ef4:4a7f','market.facts.MarketAttribute.name','name',NULL,'is any of the ff.','matches',NULL,NULL,NULL,NULL,NULL,NULL,'[[key:\"M1,774.85\",value:\"1,774.85 PER MONTH\"]]',NULL,0),('RCC-45bd4062:16606219ef4:4aa0','RC-45bd4062:16606219ef4:4a9f','market.facts.MarketAttribute.name','name',NULL,'is any of the ff.','matches',NULL,NULL,NULL,NULL,NULL,NULL,'[[key:\"M1,806.76\",value:\"1,806.76 PER MONTH\"]]',NULL,0),('RCC-45bd4062:16606219ef4:4abc','RC-45bd4062:16606219ef4:4abb','market.facts.MarketAttribute.name','name',NULL,'is any of the ff.','matches',NULL,NULL,NULL,NULL,NULL,NULL,'[[key:\"M1,849.45\",value:\"1,849.45 PER MONTH\"]]',NULL,0),('RCC-45bd4062:16606219ef4:4ad3','RC-45bd4062:16606219ef4:4ad2','market.facts.MarketAttribute.name','name',NULL,'is any of the ff.','matches',NULL,NULL,NULL,NULL,NULL,NULL,'[[key:\"M1,861.50\",value:\"1,861.50 PER MONTH\"]]',NULL,0),('RCC-45bd4062:16606219ef4:4aed','RC-45bd4062:16606219ef4:4aec','market.facts.MarketAttribute.name','name',NULL,'is any of the ff.','matches',NULL,NULL,NULL,NULL,NULL,NULL,'[[key:\"M1,886.00\",value:\"1,886.00 PER MONTH\"]]',NULL,0),('RCC-45bd4062:16606219ef4:4b08','RC-45bd4062:16606219ef4:4b07','market.facts.MarketAttribute.name','name',NULL,'is any of the ff.','matches',NULL,NULL,NULL,NULL,NULL,NULL,'[[key:\"M1,904.40\",value:\"1,904.40 PER MONTH\"]]',NULL,0),('RCC-45bd4062:16606219ef4:4b30','RC-45bd4062:16606219ef4:4b2f','market.facts.MarketAttribute.name','name',NULL,'is any of the ff.','matches',NULL,NULL,NULL,NULL,NULL,NULL,'[[key:\"M1,916.30\",value:\"1,916.30 PER MONTH\"]]',NULL,0),('RCC-45bd4062:16606219ef4:4b55','RC-45bd4062:16606219ef4:4b54','market.facts.MarketAttribute.name','name',NULL,'is any of the ff.','matches',NULL,NULL,NULL,NULL,NULL,NULL,'[[key:\"M1,928.20\",value:\"1,928.20 PER MONTH\"]]',NULL,0),('RCC-45bd4062:16606219ef4:4b70','RC-45bd4062:16606219ef4:4b6f','market.facts.MarketAttribute.name','name',NULL,'is any of the ff.','matches',NULL,NULL,NULL,NULL,NULL,NULL,'[[key:\"M1,951.80\",value:\"1,951.80 PER MONTH\"]]',NULL,0),('RCC-45bd4062:16606219ef4:4bae','RC-45bd4062:16606219ef4:4bad','market.facts.MarketAttribute.name','name',NULL,'is any of the ff.','matches',NULL,NULL,NULL,NULL,NULL,NULL,'[[key:\"M1,971.04\",value:\"1,971.04 PER MONTH\"]]',NULL,0),('RCC-45bd4062:16606219ef4:4cc','RC-45bd4062:16606219ef4:4cb','market.facts.MarketAttribute.name','name',NULL,'is any of the ff.','matches',NULL,NULL,NULL,NULL,NULL,NULL,'[[key:\"M1,001.85\",value:\"1,001.85 PER MONTH\"]]',NULL,0),('RCC-45bd4062:16606219ef4:570','RC-45bd4062:16606219ef4:56f','market.facts.MarketAttribute.name','name',NULL,'is any of the ff.','matches',NULL,NULL,NULL,NULL,NULL,NULL,'[[key:\"M1,013.00\",value:\"1,013.00 PER MONTH\"]]',NULL,0),('RCC-45bd4062:16606219ef4:7c7','RC-45bd4062:16606219ef4:7c6','market.facts.MarketAttribute.name','name',NULL,'is any of the ff.','matches',NULL,NULL,NULL,NULL,NULL,NULL,'[[key:\"M1,083.90\",value:\"1,083.90 PER MONTH\"]]',NULL,0),('RCC-45bd4062:16606219ef4:86d','RC-45bd4062:16606219ef4:86c','market.facts.MarketAttribute.name','name',NULL,'is any of the ff.','matches',NULL,NULL,NULL,NULL,NULL,NULL,'[[key:\"M1,095.00\",value:\"1,095.00 PER MONTH\"]]',NULL,0),('RCC-45bd4062:16606219ef4:8bb','RC-45bd4062:16606219ef4:8ba','market.facts.MarketAttribute.name','name',NULL,'is any of the ff.','matches',NULL,NULL,NULL,NULL,NULL,NULL,'[[key:\"M1,149.75\",value:\"1,149.75 PER MONTH\"]]',NULL,0),('RCC-45bd4062:16606219ef4:916','RC-45bd4062:16606219ef4:915','market.facts.MarketAttribute.name','name',NULL,'is any of the ff.','matches',NULL,NULL,NULL,NULL,NULL,NULL,'[[key:\"M1,178.45\",value:\"1,178.45 PER MONTH\"]]',NULL,0),('RCC-45bd4062:16606219ef4:a06','RC-45bd4062:16606219ef4:a05','market.facts.MarketAttribute.name','name',NULL,'is any of the ff.','matches',NULL,NULL,NULL,NULL,NULL,NULL,'[[key:\"M1,181.74\",value:\"1,181.74 PER MONTH\"]]',NULL,0),('RCC-45bd4062:16606219ef4:b1e','RC-45bd4062:16606219ef4:b1d','market.facts.MarketAttribute.name','name',NULL,'is any of the ff.','matches',NULL,NULL,NULL,NULL,NULL,NULL,'[[key:\"M1,231.90\",value:\"1,231.90 PER MONTH\"]]',NULL,0),('RCC-45bd4062:16606219ef4:cb4','RC-45bd4062:16606219ef4:cb3','market.facts.MarketAttribute.name','name',NULL,'is any of the ff.','matches',NULL,NULL,NULL,NULL,NULL,NULL,'[[key:\"M1,246.60\",value:\"1,246.60 PER MONTH\"]]',NULL,0),('RCC-45bd4062:16606219ef4:d44','RC-45bd4062:16606219ef4:d43','market.facts.MarketAttribute.name','name',NULL,'is any of the ff.','matches',NULL,NULL,NULL,NULL,NULL,NULL,'[[key:\"M1,302.65\",value:\"1,302.65 PER MONTH\"]]',NULL,0),('RCC-45bf8d4d:166145606ab:-718a','RC-45bf8d4d:166145606ab:-718b','market.facts.MarketAttribute.name','name',NULL,'is any of the ff.','matches',NULL,NULL,NULL,NULL,NULL,NULL,'[[key:\"M1,976.70\",value:\"1,976.70 PER MONTH\"]]',NULL,0),('RCC-45bf8d4d:166145606ab:115','RC-45bf8d4d:166145606ab:114','market.facts.MarketAttribute.name','name',NULL,'is any of the ff.','matches',NULL,NULL,NULL,NULL,NULL,NULL,'[[key:\"M122.00\",value:\"122.00 PER MONTH\"]]',NULL,0),('RCC-45bf8d4d:166145606ab:18a','RC-45bf8d4d:166145606ab:189','market.facts.MarketAttribute.name','name',NULL,'is any of the ff.','matches',NULL,NULL,NULL,NULL,NULL,NULL,'[[key:\"M128.10\",value:\"128.10 PER MONTH\"]]',NULL,0),('RCC-45bf8d4d:166145606ab:274','RC-45bf8d4d:166145606ab:272','market.facts.MarketAttribute.name','name',NULL,'is any of the ff.','matches',NULL,NULL,NULL,NULL,NULL,NULL,'[[key:\"M2,036.65\",value:\"2,036.65 PER MONTH\"]]',NULL,0),('RCC-45bf8d4d:166145606ab:301','RC-45bf8d4d:166145606ab:300','market.facts.MarketAttribute.name','name',NULL,'is any of the ff.','matches',NULL,NULL,NULL,NULL,NULL,NULL,'[[key:\"M2,059.10\",value:\"2,059.10 PER MONTH\"]]',NULL,0),('RCC-45bf8d4d:166145606ab:381','RC-45bf8d4d:166145606ab:380','market.facts.MarketAttribute.name','name',NULL,'is any of the ff.','matches',NULL,NULL,NULL,NULL,NULL,NULL,'[[key:\"M2,140.70\",value:\"2,140.70 PER MONTH\"]]',NULL,0),('RCC-45bf8d4d:166145606ab:51e','RC-45bf8d4d:166145606ab:51d','market.facts.MarketAttribute.name','name',NULL,'is any of the ff.','matches',NULL,NULL,NULL,NULL,NULL,NULL,'[[key:\"M2,155.80\",value:\"2,155.80 PER MONTH\"]]',NULL,0),('RCC-45bf8d4d:166145606ab:5c5','RC-45bf8d4d:166145606ab:5c4','market.facts.MarketAttribute.name','name',NULL,'is any of the ff.','matches',NULL,NULL,NULL,NULL,NULL,NULL,'[[key:\"M2,159.10\",value:\"2,159.10 PER MONTH\"]]',NULL,0),('RCC-45bf8d4d:166145606ab:62e','RC-45bf8d4d:166145606ab:62d','market.facts.MarketAttribute.name','name',NULL,'is any of the ff.','matches',NULL,NULL,NULL,NULL,NULL,NULL,'[[key:\"M2,168.90\",value:\"2,168.90 PER MONTH\"]]',NULL,0),('RCC-45bf8d4d:166145606ab:6b4','RC-45bf8d4d:166145606ab:6b3','market.facts.MarketAttribute.name','name',NULL,'is any of the ff.','matches',NULL,NULL,NULL,NULL,NULL,NULL,'[[key:\"M2,217.40\",value:\"2,217.40 PER MONTH\"]]',NULL,0),('RCC-45bf8d4d:166145606ab:732','RC-45bf8d4d:166145606ab:731','market.facts.MarketAttribute.name','name',NULL,'is any of the ff.','matches',NULL,NULL,NULL,NULL,NULL,NULL,'[[key:\"M2,266.65\",value:\"2,266.65 PER MONTH\"]]',NULL,0),('RCC-45bf8d4d:166145606ab:779','RC-45bf8d4d:166145606ab:778','market.facts.MarketAttribute.name','name',NULL,'is any of the ff.','matches',NULL,NULL,NULL,NULL,NULL,NULL,'[[key:\"M2,326.90\",value:\"2,326.90 PER MONTH\"]]',NULL,0),('RCC-45bf8d4d:166145606ab:7ea','RC-45bf8d4d:166145606ab:7e9','market.facts.MarketAttribute.name','name',NULL,'is any of the ff.','matches',NULL,NULL,NULL,NULL,NULL,NULL,'[[key:\"M2,356.65\",value:\"2,356.65 PER MONTH\"]]',NULL,0),('RCC-45bf8d4d:166145606ab:83d','RC-45bf8d4d:166145606ab:83c','market.facts.MarketAttribute.name','name',NULL,'is any of the ff.','matches',NULL,NULL,NULL,NULL,NULL,NULL,'[[key:\"M2,409.00\",value:\"2,409.00 PER MONTH\"]]',NULL,0),('RCC-45bf8d4d:166145606ab:8bd','RC-45bf8d4d:166145606ab:8bc','market.facts.MarketAttribute.name','name',NULL,'is any of the ff.','matches',NULL,NULL,NULL,NULL,NULL,NULL,'[[key:\"M2,455.60\",value:\"2,455.60 PER MONTH\"]]',NULL,0),('RCC-45bf8d4d:166145606ab:a5','RC-45bf8d4d:166145606ab:a4','market.facts.MarketAttribute.name','name',NULL,'is any of the ff.','matches',NULL,NULL,NULL,NULL,NULL,NULL,'[[key:\"M10,879.80\",value:\"10,879.80 PER MONTH\"]]',NULL,0),('RCC-45bf8d4d:166195ed622:-2c13','RC-45bf8d4d:166195ed622:-2c14','market.facts.MarketAttribute.name','name',NULL,'is any of the ff.','matches',NULL,NULL,NULL,NULL,NULL,NULL,'[[key:\"M2,633.3\",value:\"2,633.3 PER MONTH\"]]',NULL,0),('RCC-45bf8d4d:166195ed622:-4c74','RC-45bf8d4d:166195ed622:-4c75','market.facts.MarketAttribute.name','name',NULL,'is any of the ff.','matches',NULL,NULL,NULL,NULL,NULL,NULL,'[[key:\"M2,586.95\",value:\"2,586.95 PER MONTH\"]]',NULL,0),('RCC-45bf8d4d:166195ed622:-f18','RC-45bf8d4d:166195ed622:-f19','market.facts.MarketAttribute.name','name',NULL,'is any of the ff.','matches',NULL,NULL,NULL,NULL,NULL,NULL,'[[key:\"M2,710.15\",value:\"2,710.15 PER MONTH\"]]',NULL,0),('RCC-45bf8d4d:166195ed622:2f60','RC-45bf8d4d:166195ed622:2f5e','market.facts.MarketAttribute.name','name',NULL,'is any of the ff.','matches',NULL,NULL,NULL,NULL,NULL,NULL,'[[key:\"M2,737.55\",value:\"2,737.55 PER MONTH\"]]',NULL,0),('RCC-45bf8d4d:166195ed622:3dd1','RC-45bf8d4d:166195ed622:3dd0','market.facts.MarketAttribute.name','name',NULL,'is any of the ff.','matches',NULL,NULL,NULL,NULL,NULL,NULL,'[[key:\"M2,771.70\",value:\"2,771.70 PER MONTH\"]]',NULL,0),('RCC-45bf8d4d:166196c3991:-6688','RC-45bf8d4d:166196c3991:-6689','market.facts.MarketAttribute.name','name',NULL,'is any of the ff.','matches',NULL,NULL,NULL,NULL,NULL,NULL,'[[key:\"M2,800.48\",value:\"2,800.48 PER MONTH\"]]',NULL,0),('RCC-45bf8d4d:166196c3991:-6faa','RC-45bf8d4d:166196c3991:-6fab','market.facts.MarketAttribute.name','name',NULL,'is any of the ff.','matches',NULL,NULL,NULL,NULL,NULL,NULL,'[[key:\"M2,771.75\",value:\"2,771.75 PER MONTH\"]]',NULL,0),('RCC-45bf8d4d:166197c026e:265','RC-45bf8d4d:166197c026e:264','market.facts.MarketAttribute.name','name',NULL,'is any of the ff.','matches',NULL,NULL,NULL,NULL,NULL,NULL,'[[key:\"M2,825.32\",value:\"2,825.32 PER MONTH\"]]',NULL,0),('RCC-45bf8d4d:16619821daa:-1750','RC-45bf8d4d:16619821daa:-1751','market.facts.MarketAttribute.name','name',NULL,'is any of the ff.','matches',NULL,NULL,NULL,NULL,NULL,NULL,'[[key:\"M3,161.85\",value:\"3,161.85 PER MONTH\"]]',NULL,0),('RCC-45bf8d4d:16619821daa:-200','RC-45bf8d4d:16619821daa:-201','market.facts.MarketAttribute.name','name',NULL,'is any of the ff.','matches',NULL,NULL,NULL,NULL,NULL,NULL,'[[key:\"M3,187.45\",value:\"3,187.45 PER MONTH\"]]',NULL,0),('RCC-45bf8d4d:16619821daa:-25fc','RC-45bf8d4d:16619821daa:-25fd','market.facts.MarketAttribute.name','name',NULL,'is any of the ff.','matches',NULL,NULL,NULL,NULL,NULL,NULL,'[[key:\"M3,105.55\",value:\"3,105.55 PER MONTH\"]]',NULL,0),('RCC-45bf8d4d:16619821daa:-3826','RC-45bf8d4d:16619821daa:-3827','market.facts.MarketAttribute.name','name',NULL,'is any of the ff.','matches',NULL,NULL,NULL,NULL,NULL,NULL,'[[key:\"M2,883.55\",value:\"2,883.55 PER MONTH\"]]',NULL,0),('RCC-45bf8d4d:16619821daa:-4244','RC-45bf8d4d:16619821daa:-4245','market.facts.MarketAttribute.name','name',NULL,'is any of the ff.','matches',NULL,NULL,NULL,NULL,NULL,NULL,'[[key:\"M2,874.45\",value:\"2,874.45 PER MONTH\"]]',NULL,0),('RCC-45bf8d4d:16619821daa:-489f','RC-45bf8d4d:16619821daa:-48a0','market.facts.MarketAttribute.name','name',NULL,'is any of the ff.','matches',NULL,NULL,NULL,NULL,NULL,NULL,'[[key:\"M2,870.65\",value:\"2,870.65 PER MONTH\"]]',NULL,0),('RCC-45bf8d4d:16619821daa:-7af5','RC-45bf8d4d:16619821daa:-7af6','market.facts.MarketAttribute.name','name',NULL,'is any of the ff.','matches',NULL,NULL,NULL,NULL,NULL,NULL,'[[key:\"M2,828.80\",value:\"2,828.80 PER MONTH\"]]',NULL,0),('RCC-45bf8d4d:16619821daa:15e9','RC-45bf8d4d:16619821daa:15e8','market.facts.MarketAttribute.name','name',NULL,'is any of the ff.','matches',NULL,NULL,NULL,NULL,NULL,NULL,'[[key:\"M3229.5\",value:\"3229.50 PER MONTH\"]]',NULL,0),('RCC-45bf8d4d:16619821daa:1e43','RC-45bf8d4d:16619821daa:1e42','market.facts.MarketAttribute.name','name',NULL,'is any of the ff.','matches',NULL,NULL,NULL,NULL,NULL,NULL,'[[key:\"M4,003.70\",value:\"4,003.70 PER MONTH\"]]',NULL,0),('RCC-45bf8d4d:16619821daa:2507','RC-45bf8d4d:16619821daa:2506','market.facts.MarketAttribute.name','name',NULL,'is any of the ff.','matches',NULL,NULL,NULL,NULL,NULL,NULL,'[[key:\"M4,126.90\",value:\"4,126.90 PER MONTH\"]]',NULL,0),('RCC-45bf8d4d:16619821daa:3517','RC-45bf8d4d:16619821daa:3516','market.facts.MarketAttribute.name','name',NULL,'is any of the ff.','matches',NULL,NULL,NULL,NULL,NULL,NULL,'[[key:\"M4,311.67\",value:\"4,311.67 PER MONTH\"]]',NULL,0),('RCC-45bf8d4d:16619821daa:3a2e','RC-45bf8d4d:16619821daa:3a2d','market.facts.MarketAttribute.name','name',NULL,'is any of the ff.','matches',NULL,NULL,NULL,NULL,NULL,NULL,'[[key:\"M4,320.00\",value:\"4,320.00 PER MONTH\"]]',NULL,0),('RCC-45bf8d4d:16619821daa:3fe2','RC-45bf8d4d:16619821daa:3fe1','market.facts.MarketAttribute.name','name',NULL,'is any of the ff.','matches',NULL,NULL,NULL,NULL,NULL,NULL,'[[key:\"M4,818.05\",value:\"4,818.05 PER MONTH\"]]',NULL,0),('RCC-45bf8d4d:16619821daa:6887','RC-45bf8d4d:16619821daa:6886','market.facts.MarketAttribute.name','name',NULL,'is any of the ff.','matches',NULL,NULL,NULL,NULL,NULL,NULL,'[[key:\"M451.60\",value:\"451.60 PER MONTH\"]]',NULL,0),('RCC-45bf8d4d:16619821daa:7833','RC-45bf8d4d:16619821daa:7832','market.facts.MarketAttribute.name','name',NULL,'is any of the ff.','matches',NULL,NULL,NULL,NULL,NULL,NULL,'[[key:\"M455.00\",value:\"455.00 PER MONTH\"]]',NULL,0),('RCC-45bf8d4d:16619821daa:7d2','RC-45bf8d4d:16619821daa:7d1','market.facts.MarketAttribute.name','name',NULL,'is any of the ff.','matches',NULL,NULL,NULL,NULL,NULL,NULL,'[[key:\"M3,770.20\",value:\"3,770.20 PER MONTH\"]]',NULL,0),('RCC-45bf8d4d:16619821daa:da4','RC-45bf8d4d:16619821daa:da3','market.facts.MarketAttribute.name','name',NULL,'is any of the ff.','matches',NULL,NULL,NULL,NULL,NULL,NULL,'[[key:\"M3044.4\",value:\"3044.40 PER MONTH\"]]',NULL,0),('RCC-45bf8d4d:1661998757d:-1ccc','RC-45bf8d4d:1661998757d:-1ccd','market.facts.MarketAttribute.name','name',NULL,'is any of the ff.','matches',NULL,NULL,NULL,NULL,NULL,NULL,'[[key:\"M6,022.65\",value:\"6,022.65 PER MONTH\"]]',NULL,0),('RCC-45bf8d4d:1661998757d:-3f2a','RC-45bf8d4d:1661998757d:-3f2b','market.facts.MarketAttribute.name','name',NULL,'is any of the ff.','matches',NULL,NULL,NULL,NULL,NULL,NULL,'[[key:\"M6,002.65\",value:\"6,002.65 PER MONTH\"]]',NULL,0),('RCC-45bf8d4d:1661998757d:-54a2','RC-45bf8d4d:1661998757d:-54a3','market.facts.MarketAttribute.name','name',NULL,'is any of the ff.','matches',NULL,NULL,NULL,NULL,NULL,NULL,'[[key:\"M568.65\",value:\"568.65 PER MONTH\"]]',NULL,0),('RCC-45bf8d4d:1661998757d:-6529','RC-45bf8d4d:1661998757d:-652a','market.facts.MarketAttribute.name','name',NULL,'is any of the ff.','matches',NULL,NULL,NULL,NULL,NULL,NULL,'[[key:\"M5,400.00\",value:\"5,400.00 PER MONTH\"]]',NULL,0),('RCC-45bf8d4d:1661998757d:-8ba','RC-45bf8d4d:1661998757d:-8bb','market.facts.MarketAttribute.name','name',NULL,'is any of the ff.','matches',NULL,NULL,NULL,NULL,NULL,NULL,'[[key:\"M6,480.00\",value:\"6,480.00 PER MONTH\"]]',NULL,0),('RCC-45bf8d4d:1661998757d:1756','RC-45bf8d4d:1661998757d:1755','market.facts.MarketAttribute.name','name',NULL,'is any of the ff.','matches',NULL,NULL,NULL,NULL,NULL,NULL,'[[key:\"M6,874.55\",value:\"6,874.55 PER MONTH\"]]',NULL,0),('RCC-45bf8d4d:1661998757d:5cb','RC-45bf8d4d:1661998757d:5ca','market.facts.MarketAttribute.name','name',NULL,'is any of the ff.','matches',NULL,NULL,NULL,NULL,NULL,NULL,'[[key:\"M6,624.90\",value:\"6,624.90 PER MONTH\"]]',NULL,0),('RCC-45bf8d4d:16619a606af:-2702','RC-45bf8d4d:16619a606af:-2704','market.facts.MarketAttribute.name','name',NULL,'is any of the ff.','matches',NULL,NULL,NULL,NULL,NULL,NULL,'[[key:\"M7,528.30\",value:\"7,528.30 PER MONTH\"]]',NULL,0),('RCC-45bf8d4d:16619a606af:-3f28','RC-45bf8d4d:16619a606af:-3f29','market.facts.MarketAttribute.name','name',NULL,'is any of the ff.','matches',NULL,NULL,NULL,NULL,NULL,NULL,'[[key:\"M669.18\",value:\"669.18 PER MONTH\"]]',NULL,0),('RCC-45bf8d4d:16619a606af:-51f2','RC-45bf8d4d:16619a606af:-51f3','market.facts.MarketAttribute.name','name',NULL,'is any of the ff.','matches',NULL,NULL,NULL,NULL,NULL,NULL,'[[key:\"M601.70\",value:\"601.70 PER MONTH\"]]',NULL,0),('RCC-45bf8d4d:16619ad7379:-1067','RC-45bf8d4d:16619ad7379:-1068','market.facts.MarketAttribute.name','name',NULL,'is any of the ff.','matches',NULL,NULL,NULL,NULL,NULL,NULL,'[[key:\"M7,640.80\",value:\"7,640.80 PER MONTH\"]]',NULL,0),('RCC-45bf8d4d:16619ad7379:1fb7','RC-45bf8d4d:16619ad7379:1fb6','market.facts.MarketAttribute.name','name',NULL,'is any of the ff.','matches',NULL,NULL,NULL,NULL,NULL,NULL,'[[key:\"M7,740.00\",value:\"7,740.00 PER MONTH\"]]',NULL,0),('RCC-45bf8d4d:16619ad7379:2fba','RC-45bf8d4d:16619ad7379:2fb9','market.facts.MarketAttribute.name','name',NULL,'is any of the ff.','matches',NULL,NULL,NULL,NULL,NULL,NULL,'[[key:\"M702.18\",value:\"702.18 PER MONTH\"]]',NULL,0),('RCC-45bf8d4d:16619ad7379:3b9c','RC-45bf8d4d:16619ad7379:3b9b','market.facts.MarketAttribute.name','name',NULL,'is any of the ff.','matches',NULL,NULL,NULL,NULL,NULL,NULL,'[[key:\"M718.30\",value:\"718.30 PER MONTH\"]]',NULL,0),('RCC-45bf8d4d:16619ad7379:4165','RC-45bf8d4d:16619ad7379:4164','market.facts.MarketAttribute.name','name',NULL,'is any of the ff.','matches',NULL,NULL,NULL,NULL,NULL,NULL,'[[key:\"M722.00\",value:\"722.00 PER MONTH\"]]',NULL,0),('RCC-45bf8d4d:16619ad7379:4580','RC-45bf8d4d:16619ad7379:457f','market.facts.MarketAttribute.name','name',NULL,'is any of the ff.','matches',NULL,NULL,NULL,NULL,NULL,NULL,'[[key:\"M722.05\",value:\"722.05 PER MONTH\"]]',NULL,0),('RCC-45bf8d4d:16619ad7379:4df1','RC-45bf8d4d:16619ad7379:4df0','market.facts.MarketAttribute.name','name',NULL,'is any of the ff.','matches',NULL,NULL,NULL,NULL,NULL,NULL,'[[key:\"M769.50\",value:\"769.50 PER MONTH\"]]',NULL,0),('RCC-45bf8d4d:16619ad7379:5334','RC-45bf8d4d:16619ad7379:5333','market.facts.MarketAttribute.name','name',NULL,'is any of the ff.','matches',NULL,NULL,NULL,NULL,NULL,NULL,'[[key:\"M769.52\",value:\"769.52 PER MONTH\"]]',NULL,0),('RCC-45bf8d4d:16619ad7379:5858','RC-45bf8d4d:16619ad7379:5857','market.facts.MarketAttribute.name','name',NULL,'is any of the ff.','matches',NULL,NULL,NULL,NULL,NULL,NULL,'[[key:\"M769.55\",value:\"769.55 PER MONTH\"]]',NULL,0),('RCC-45bf8d4d:16619ad7379:5fde','RC-45bf8d4d:16619ad7379:5fdd','market.facts.MarketAttribute.name','name',NULL,'is any of the ff.','matches',NULL,NULL,NULL,NULL,NULL,NULL,'[[key:\"M769.58\",value:\"769.58 PER MONTH\"]]',NULL,0),('RCC-45bf8d4d:16619ad7379:6a14','RC-45bf8d4d:16619ad7379:6a13','market.facts.MarketAttribute.name','name',NULL,'is any of the ff.','matches',NULL,NULL,NULL,NULL,NULL,NULL,'[[key:\"M796.50\",value:\"796.50 PER MONTH\"]]',NULL,0),('RCC-45bf8d4d:16619bafec8:-2e2f','RC-45bf8d4d:16619bafec8:-2e30','market.facts.MarketAttribute.name','name',NULL,'is any of the ff.','matches',NULL,NULL,NULL,NULL,NULL,NULL,'[[key:\"M923.85\",value:\"923.85 PER MONTH\"]]',NULL,0),('RCC-45bf8d4d:16619bafec8:-3a38','RC-45bf8d4d:16619bafec8:-3a39','market.facts.MarketAttribute.name','name',NULL,'is any of the ff.','matches',NULL,NULL,NULL,NULL,NULL,NULL,'[[key:\"M906.40\",value:\"906.40 PER MONTH\"]]',NULL,0),('RCC-45bf8d4d:16619bafec8:-4442','RC-45bf8d4d:16619bafec8:-4443','market.facts.MarketAttribute.name','name',NULL,'is any of the ff.','matches',NULL,NULL,NULL,NULL,NULL,NULL,'[[key:\"M9,626.40\",value:\"9,626.40 PER MONTH\"]]',NULL,0),('RCC-45bf8d4d:16619bafec8:-4eb2','RC-45bf8d4d:16619bafec8:-4eb3','market.facts.MarketAttribute.name','name',NULL,'is any of the ff.','matches',NULL,NULL,NULL,NULL,NULL,NULL,'[[key:\"M9,560.90\",value:\"9,560.90 PER MONTH\"]]',NULL,0),('RCC-45bf8d4d:16619bafec8:-598e','RC-45bf8d4d:16619bafec8:-598f','market.facts.MarketAttribute.name','name',NULL,'is any of the ff.','matches',NULL,NULL,NULL,NULL,NULL,NULL,'[[key:\"M899.85\",value:\"899.85 PER MONTH\"]]',NULL,0),('RCC-45bf8d4d:16619bafec8:-666a','RC-45bf8d4d:16619bafec8:-666b','market.facts.MarketAttribute.name','name',NULL,'is any of the ff.','matches',NULL,NULL,NULL,NULL,NULL,NULL,'[[key:\"M805.20\",value:\"805.20 PER MONTH\"]]',NULL,0),('RCC-45bf8d4d:16619bafec8:-6fed','RC-45bf8d4d:16619bafec8:-6fee','market.facts.MarketAttribute.name','name',NULL,'is any of the ff.','matches',NULL,NULL,NULL,NULL,NULL,NULL,'[[key:\"M804.05\",value:\"804.05 PER MONTH\"]]',NULL,0),('RCC-45bf8d4d:16619bafec8:-7f51','RC-45bf8d4d:16619bafec8:-7f53','market.facts.MarketAttribute.name','name',NULL,'is any of the ff.','matches',NULL,NULL,NULL,NULL,NULL,NULL,'[[key:\"M8,431.70\",value:\"8,431.70 PER MONTH\"]]',NULL,0),('RCC-45bf8d4d:1661a0ada12:-470e','RC-45bf8d4d:1661a0ada12:-470f','treasury.facts.Payment.amount','amount','AMT',NULL,NULL,NULL,NULL,NULL,NULL,NULL,NULL,NULL,NULL,0),('RCC-45bf8d4d:1661f300b1a:-2ed0','RC-45bf8d4d:1661f300b1a:-2ed1','market.facts.MarketAttribute.name','name',NULL,'is any of the ff.','matches',NULL,NULL,NULL,NULL,NULL,NULL,'[[key:\"M923.73\",value:\"923.73 PER MONTH\"]]',NULL,0),('RCC-45bf8d4d:1661f300b1a:-2ed2','RC-45bf8d4d:1661f300b1a:-2ed3','treasury.facts.YearEntry.year','year','YR',NULL,NULL,NULL,NULL,NULL,NULL,NULL,NULL,NULL,NULL,0),('RCC-45bf8d4d:1661f300b1a:-2faf','RC-45bf8d4d:1661f300b1a:-2fb0','treasury.facts.YearEntry.year','year','YR',NULL,NULL,NULL,NULL,NULL,NULL,NULL,NULL,NULL,NULL,0),('RCC-45bf8d4d:1661f300b1a:-2fb1','RC-45bf8d4d:1661f300b1a:-2fb2','market.facts.MarketAttribute.name','name',NULL,'is any of the ff.','matches',NULL,NULL,NULL,NULL,NULL,NULL,'[[key:\"M923.95\",value:\"923.95 PER MONTH\"]]',NULL,0),('RCC-45bf8d4d:1661f300b1a:-30a9','RC-45bf8d4d:1661f300b1a:-30aa','market.facts.MarketAttribute.name','name',NULL,'is any of the ff.','matches',NULL,NULL,NULL,NULL,NULL,NULL,'[[key:\"D128.10\",value:\"D128.10 PER DAY\"]]',NULL,0),('RCC-45bf8d4d:1661f300b1a:-30ab','RC-45bf8d4d:1661f300b1a:-30ac','treasury.facts.YearEntry.year','year','YR',NULL,NULL,NULL,NULL,NULL,NULL,NULL,NULL,NULL,NULL,0),('RCC-45bf8d4d:1661f300b1a:-30df','RC-45bf8d4d:1661f300b1a:-30e0','treasury.facts.YearEntry.year','year','YR',NULL,NULL,NULL,NULL,NULL,NULL,NULL,NULL,NULL,NULL,0),('RCC-45bf8d4d:1661f300b1a:-30e1','RC-45bf8d4d:1661f300b1a:-30e2','market.facts.MarketAttribute.name','name',NULL,'is any of the ff.','matches',NULL,NULL,NULL,NULL,NULL,NULL,'[[key:\"M1,094.80\",value:\"1,094.80 PER MONTH\"]]',NULL,0),('RCC-45bf8d4d:1661f300b1a:-30f8','RC-45bf8d4d:1661f300b1a:-30f9','treasury.facts.YearEntry.year','year','YR',NULL,NULL,NULL,NULL,NULL,NULL,NULL,NULL,NULL,NULL,0),('RCC-45bf8d4d:1661f300b1a:-30fa','RC-45bf8d4d:1661f300b1a:-30fb','market.facts.MarketAttribute.name','name',NULL,'is any of the ff.','matches',NULL,NULL,NULL,NULL,NULL,NULL,'[[key:\"D122.00\",value:\"122.00 PER DAY\"]]',NULL,0),('RCC-45bf8d4d:1661f300b1a:-319f','RC-45bf8d4d:1661f300b1a:-31a0','treasury.facts.YearEntry.year','year','YR',NULL,NULL,NULL,NULL,NULL,NULL,NULL,NULL,NULL,NULL,0),('RCC-45bf8d4d:1661f300b1a:-31a1','RC-45bf8d4d:1661f300b1a:-31a2','market.facts.MarketAttribute.name','name',NULL,'is any of the ff.','matches',NULL,NULL,NULL,NULL,NULL,NULL,'[[key:\"M769.15\",value:\"769.15 PER MONTH\"]]',NULL,0),('RCC-45bf8d4d:1661f300b1a:-36ca','RC-45bf8d4d:1661f300b1a:-36cb','treasury.facts.YearEntry.year','year','YR',NULL,NULL,NULL,NULL,NULL,NULL,NULL,NULL,NULL,NULL,0),('RCC-45bf8d4d:1661f300b1a:-36cc','RC-45bf8d4d:1661f300b1a:-36cd','market.facts.MarketAttribute.name','name',NULL,'is any of the ff.','matches',NULL,NULL,NULL,NULL,NULL,NULL,'[[key:\"M1,098.80\",value:\"M1,098.80\"]]',NULL,0),('RCC-45bf8d4d:1661f300b1a:-3921','RC-45bf8d4d:1661f300b1a:-3922','market.facts.MarketAttribute.name','name',NULL,'is any of the ff.','matches',NULL,NULL,NULL,NULL,NULL,NULL,'[[key:\"M1,095.20\",value:\"1,095.20 PER MONTH\"]]',NULL,0),('RCC-45bf8d4d:1661f300b1a:-3923','RC-45bf8d4d:1661f300b1a:-3924','treasury.facts.YearEntry.year','year','YR',NULL,NULL,NULL,NULL,NULL,NULL,NULL,NULL,NULL,NULL,0),('RCC-45bf8d4d:1662eada1ef:-1cd0','RC-45bf8d4d:1662eada1ef:-1cd1','treasury.facts.YearEntry.year','year','YR',NULL,NULL,NULL,NULL,NULL,NULL,NULL,NULL,NULL,NULL,0),('RCC-45bf8d4d:1662eada1ef:-1cd2','RC-45bf8d4d:1662eada1ef:-1cd3','market.facts.MarketAttribute.name','name',NULL,'is any of the ff.','matches',NULL,NULL,NULL,NULL,NULL,NULL,'[[key:\"M2,700\",value:\"2,700 PER MONTH\"],[key:\"M2,700.00\",value:\"M2,700.00 PER MONTH\"]]',NULL,0),('RCC-45bf8d4d:1662eada1ef:792a','RC-45bf8d4d:1662eada1ef:7929','treasury.facts.YearEntry.year','year','YR',NULL,NULL,NULL,NULL,NULL,NULL,NULL,NULL,NULL,NULL,0),('RCC-45bf8d4d:1662eada1ef:792c','RC-45bf8d4d:1662eada1ef:792b','market.facts.MarketAttribute.name','name',NULL,'is any of the ff.','matches',NULL,NULL,NULL,NULL,NULL,NULL,'[[key:\"M1,089.00\",value:\"1,089.00 PER MONTH\"]]',NULL,0),('RCC-45bf8d4d:16637a3dfa1:-2745','RC-45bf8d4d:16637a3dfa1:-2746','market.facts.MarketAttribute.name','name',NULL,'is any of the ff.','matches',NULL,NULL,NULL,NULL,NULL,NULL,'[[key:\"D0.00\",value:\"0.00 PER DAY\"]]',NULL,0),('RCC-45bf8d4d:16637a3dfa1:-2747','RC-45bf8d4d:16637a3dfa1:-2748','treasury.facts.YearEntry.year','year','YR',NULL,NULL,NULL,NULL,NULL,NULL,NULL,NULL,NULL,NULL,0),('RCC-45bf8d4d:16637a3dfa1:-44a4','RC-45bf8d4d:16637a3dfa1:-44a5','treasury.facts.YearEntry.year','year','YR',NULL,NULL,NULL,NULL,NULL,NULL,NULL,NULL,NULL,NULL,0),('RCC-45bf8d4d:16637a3dfa1:-44a6','RC-45bf8d4d:16637a3dfa1:-44a7','market.facts.MarketAttribute.name','name',NULL,'is any of the ff.','matches',NULL,NULL,NULL,NULL,NULL,NULL,'[[key:\"D30.25\",value:\"D30.25 PER DAY\"]]',NULL,0),('RCC-68088a4f:168615331b9:59e7','RC-68088a4f:168615331b9:59e6','treasury.facts.YearEntry.year','year','YR',NULL,NULL,NULL,NULL,NULL,NULL,NULL,NULL,NULL,NULL,0),('RCC-68088a4f:168615331b9:59e9','RC-68088a4f:168615331b9:59e8','market.facts.MarketAttribute.name','name',NULL,'is any of the ff.','matches',NULL,NULL,NULL,NULL,NULL,NULL,'[[key:\"M487.00\",value:\"M487.00 PER MONTH\"]]',NULL,0),('RCC-68088a4f:168615331b9:5aa3','RC-68088a4f:168615331b9:5aa2','treasury.facts.YearEntry.year','year','YR',NULL,NULL,NULL,NULL,NULL,NULL,NULL,NULL,NULL,NULL,0),('RCC-68088a4f:168615331b9:5aa5','RC-68088a4f:168615331b9:5aa4','market.facts.MarketAttribute.name','name',NULL,'is any of the ff.','matches',NULL,NULL,NULL,NULL,NULL,NULL,'[[key:\"M315.00\",value:\"M315.00 PER MONTH\"]]',NULL,0),('RCC-68088a4f:168615331b9:5b37','RC-68088a4f:168615331b9:5b36','treasury.facts.YearEntry.year','year','YR',NULL,NULL,NULL,NULL,NULL,NULL,NULL,NULL,NULL,NULL,0),('RCC-68088a4f:168615331b9:5b39','RC-68088a4f:168615331b9:5b38','market.facts.MarketAttribute.name','name',NULL,'is any of the ff.','matches',NULL,NULL,NULL,NULL,NULL,NULL,'[[key:\"M333.27\",value:\"M333.27 PER MONTH\"]]',NULL,0),('RCC-68088a4f:168615331b9:5ba3','RC-68088a4f:168615331b9:5ba2','treasury.facts.YearEntry.year','year','YR',NULL,NULL,NULL,NULL,NULL,NULL,NULL,NULL,NULL,NULL,0),('RCC-68088a4f:168615331b9:5ba5','RC-68088a4f:168615331b9:5ba4','market.facts.MarketAttribute.name','name',NULL,'is any of the ff.','matches',NULL,NULL,NULL,NULL,NULL,NULL,'[[key:\"M499.90\",value:\"M499.90 PER MONTH\"]]',NULL,0),('RCC-68088a4f:168615331b9:5dae','RC-68088a4f:168615331b9:5dad','treasury.facts.YearEntry.year','year','YR',NULL,NULL,NULL,NULL,NULL,NULL,NULL,NULL,NULL,NULL,0),('RCC-68088a4f:168615331b9:5db0','RC-68088a4f:168615331b9:5daf','market.facts.MarketAttribute.name','name',NULL,'is any of the ff.','matches',NULL,NULL,NULL,NULL,NULL,NULL,'[[key:\"M434.70\",value:\"M434.70 PER MONTH\"]]',NULL,0),('RCC-68088a4f:168615331b9:5df2','RC-68088a4f:168615331b9:5df1','treasury.facts.YearEntry.year','year','YR',NULL,NULL,NULL,NULL,NULL,NULL,NULL,NULL,NULL,NULL,0),('RCC-68088a4f:168615331b9:5df4','RC-68088a4f:168615331b9:5df3','market.facts.MarketAttribute.name','name',NULL,'is any of the ff.','matches',NULL,NULL,NULL,NULL,NULL,NULL,'[[key:\"M391.00\",value:\"M391.00 PER MONTH\"]]',NULL,0),('RCC-68088a4f:168699d94b3:-48a8','RC-68088a4f:168699d94b3:-48a9','market.facts.MarketAttribute.name','name',NULL,'is any of the ff.','matches',NULL,NULL,NULL,NULL,NULL,NULL,'[[key:\"M378.00\",value:\"M378.00 PER MONTH\"]]',NULL,0),('RCC-68088a4f:168699d94b3:-48aa','RC-68088a4f:168699d94b3:-48ab','treasury.facts.YearEntry.year','year','YR',NULL,NULL,NULL,NULL,NULL,NULL,NULL,NULL,NULL,NULL,0),('RCC-68088a4f:16873bf4c0d:-1aca','RC-68088a4f:16873bf4c0d:-1acb','market.facts.MarketAttribute.name','name',NULL,'is any of the ff.','matches',NULL,NULL,NULL,NULL,NULL,NULL,'[[key:\"M2,000.00\",value:\"M2,000.00 PER MONTH\"]]',NULL,0),('RCC-68088a4f:16873bf4c0d:-1acc','RC-68088a4f:16873bf4c0d:-1acd','treasury.facts.YearEntry.year','year','YR',NULL,NULL,NULL,NULL,NULL,NULL,NULL,NULL,NULL,NULL,0),('RCC-68088a4f:168829f31ef:64e6','RC-68088a4f:168829f31ef:64e5','market.facts.MarketAttribute.name','name',NULL,'is any of the ff.','matches',NULL,NULL,NULL,NULL,NULL,NULL,'[[key:\"M562.50\",value:\"M562.50\"]]',NULL,0),('RCC-68088a4f:168829f31ef:64e8','RC-68088a4f:168829f31ef:64e7','treasury.facts.YearEntry.year','year','YR',NULL,NULL,NULL,NULL,NULL,NULL,NULL,NULL,NULL,NULL,0),('RCC-68088a4f:16883a82b85:-4fb0','RC-68088a4f:16883a82b85:-4fb1','treasury.facts.YearEntry.year','year','YR',NULL,NULL,NULL,NULL,NULL,NULL,NULL,NULL,NULL,NULL,0),('RCC-68088a4f:16883a82b85:-4fb2','RC-68088a4f:16883a82b85:-4fb3','market.facts.MarketAttribute.name','name',NULL,'is any of the ff.','matches',NULL,NULL,NULL,NULL,NULL,NULL,'[[key:\"M1500.00\",value:\"M1500.00\"]]',NULL,0),('RCC-68088a4f:16892319780:3705','RC-68088a4f:16892319780:3704','treasury.facts.YearEntry.year','year','YR',NULL,NULL,NULL,NULL,NULL,NULL,NULL,NULL,NULL,NULL,0),('RCC-68088a4f:16892319780:3707','RC-68088a4f:16892319780:3706','market.facts.MarketAttribute.name','name',NULL,'is any of the ff.','matches',NULL,NULL,NULL,NULL,NULL,NULL,'[[key:\"M5,667.25\",value:\"5,667.25 PER MONTH\"]]',NULL,0),('RCC-68088a4f:1689370e5d2:7257','RC-68088a4f:1689370e5d2:7256','market.facts.MarketAttribute.name','name',NULL,'is any of the ff.','matches',NULL,NULL,NULL,NULL,NULL,NULL,'[[key:\"M22,050.00\",value:\"M22,050.00 MONTHLY\"]]',NULL,0),('RCC-68088a4f:1689370e5d2:7259','RC-68088a4f:1689370e5d2:7258','treasury.facts.YearEntry.year','year','YR',NULL,NULL,NULL,NULL,NULL,NULL,NULL,NULL,NULL,NULL,0),('RCC-68088a4f:1689d090d21:-580c','RC-68088a4f:1689d090d21:-580d','treasury.facts.YearEntry.year','year','YR',NULL,NULL,NULL,NULL,NULL,NULL,NULL,NULL,NULL,NULL,0),('RCC-68088a4f:1689d090d21:-580e','RC-68088a4f:1689d090d21:-580f','market.facts.MarketAttribute.name','name',NULL,'is any of the ff.','matches',NULL,NULL,NULL,NULL,NULL,NULL,'[[key:\"D40.00\",value:\"D40.00 PER DAY\"]]',NULL,0),('RCC-7d13fa84:16811761f9d:-2c2a','RC-7d13fa84:16811761f9d:-2c2b','treasury.facts.YearEntry.year','year','YR',NULL,NULL,NULL,NULL,NULL,NULL,NULL,NULL,NULL,NULL,0),('RCC-7d13fa84:16811761f9d:-2c2c','RC-7d13fa84:16811761f9d:-2c2d','market.facts.MarketAttribute.name','name',NULL,'is any of the ff.','matches',NULL,NULL,NULL,NULL,NULL,NULL,'[[key:\"D16.00\",value:\"D16.00 PER DAY\"]]',NULL,0),('RCC-7d13fa84:16811761f9d:-2d0c','RC-7d13fa84:16811761f9d:-2d0d','market.facts.MarketAttribute.name','name',NULL,'is any of the ff.','matches',NULL,NULL,NULL,NULL,NULL,NULL,'[[key:\"D22.70\",value:\"D22.70 PER DAY\"]]',NULL,0),('RCC-7d13fa84:16811761f9d:-2d0e','RC-7d13fa84:16811761f9d:-2d0f','treasury.facts.YearEntry.year','year','YR',NULL,NULL,NULL,NULL,NULL,NULL,NULL,NULL,NULL,NULL,0),('RCC-7d13fa84:16811761f9d:-2e74','RC-7d13fa84:16811761f9d:-2e75','treasury.facts.YearEntry.year','year','YR',NULL,NULL,NULL,NULL,NULL,NULL,NULL,NULL,NULL,NULL,0),('RCC-7d13fa84:16811761f9d:-2e76','RC-7d13fa84:16811761f9d:-2e77','market.facts.MarketAttribute.name','name',NULL,'is any of the ff.','matches',NULL,NULL,NULL,NULL,NULL,NULL,'[[key:\"D23.50\",value:\"D23.50 PER DAY\"]]',NULL,0),('RCC-7d13fa84:16811761f9d:-3016','RC-7d13fa84:16811761f9d:-3017','market.facts.MarketAttribute.name','name',NULL,'is any of the ff.','matches',NULL,NULL,NULL,NULL,NULL,NULL,'[[key:\"D28.00\",value:\"D28.00 PER DAY\"]]',NULL,0),('RCC-7d13fa84:16811761f9d:-3018','RC-7d13fa84:16811761f9d:-3019','treasury.facts.YearEntry.year','year','YR',NULL,NULL,NULL,NULL,NULL,NULL,NULL,NULL,NULL,NULL,0),('RCC-7d13fa84:16811761f9d:-3181','RC-7d13fa84:16811761f9d:-3182','treasury.facts.YearEntry.year','year','YR',NULL,NULL,NULL,NULL,NULL,NULL,NULL,NULL,NULL,NULL,0),('RCC-7d13fa84:16811761f9d:-3183','RC-7d13fa84:16811761f9d:-3184','market.facts.MarketAttribute.name','name',NULL,'is any of the ff.','matches',NULL,NULL,NULL,NULL,NULL,NULL,'[[key:\"D20.00\",value:\"D20.00 PER DAY\"]]',NULL,0),('RCC-7d13fa84:16811761f9d:-3b4f','RC-7d13fa84:16811761f9d:-3b50','market.facts.MarketAttribute.name','name',NULL,'is any of the ff.','matches',NULL,NULL,NULL,NULL,NULL,NULL,'[[key:\"D19.30\",value:\"D19.30 PER DAY\"]]',NULL,0),('RCC-7d13fa84:16811761f9d:-3b51','RC-7d13fa84:16811761f9d:-3b52','treasury.facts.YearEntry.year','year','YR',NULL,NULL,NULL,NULL,NULL,NULL,NULL,NULL,NULL,NULL,0),('RCC-7d13fa84:16811761f9d:-3c5d','RC-7d13fa84:16811761f9d:-3c5e','market.facts.MarketAttribute.name','name',NULL,'is any of the ff.','matches',NULL,NULL,NULL,NULL,NULL,NULL,'[[key:\"D15.10\",value:\"D15.10 PER DAY\"]]',NULL,0),('RCC-7d13fa84:16811761f9d:-3c5f','RC-7d13fa84:16811761f9d:-3c60','treasury.facts.YearEntry.year','year','YR',NULL,NULL,NULL,NULL,NULL,NULL,NULL,NULL,NULL,NULL,0),('RCC-7d13fa84:16811761f9d:-3f77','RC-7d13fa84:16811761f9d:-3f78','market.facts.MarketAttribute.name','name',NULL,'is any of the ff.','matches',NULL,NULL,NULL,NULL,NULL,NULL,'[[key:\"D17.65\",value:\"D17.65 PER DAY\"]]',NULL,0),('RCC-7d13fa84:16811761f9d:-3f79','RC-7d13fa84:16811761f9d:-3f7a','treasury.facts.YearEntry.year','year','YR',NULL,NULL,NULL,NULL,NULL,NULL,NULL,NULL,NULL,NULL,0),('RCC-7d13fa84:16811761f9d:-41cc','RC-7d13fa84:16811761f9d:-41cd','treasury.facts.YearEntry.year','year','YR',NULL,NULL,NULL,NULL,NULL,NULL,NULL,NULL,NULL,NULL,0),('RCC-7d13fa84:16811761f9d:-41ce','RC-7d13fa84:16811761f9d:-41cf','market.facts.MarketAttribute.name','name',NULL,'is any of the ff.','matches',NULL,NULL,NULL,NULL,NULL,NULL,'[[key:\"D10.10\",value:\"D10.10 PER DAY\"]]',NULL,0),('RCC-7d13fa84:16811761f9d:-4668','RC-7d13fa84:16811761f9d:-4669','market.facts.MarketAttribute.name','name',NULL,'is any of the ff.','matches',NULL,NULL,NULL,NULL,NULL,NULL,'[[key:\"M2300.00\",value:\"M2300.00 MONTHLY\"]]',NULL,0),('RCC-7d13fa84:16811761f9d:-466a','RC-7d13fa84:16811761f9d:-466b','treasury.facts.YearEntry.year','year','YR',NULL,NULL,NULL,NULL,NULL,NULL,NULL,NULL,NULL,NULL,0),('RCC-7d13fa84:16811761f9d:-478d','RC-7d13fa84:16811761f9d:-478e','treasury.facts.YearEntry.year','year','YR',NULL,NULL,NULL,NULL,NULL,NULL,NULL,NULL,NULL,NULL,0),('RCC-7d13fa84:16811761f9d:-478f','RC-7d13fa84:16811761f9d:-4790','market.facts.MarketAttribute.name','name',NULL,'is any of the ff.','matches',NULL,NULL,NULL,NULL,NULL,NULL,'[[key:\"D33.75\",value:\"D33.75 PER DAY\"]]',NULL,0),('RCC-7d13fa84:16811761f9d:-48eb','RC-7d13fa84:16811761f9d:-48ec','market.facts.MarketAttribute.name','name',NULL,'is any of the ff.','matches',NULL,NULL,NULL,NULL,NULL,NULL,'[[key:\"M1332.00\",value:\"M1332.00 MONTHLY\"]]',NULL,0),('RCC-7d13fa84:16811761f9d:-48ed','RC-7d13fa84:16811761f9d:-48ee','treasury.facts.YearEntry.year','year','YR',NULL,NULL,NULL,NULL,NULL,NULL,NULL,NULL,NULL,NULL,0),('RCC-7d13fa84:16811761f9d:-49e9','RC-7d13fa84:16811761f9d:-49ea','market.facts.MarketAttribute.name','name',NULL,'is any of the ff.','matches',NULL,NULL,NULL,NULL,NULL,NULL,'[[key:\"M2,500.00\",value:\"M2,500.00 PER MONTH\"],[key:\"M2500.00\",value:\"M2500.00 PER MONTH\"]]',NULL,0),('RCC-7d13fa84:16811761f9d:-49eb','RC-7d13fa84:16811761f9d:-49ec','treasury.facts.YearEntry.year','year','YR',NULL,NULL,NULL,NULL,NULL,NULL,NULL,NULL,NULL,NULL,0),('RCC-7d13fa84:16811761f9d:-4b0a','RC-7d13fa84:16811761f9d:-4b0b','market.facts.MarketAttribute.name','name',NULL,'is any of the ff.','matches',NULL,NULL,NULL,NULL,NULL,NULL,'[[key:\"D27.60\",value:\"D27.60 PER DAY\"]]',NULL,0),('RCC-7d13fa84:16811761f9d:-4b0c','RC-7d13fa84:16811761f9d:-4b0d','treasury.facts.YearEntry.year','year','YR',NULL,NULL,NULL,NULL,NULL,NULL,NULL,NULL,NULL,NULL,0),('RCC-7d13fa84:16811761f9d:-5019','RC-7d13fa84:16811761f9d:-501a','treasury.facts.YearEntry.year','year','YR',NULL,NULL,NULL,NULL,NULL,NULL,NULL,NULL,NULL,NULL,0),('RCC-7d13fa84:16811761f9d:-501b','RC-7d13fa84:16811761f9d:-501c','market.facts.MarketAttribute.name','name',NULL,'is any of the ff.','matches',NULL,NULL,NULL,NULL,NULL,NULL,'[[key:\"D31.75\",value:\"D31.75 PER DAY\"]]',NULL,0),('RCC-7d13fa84:16811761f9d:-545f','RC-7d13fa84:16811761f9d:-5460','treasury.facts.YearEntry.year','year','YR',NULL,NULL,NULL,NULL,NULL,NULL,NULL,NULL,NULL,NULL,0),('RCC-7d13fa84:16811761f9d:-5461','RC-7d13fa84:16811761f9d:-5462','market.facts.MarketAttribute.name','name',NULL,'is any of the ff.','matches',NULL,NULL,NULL,NULL,NULL,NULL,'[[key:\"M230.00\",value:\"M230.00 PER MONTH\"]]',NULL,0),('RCC-7d13fa84:16811761f9d:-7070','RC-7d13fa84:16811761f9d:-7071','treasury.facts.YearEntry.year','year','YR',NULL,NULL,NULL,NULL,NULL,NULL,NULL,NULL,NULL,NULL,0),('RCC-7d13fa84:16811761f9d:-7073','RC-7d13fa84:16811761f9d:-7074','market.facts.MarketAttribute.name','name',NULL,'is any of the ff.','matches',NULL,NULL,NULL,NULL,NULL,NULL,'[[key:\"D15.00\",value:\"D15.00 PER DAY\"]]',NULL,0),('RCC-7d13fa84:16811761f9d:-73f7','RC-7d13fa84:16811761f9d:-73f8','market.facts.MarketAttribute.name','name',NULL,'is any of the ff.','matches',NULL,NULL,NULL,NULL,NULL,NULL,'[[key:\"D30.00\",value:\"D30.00 PER DAY\"]]',NULL,0),('RCC-7d13fa84:16811761f9d:-73f9','RC-7d13fa84:16811761f9d:-73fa','treasury.facts.YearEntry.year','year','YR',NULL,NULL,NULL,NULL,NULL,NULL,NULL,NULL,NULL,NULL,0),('RCC-7d13fa84:16811761f9d:-77ea','RC-7d13fa84:16811761f9d:-77eb','market.facts.MarketAttribute.name','name',NULL,'is any of the ff.','matches',NULL,NULL,NULL,NULL,NULL,NULL,'[[key:\"D10.00\",value:\"D10.00 PER DAY\"]]',NULL,0),('RCC-7d13fa84:16811761f9d:-77ec','RC-7d13fa84:16811761f9d:-77ed','treasury.facts.YearEntry.year','year','YR',NULL,NULL,NULL,NULL,NULL,NULL,NULL,NULL,NULL,NULL,0),('RCC108eedca:16d8b76dffd:-7fd9','RC108eedca:16d8b76dffd:-7fda','market.facts.MarketUtilityBillItem.type','type',NULL,'is any of the ff.','matches',NULL,NULL,NULL,NULL,NULL,NULL,'[\"WATER\"]',NULL,0),('RCC1a7c7ce5:16d71a1bdd5:-7fb1','RC1a7c7ce5:16d71a1bdd5:-7fb3','market.facts.MarketBilling.fromdate','fromdate','FROMDATE',NULL,NULL,NULL,NULL,NULL,NULL,NULL,NULL,NULL,NULL,0),('RCC1a7c7ce5:16d71a1bdd5:-7fb2','RC1a7c7ce5:16d71a1bdd5:-7fb3','market.facts.MarketBilling.todate','todate','TODATE',NULL,NULL,NULL,NULL,NULL,NULL,NULL,NULL,NULL,NULL,1),('RCC1a7c7ce5:16d71a1bdd5:-7fb4','RC1a7c7ce5:16d71a1bdd5:-7fb5','market.facts.MarketAccount.paymentmode','paymentmode',NULL,'is any of the ff.','matches',NULL,NULL,NULL,NULL,NULL,NULL,'[\"WEEKLY\"]',NULL,0),('RCC20288499:166804c0832:254d','RC20288499:166804c0832:254c','treasury.facts.YearEntry.year','year','YR',NULL,NULL,NULL,NULL,NULL,NULL,NULL,NULL,NULL,NULL,0),('RCC20288499:166804c0832:254f','RC20288499:166804c0832:254e','market.facts.MarketAttribute.name','name',NULL,'is any of the ff.','matches',NULL,NULL,NULL,NULL,NULL,NULL,'[[key:\"M3,270.00\",value:\"M3,270.00 PER MONTH\"]]',NULL,0),('RCC20288499:166804c0832:29a5','RC20288499:166804c0832:29a4','treasury.facts.YearEntry.year','year','YR',NULL,NULL,NULL,NULL,NULL,NULL,NULL,NULL,NULL,NULL,0),('RCC20288499:166804c0832:29a7','RC20288499:166804c0832:29a6','market.facts.MarketAttribute.name','name',NULL,'is any of the ff.','matches',NULL,NULL,NULL,NULL,NULL,NULL,'[[key:\"M1,618.70\",value:\"1,618.70 PER MONTH\"]]',NULL,0),('RCC20288499:1668dce10cd:3aff','RC20288499:1668dce10cd:3afe','treasury.facts.YearEntry.year','year','YR',NULL,NULL,NULL,NULL,NULL,NULL,NULL,NULL,NULL,NULL,0),('RCC20288499:1668dce10cd:3b01','RC20288499:1668dce10cd:3b00','market.facts.MarketAttribute.name','name',NULL,'is any of the ff.','matches',NULL,NULL,NULL,NULL,NULL,NULL,'[[key:\"M7,640.80\",value:\"7,640.80 PER MONTH\"]]',NULL,0),('RCC20288499:1668dce10cd:3f38','RC20288499:1668dce10cd:3f37','treasury.facts.YearEntry.year','year','YR',NULL,NULL,NULL,NULL,NULL,NULL,NULL,NULL,NULL,NULL,0),('RCC20288499:1668dce10cd:3f3a','RC20288499:1668dce10cd:3f39','market.facts.MarketAttribute.name','name',NULL,'is any of the ff.','matches',NULL,NULL,NULL,NULL,NULL,NULL,'[[key:\"M5,000\",value:\"M5,000 PER MONTH\"]]',NULL,0),('RCC20288499:1669ac4a274:3c34','RC20288499:1669ac4a274:3c33','treasury.facts.YearEntry.year','year','YR',NULL,NULL,NULL,NULL,NULL,NULL,NULL,NULL,NULL,NULL,0),('RCC20288499:1669ac4a274:3c36','RC20288499:1669ac4a274:3c35','market.facts.MarketAttribute.name','name',NULL,'is any of the ff.','matches',NULL,NULL,NULL,NULL,NULL,NULL,'[[key:\"D35.10\",value:\"D35.10 PER DAY\"]]',NULL,0),('RCC20288499:1669ac4a274:4d8a','RC20288499:1669ac4a274:4d89','treasury.facts.YearEntry.year','year','YR',NULL,NULL,NULL,NULL,NULL,NULL,NULL,NULL,NULL,NULL,0),('RCC20288499:1669ac4a274:4d8c','RC20288499:1669ac4a274:4d8b','market.facts.MarketAttribute.name','name',NULL,'is any of the ff.','matches',NULL,NULL,NULL,NULL,NULL,NULL,'[[key:\"M33,952.80\",value:\"33,952.80 PER MONTH\"]]',NULL,0),('RCC20288499:166bde4d1ff:2102','RC20288499:166bde4d1ff:2101','treasury.facts.YearEntry.year','year','YR',NULL,NULL,NULL,NULL,NULL,NULL,NULL,NULL,NULL,NULL,0),('RCC20288499:166bde4d1ff:2104','RC20288499:166bde4d1ff:2103','market.facts.MarketAttribute.name','name',NULL,'is any of the ff.','matches',NULL,NULL,NULL,NULL,NULL,NULL,'[[key:\"D122.00\",value:\"122.00 PER DAY\"]]',NULL,0),('RCC348eccad:16d711b1aca:-7fda','RC348eccad:16d711b1aca:-7fdb','market.facts.MarketAccount.paymentmode','paymentmode',NULL,'is any of the ff.','matches',NULL,NULL,NULL,NULL,NULL,NULL,'[\"MONTHLY\"]',NULL,0),('RCC348eccad:16d711b1aca:-7fdc','RC348eccad:16d711b1aca:-7fde','market.facts.MarketBilling.todate','todate','TODATE',NULL,NULL,NULL,NULL,NULL,NULL,NULL,NULL,NULL,NULL,1),('RCC348eccad:16d711b1aca:-7fdd','RC348eccad:16d711b1aca:-7fde','market.facts.MarketBilling.fromdate','fromdate','FROMDATE',NULL,NULL,NULL,NULL,NULL,NULL,NULL,NULL,NULL,NULL,0),('RCC3a39601c:1697f494436:-3e06','RC3a39601c:1697f494436:-3e07','market.facts.MarketAttribute.name','name',NULL,'is any of the ff.','matches',NULL,NULL,NULL,NULL,NULL,NULL,'[[key:\"M1000.00\",value:\"M1000.00 PER MONTH\"]]',NULL,0),('RCC3a39601c:1697f494436:-3e08','RC3a39601c:1697f494436:-3e09','treasury.facts.YearEntry.year','year','YR',NULL,NULL,NULL,NULL,NULL,NULL,NULL,NULL,NULL,NULL,0),('RCC56d4f84c:16d8a7008d3:-7f97','RC56d4f84c:16d8a7008d3:-7f9a','market.facts.MarketUtilityBillItem.type','type',NULL,'is any of the ff.','matches',NULL,NULL,NULL,NULL,NULL,NULL,'[\"WATER\"]',NULL,0),('RCC56d4f84c:16d8a7008d3:-7f98','RC56d4f84c:16d8a7008d3:-7f9a','market.facts.MarketUtilityBillItem.year','year','YR',NULL,NULL,NULL,NULL,NULL,NULL,NULL,NULL,NULL,NULL,1),('RCC56d4f84c:16d8a7008d3:-7f99','RC56d4f84c:16d8a7008d3:-7f9a','market.facts.MarketUtilityBillItem.month','month','MON',NULL,NULL,NULL,NULL,NULL,NULL,NULL,NULL,NULL,NULL,2),('RCC56d4f84c:16d8a7008d3:-7fa5','RC56d4f84c:16d8a7008d3:-7fa6','market.facts.MarketUtilityBillItem.volume','volume','VOL','greater than','>',NULL,NULL,NULL,NULL,0,NULL,NULL,NULL,0),('RCONST-1ee6075f:16d8936bd7f:-7c97','RCOND-1ee6075f:16d8936bd7f:-7d78','market.facts.MarketRentalBillItem.todate','todate','TODATE',NULL,NULL,NULL,NULL,NULL,NULL,NULL,NULL,NULL,NULL,1),('RCONST-1ee6075f:16d8936bd7f:-7d1a','RCOND-1ee6075f:16d8936bd7f:-7d78','market.facts.MarketRentalBillItem.fromdate','fromdate','FROMDATE',NULL,NULL,NULL,NULL,NULL,NULL,NULL,NULL,NULL,NULL,0),('RCONST-3a94e44c:16d704b3871:-7b55','RCOND-3a94e44c:16d704b3871:-7b7a','market.facts.MarketAccount.paymentmode','paymentmode',NULL,'is any of the ff.','matches',NULL,NULL,NULL,NULL,NULL,NULL,'[\"DAILY\"]',NULL,0),('RCONST-3a94e44c:16d704b3871:-7c36','RCOND-3a94e44c:16d704b3871:-7c7d','market.facts.MarketBilling.todate','todate','TODATE',NULL,NULL,NULL,NULL,NULL,NULL,NULL,NULL,NULL,NULL,1),('RCONST-3a94e44c:16d704b3871:-7c67','RCOND-3a94e44c:16d704b3871:-7c7d','market.facts.MarketBilling.fromdate','fromdate','FROMDATE',NULL,NULL,NULL,NULL,NULL,NULL,NULL,NULL,NULL,NULL,0),('RCONST-43556c05:16d8b772b96:-7d0e','RCOND-43556c05:16d8b772b96:-7d54','market.facts.MarketUtilityBillItem.type','type',NULL,'is any of the ff.','matches',NULL,NULL,NULL,NULL,NULL,NULL,'[\"ELECTRICITY\"]',NULL,0),('RCONST-6363f4cb:16d894d3001:-7b99','RCOND-6363f4cb:16d894d3001:-7bf5','market.facts.MarketUtilityBillItem.volume','volume','VOL','greater than','>',NULL,NULL,NULL,NULL,0,NULL,NULL,NULL,0),('RCONST-680ae160:16d9617f270:-78d8','RCOND-680ae160:16d9617f270:-793c','treasury.facts.MonthBillItem.billcode','billcode','BILLCODE',NULL,NULL,NULL,NULL,NULL,NULL,NULL,NULL,NULL,NULL,0),('RCONST-6a89d374:1661d85cb82:-14fc','RCOND-6a89d374:1661d85cb82:-1506','treasury.facts.YearEntry.year','year','YR',NULL,NULL,NULL,NULL,NULL,NULL,NULL,NULL,NULL,NULL,0),('RCONST-6a89d374:1661d85cb82:-15f6','RCOND-6a89d374:1661d85cb82:-1600','treasury.facts.YearEntry.year','year','YR',NULL,NULL,NULL,NULL,NULL,NULL,NULL,NULL,NULL,NULL,0),('RCONST-6a89d374:1661d85cb82:-1686','RCOND-6a89d374:1661d85cb82:-1690','treasury.facts.YearEntry.year','year','YR',NULL,NULL,NULL,NULL,NULL,NULL,NULL,NULL,NULL,NULL,0),('RCONST-6a89d374:1661d85cb82:-1716','RCOND-6a89d374:1661d85cb82:-1721','treasury.facts.YearEntry.year','year','YR',NULL,NULL,NULL,NULL,NULL,NULL,NULL,NULL,NULL,NULL,0),('RCONST-6a89d374:1661d85cb82:-17a7','RCOND-6a89d374:1661d85cb82:-17b1','treasury.facts.YearEntry.year','year','YR',NULL,NULL,NULL,NULL,NULL,NULL,NULL,NULL,NULL,NULL,0),('RCONST-6a89d374:1661d85cb82:-1837','RCOND-6a89d374:1661d85cb82:-1841','treasury.facts.YearEntry.year','year','YR',NULL,NULL,NULL,NULL,NULL,NULL,NULL,NULL,NULL,NULL,0),('RCONST-6a89d374:1661d85cb82:-18c7','RCOND-6a89d374:1661d85cb82:-18d1','treasury.facts.YearEntry.year','year','YR',NULL,NULL,NULL,NULL,NULL,NULL,NULL,NULL,NULL,NULL,0),('RCONST-6a89d374:1661d85cb82:-1957','RCOND-6a89d374:1661d85cb82:-1961','treasury.facts.YearEntry.year','year','YR',NULL,NULL,NULL,NULL,NULL,NULL,NULL,NULL,NULL,NULL,0),('RCONST-6a89d374:1661d85cb82:-19e7','RCOND-6a89d374:1661d85cb82:-19f1','treasury.facts.YearEntry.year','year','YR',NULL,NULL,NULL,NULL,NULL,NULL,NULL,NULL,NULL,NULL,0),('RCONST-6a89d374:1661d85cb82:-1a77','RCOND-6a89d374:1661d85cb82:-1a82','treasury.facts.YearEntry.year','year','YR',NULL,NULL,NULL,NULL,NULL,NULL,NULL,NULL,NULL,NULL,0),('RCONST-6a89d374:1661d85cb82:-1b0e','RCOND-6a89d374:1661d85cb82:-1b18','treasury.facts.YearEntry.year','year','YR',NULL,NULL,NULL,NULL,NULL,NULL,NULL,NULL,NULL,NULL,0),('RCONST-6a89d374:1661d85cb82:-1ba4','RCOND-6a89d374:1661d85cb82:-1bae','treasury.facts.YearEntry.year','year','YR',NULL,NULL,NULL,NULL,NULL,NULL,NULL,NULL,NULL,NULL,0),('RCONST-6a89d374:1661d85cb82:-1c34','RCOND-6a89d374:1661d85cb82:-1c3e','treasury.facts.YearEntry.year','year','YR',NULL,NULL,NULL,NULL,NULL,NULL,NULL,NULL,NULL,NULL,0),('RCONST-6a89d374:1661d85cb82:-1cca','RCOND-6a89d374:1661d85cb82:-1cd4','treasury.facts.YearEntry.year','year','YR',NULL,NULL,NULL,NULL,NULL,NULL,NULL,NULL,NULL,NULL,0),('RCONST-6a89d374:1661d85cb82:-1d5a','RCOND-6a89d374:1661d85cb82:-1d64','treasury.facts.YearEntry.year','year','YR',NULL,NULL,NULL,NULL,NULL,NULL,NULL,NULL,NULL,NULL,0),('RCONST-6a89d374:1661d85cb82:-1df0','RCOND-6a89d374:1661d85cb82:-1dfa','treasury.facts.YearEntry.year','year','YR',NULL,NULL,NULL,NULL,NULL,NULL,NULL,NULL,NULL,NULL,0),('RCONST-6a89d374:1661d85cb82:-1e86','RCOND-6a89d374:1661d85cb82:-1e90','treasury.facts.YearEntry.year','year','YR',NULL,NULL,NULL,NULL,NULL,NULL,NULL,NULL,NULL,NULL,0),('RCONST-6a89d374:1661d85cb82:-1f16','RCOND-6a89d374:1661d85cb82:-1f20','treasury.facts.YearEntry.year','year','YR',NULL,NULL,NULL,NULL,NULL,NULL,NULL,NULL,NULL,NULL,0),('RCONST-6a89d374:1661d85cb82:-1fd5','RCOND-6a89d374:1661d85cb82:-1fdf','treasury.facts.YearEntry.year','year','YR',NULL,NULL,NULL,NULL,NULL,NULL,NULL,NULL,NULL,NULL,0),('RCONST-6a89d374:1661d85cb82:-2065','RCOND-6a89d374:1661d85cb82:-206f','treasury.facts.YearEntry.year','year','YR',NULL,NULL,NULL,NULL,NULL,NULL,NULL,NULL,NULL,NULL,0),('RCONST-6a89d374:1661d85cb82:-20f5','RCOND-6a89d374:1661d85cb82:-20ff','treasury.facts.YearEntry.year','year','YR',NULL,NULL,NULL,NULL,NULL,NULL,NULL,NULL,NULL,NULL,0),('RCONST-6a89d374:1661d85cb82:-2185','RCOND-6a89d374:1661d85cb82:-218f','treasury.facts.YearEntry.year','year','YR',NULL,NULL,NULL,NULL,NULL,NULL,NULL,NULL,NULL,NULL,0),('RCONST-6a89d374:1661d85cb82:-221b','RCOND-6a89d374:1661d85cb82:-2226','treasury.facts.YearEntry.year','year','YR',NULL,NULL,NULL,NULL,NULL,NULL,NULL,NULL,NULL,NULL,0),('RCONST-6a89d374:1661d85cb82:-22b2','RCOND-6a89d374:1661d85cb82:-22bd','treasury.facts.YearEntry.year','year','YR',NULL,NULL,NULL,NULL,NULL,NULL,NULL,NULL,NULL,NULL,0),('RCONST-6a89d374:1661d85cb82:-2375','RCOND-6a89d374:1661d85cb82:-237f','treasury.facts.YearEntry.year','year','YR',NULL,NULL,NULL,NULL,NULL,NULL,NULL,NULL,NULL,NULL,0),('RCONST-6a89d374:1661d85cb82:-2405','RCOND-6a89d374:1661d85cb82:-240f','treasury.facts.YearEntry.year','year','YR',NULL,NULL,NULL,NULL,NULL,NULL,NULL,NULL,NULL,NULL,0),('RCONST-6a89d374:1661d85cb82:-24bb','RCOND-6a89d374:1661d85cb82:-24c5','treasury.facts.YearEntry.year','year','YR',NULL,NULL,NULL,NULL,NULL,NULL,NULL,NULL,NULL,NULL,0),('RCONST-6a89d374:1661d85cb82:-254b','RCOND-6a89d374:1661d85cb82:-2555','treasury.facts.YearEntry.year','year','YR',NULL,NULL,NULL,NULL,NULL,NULL,NULL,NULL,NULL,NULL,0),('RCONST-6a89d374:1661d85cb82:-25db','RCOND-6a89d374:1661d85cb82:-25e5','treasury.facts.YearEntry.year','year','YR',NULL,NULL,NULL,NULL,NULL,NULL,NULL,NULL,NULL,NULL,0),('RCONST-6a89d374:1661d85cb82:-26ad','RCOND-6a89d374:1661d85cb82:-26b7','treasury.facts.YearEntry.year','year','YR',NULL,NULL,NULL,NULL,NULL,NULL,NULL,NULL,NULL,NULL,0),('RCONST-6a89d374:1661d85cb82:-273b','RCOND-6a89d374:1661d85cb82:-2745','treasury.facts.YearEntry.year','year','YR',NULL,NULL,NULL,NULL,NULL,NULL,NULL,NULL,NULL,NULL,0),('RCONST-6a89d374:1661d85cb82:-27c9','RCOND-6a89d374:1661d85cb82:-27d4','treasury.facts.YearEntry.year','year','YR',NULL,NULL,NULL,NULL,NULL,NULL,NULL,NULL,NULL,NULL,0),('RCONST-6a89d374:1661d85cb82:-2858','RCOND-6a89d374:1661d85cb82:-2863','treasury.facts.YearEntry.year','year','YR',NULL,NULL,NULL,NULL,NULL,NULL,NULL,NULL,NULL,NULL,0),('RCONST-6a89d374:1661d85cb82:-28ef','RCOND-6a89d374:1661d85cb82:-28f9','treasury.facts.YearEntry.year','year','YR',NULL,NULL,NULL,NULL,NULL,NULL,NULL,NULL,NULL,NULL,0),('RCONST-6a89d374:1661d85cb82:-2983','RCOND-6a89d374:1661d85cb82:-298e','treasury.facts.YearEntry.year','year','YR',NULL,NULL,NULL,NULL,NULL,NULL,NULL,NULL,NULL,NULL,0),('RCONST-6a89d374:1661d85cb82:-2a18','RCOND-6a89d374:1661d85cb82:-2a22','treasury.facts.YearEntry.year','year','YR',NULL,NULL,NULL,NULL,NULL,NULL,NULL,NULL,NULL,NULL,0),('RCONST-6a89d374:1661d85cb82:-2aa8','RCOND-6a89d374:1661d85cb82:-2ab2','treasury.facts.YearEntry.year','year','YR',NULL,NULL,NULL,NULL,NULL,NULL,NULL,NULL,NULL,NULL,0),('RCONST-6a89d374:1661d85cb82:-2b89','RCOND-6a89d374:1661d85cb82:-2b93','treasury.facts.YearEntry.year','year','YR',NULL,NULL,NULL,NULL,NULL,NULL,NULL,NULL,NULL,NULL,0),('RCONST-6a89d374:1661d85cb82:-2c19','RCOND-6a89d374:1661d85cb82:-2c23','treasury.facts.YearEntry.year','year','YR',NULL,NULL,NULL,NULL,NULL,NULL,NULL,NULL,NULL,NULL,0),('RCONST-6a89d374:1661d85cb82:-2ca9','RCOND-6a89d374:1661d85cb82:-2cb3','treasury.facts.YearEntry.year','year','YR',NULL,NULL,NULL,NULL,NULL,NULL,NULL,NULL,NULL,NULL,0),('RCONST-6a89d374:1661d85cb82:-2d3f','RCOND-6a89d374:1661d85cb82:-2d4a','treasury.facts.YearEntry.year','year','YR',NULL,NULL,NULL,NULL,NULL,NULL,NULL,NULL,NULL,NULL,0),('RCONST-6a89d374:1661d85cb82:-2dd0','RCOND-6a89d374:1661d85cb82:-2ddb','treasury.facts.YearEntry.year','year','YR',NULL,NULL,NULL,NULL,NULL,NULL,NULL,NULL,NULL,NULL,0),('RCONST-6a89d374:1661d85cb82:-2e73','RCOND-6a89d374:1661d85cb82:-2e7d','treasury.facts.YearEntry.year','year','YR',NULL,NULL,NULL,NULL,NULL,NULL,NULL,NULL,NULL,NULL,0),('RCONST-6a89d374:1661d85cb82:-2f03','RCOND-6a89d374:1661d85cb82:-2f0d','treasury.facts.YearEntry.year','year','YR',NULL,NULL,NULL,NULL,NULL,NULL,NULL,NULL,NULL,NULL,0),('RCONST-6a89d374:1661d85cb82:-2fa9','RCOND-6a89d374:1661d85cb82:-2fb3','treasury.facts.YearEntry.year','year','YR',NULL,NULL,NULL,NULL,NULL,NULL,NULL,NULL,NULL,NULL,0),('RCONST-6a89d374:1661d85cb82:-3039','RCOND-6a89d374:1661d85cb82:-3043','treasury.facts.YearEntry.year','year','YR',NULL,NULL,NULL,NULL,NULL,NULL,NULL,NULL,NULL,NULL,0),('RCONST-6a89d374:1661d85cb82:-30c9','RCOND-6a89d374:1661d85cb82:-30d3','treasury.facts.YearEntry.year','year','YR',NULL,NULL,NULL,NULL,NULL,NULL,NULL,NULL,NULL,NULL,0),('RCONST-6a89d374:1661d85cb82:-3185','RCOND-6a89d374:1661d85cb82:-3190','treasury.facts.YearEntry.year','year','YR',NULL,NULL,NULL,NULL,NULL,NULL,NULL,NULL,NULL,NULL,0),('RCONST-6a89d374:1661d85cb82:-3216','RCOND-6a89d374:1661d85cb82:-3220','treasury.facts.YearEntry.year','year','YR',NULL,NULL,NULL,NULL,NULL,NULL,NULL,NULL,NULL,NULL,0),('RCONST-6a89d374:1661d85cb82:-3474','RCOND-6a89d374:1661d85cb82:-347f','treasury.facts.YearEntry.year','year','YR',NULL,NULL,NULL,NULL,NULL,NULL,NULL,NULL,NULL,NULL,0),('RCONST-6a89d374:1661d85cb82:-3541','RCOND-6a89d374:1661d85cb82:-354b','treasury.facts.YearEntry.year','year','YR',NULL,NULL,NULL,NULL,NULL,NULL,NULL,NULL,NULL,NULL,0),('RCONST-6a89d374:1661d85cb82:-35e5','RCOND-6a89d374:1661d85cb82:-35ef','treasury.facts.YearEntry.year','year','YR',NULL,NULL,NULL,NULL,NULL,NULL,NULL,NULL,NULL,NULL,0),('RCONST-6a89d374:1661d85cb82:-3689','RCOND-6a89d374:1661d85cb82:-3694','treasury.facts.YearEntry.year','year','YR',NULL,NULL,NULL,NULL,NULL,NULL,NULL,NULL,NULL,NULL,0),('RCONST-6a89d374:1661d85cb82:-371e','RCOND-6a89d374:1661d85cb82:-3728','treasury.facts.YearEntry.year','year','YR',NULL,NULL,NULL,NULL,NULL,NULL,NULL,NULL,NULL,NULL,0),('RCONST-6a89d374:1661d85cb82:-37bc','RCOND-6a89d374:1661d85cb82:-37c6','treasury.facts.YearEntry.year','year','YR',NULL,NULL,NULL,NULL,NULL,NULL,NULL,NULL,NULL,NULL,0),('RCONST-6a89d374:1661d85cb82:-388a','RCOND-6a89d374:1661d85cb82:-3894','treasury.facts.YearEntry.year','year','YR',NULL,NULL,NULL,NULL,NULL,NULL,NULL,NULL,NULL,NULL,0),('RCONST-6a89d374:1661d85cb82:-39a4','RCOND-6a89d374:1661d85cb82:-39ae','treasury.facts.YearEntry.year','year','YR',NULL,NULL,NULL,NULL,NULL,NULL,NULL,NULL,NULL,NULL,0),('RCONST-6a89d374:1661d85cb82:-6436','RCOND-6a89d374:1661d85cb82:-6440','treasury.facts.YearEntry.year','year','YR',NULL,NULL,NULL,NULL,NULL,NULL,NULL,NULL,NULL,NULL,0),('RCONST-6ee1a4fe:16d8b2b7f29:-7be0','RCOND7f18462:16d8aafc019:-7a00','market.facts.MarketUtilityBillItem.year','year','YR',NULL,NULL,NULL,NULL,NULL,NULL,NULL,NULL,NULL,NULL,3),('RCONST-6ee1a4fe:16d8b2b7f29:-7c87','RCOND7f18462:16d8aafc019:-7a00','market.facts.MarketUtilityBillItem.month','month','MON',NULL,NULL,NULL,NULL,NULL,NULL,NULL,NULL,NULL,NULL,2),('RCONST-71332b50:1606d366167:-7a9c','RCOND-71332b50:1606d366167:-7aa6','treasury.facts.YearEntry.year','year','YR',NULL,NULL,NULL,NULL,NULL,NULL,NULL,NULL,NULL,NULL,0),('RCONST-7726e459:16d7fbda956:-75c2','RCOND-7726e459:16d7fbda956:-7a57','com.rameses.rules.common.CurrentDate.date','date','CURRDATE',NULL,NULL,NULL,NULL,NULL,NULL,NULL,NULL,NULL,NULL,0),('RCONST-7726e459:16d7fbda956:-7884','RCOND-7726e459:16d7fbda956:-78b0','market.facts.MarketAccount.paymentmode','paymentmode',NULL,'is any of the ff.','matches',NULL,NULL,NULL,NULL,NULL,NULL,'[\"DAILY\"]',NULL,0),('RCONST155f617f:1661e808a94:-584c','RCOND155f617f:1661e808a94:-5859','treasury.facts.YearEntry.year','year','YR',NULL,NULL,NULL,NULL,NULL,NULL,NULL,NULL,NULL,NULL,0),('RCONST3b53e7d0:16d804aa097:-68a2','RCOND3b53e7d0:16d804aa097:-77df','market.facts.MarketRentalBillItem.amount','amount','AMT',NULL,NULL,NULL,NULL,NULL,NULL,NULL,NULL,NULL,NULL,4),('RCONST3b53e7d0:16d804aa097:-6cb9','RCOND3b53e7d0:16d804aa097:-6ce5','market.facts.MarketAccount.paymentmode','paymentmode',NULL,'is any of the ff.','matches',NULL,NULL,NULL,NULL,NULL,NULL,'[\"DAILY\"]',NULL,0),('RCONST3b53e7d0:16d804aa097:-6ead','RCOND3b53e7d0:16d804aa097:-77df','market.facts.MarketRentalBillItem.rate','rate','RATE',NULL,NULL,NULL,NULL,NULL,NULL,NULL,NULL,NULL,NULL,4),('RCONST3b53e7d0:16d804aa097:-74d7','RCOND3b53e7d0:16d804aa097:-77df','market.facts.MarketRentalBillItem.todate','todate','TODATE',NULL,NULL,NULL,NULL,NULL,NULL,NULL,NULL,NULL,NULL,2),('RCONST3b53e7d0:16d804aa097:-756f','RCOND3b53e7d0:16d804aa097:-77df','market.facts.MarketRentalBillItem.fromdate','fromdate','FROMDATE',NULL,NULL,0,NULL,NULL,NULL,NULL,NULL,NULL,NULL,1),('RCONST3b53e7d0:16d804aa097:-75ec','RCOND3b53e7d0:16d804aa097:-77df','market.facts.MarketRentalBillItem.duedate','duedate','DUEDATE',NULL,NULL,NULL,NULL,NULL,NULL,NULL,NULL,NULL,NULL,0),('RCONST4eb2e53:16d86892506:-7711','RCOND4eb2e53:16d86892506:-79c6','market.facts.MarketUtilityBillItem.month','month','MON',NULL,NULL,NULL,NULL,NULL,NULL,NULL,NULL,NULL,NULL,2),('RCONST4eb2e53:16d86892506:-77a2','RCOND4eb2e53:16d86892506:-79c6','market.facts.MarketUtilityBillItem.year','year','YR',NULL,NULL,NULL,NULL,NULL,NULL,NULL,NULL,NULL,NULL,1),('RCONST4eb2e53:16d86892506:-798c','RCOND4eb2e53:16d86892506:-79c6','market.facts.MarketUtilityBillItem.type','type',NULL,'is any of the ff.','matches',NULL,NULL,NULL,NULL,NULL,NULL,'[\"ELECTRICITY\"]',NULL,0),('RCONST52256006:16d8a85571d:-7aae','RC56d4f84c:16d8a7008d3:-7fa6','market.facts.MarketUtilityBillItem.type','type',NULL,'is any of the ff.','matches',NULL,NULL,NULL,NULL,NULL,NULL,'[\"WATER\"]',NULL,1),('RCONST52256006:16d8a85571d:-7c89','RCOND-6363f4cb:16d894d3001:-7bf5','market.facts.MarketUtilityBillItem.type','type',NULL,'is any of the ff.','matches',NULL,NULL,NULL,NULL,NULL,NULL,'[\"ELECTRICITY\"]',NULL,1),('RCONST643684be:1661e09fd03:-5db9','RCOND643684be:1661e09fd03:-5dc3','treasury.facts.YearEntry.year','year','YR',NULL,NULL,NULL,NULL,NULL,NULL,NULL,NULL,NULL,NULL,0),('RCONST643684be:1661e09fd03:-5e49','RCOND643684be:1661e09fd03:-5e53','treasury.facts.YearEntry.year','year','YR',NULL,NULL,NULL,NULL,NULL,NULL,NULL,NULL,NULL,NULL,0),('RCONST643684be:1661e09fd03:-5f57','RCOND643684be:1661e09fd03:-5f61','treasury.facts.YearEntry.year','year','YR',NULL,NULL,NULL,NULL,NULL,NULL,NULL,NULL,NULL,NULL,0),('RCONST643684be:1661e09fd03:-5fe7','RCOND643684be:1661e09fd03:-5ff1','treasury.facts.YearEntry.year','year','YR',NULL,NULL,NULL,NULL,NULL,NULL,NULL,NULL,NULL,NULL,0),('RCONST643684be:1661e09fd03:-6077','RCOND643684be:1661e09fd03:-6081','treasury.facts.YearEntry.year','year','YR',NULL,NULL,NULL,NULL,NULL,NULL,NULL,NULL,NULL,NULL,0),('RCONST643684be:1661e09fd03:-6107','RCOND643684be:1661e09fd03:-6111','treasury.facts.YearEntry.year','year','YR',NULL,NULL,NULL,NULL,NULL,NULL,NULL,NULL,NULL,NULL,0),('RCONST643684be:1661e09fd03:-6197','RCOND643684be:1661e09fd03:-61a1','treasury.facts.YearEntry.year','year','YR',NULL,NULL,NULL,NULL,NULL,NULL,NULL,NULL,NULL,NULL,0),('RCONST643684be:1661e09fd03:-6227','RCOND643684be:1661e09fd03:-6231','treasury.facts.YearEntry.year','year','YR',NULL,NULL,NULL,NULL,NULL,NULL,NULL,NULL,NULL,NULL,0),('RCONST643684be:1661e09fd03:-62b7','RCOND643684be:1661e09fd03:-62c1','treasury.facts.YearEntry.year','year','YR',NULL,NULL,NULL,NULL,NULL,NULL,NULL,NULL,NULL,NULL,0),('RCONST643684be:1661e09fd03:-63a9','RCOND643684be:1661e09fd03:-63b3','treasury.facts.YearEntry.year','year','YR',NULL,NULL,NULL,NULL,NULL,NULL,NULL,NULL,NULL,NULL,0),('RCONST643684be:1661e09fd03:-64e1','RCOND643684be:1661e09fd03:-64eb','treasury.facts.YearEntry.year','year','YR',NULL,NULL,NULL,NULL,NULL,NULL,NULL,NULL,NULL,NULL,0),('RCONST643684be:1661e09fd03:-6571','RCOND643684be:1661e09fd03:-657b','treasury.facts.YearEntry.year','year','YR',NULL,NULL,NULL,NULL,NULL,NULL,NULL,NULL,NULL,NULL,0),('RCONST643684be:1661e09fd03:-6601','RCOND643684be:1661e09fd03:-660b','treasury.facts.YearEntry.year','year','YR',NULL,NULL,NULL,NULL,NULL,NULL,NULL,NULL,NULL,NULL,0),('RCONST643684be:1661e09fd03:-6691','RCOND643684be:1661e09fd03:-669b','treasury.facts.YearEntry.year','year','YR',NULL,NULL,NULL,NULL,NULL,NULL,NULL,NULL,NULL,NULL,0),('RCONST643684be:1661e09fd03:-6721','RCOND643684be:1661e09fd03:-672b','treasury.facts.YearEntry.year','year','YR',NULL,NULL,NULL,NULL,NULL,NULL,NULL,NULL,NULL,NULL,0),('RCONST643684be:1661e09fd03:-67b1','RCOND643684be:1661e09fd03:-67bb','treasury.facts.YearEntry.year','year','YR',NULL,NULL,NULL,NULL,NULL,NULL,NULL,NULL,NULL,NULL,0),('RCONST643684be:1661e09fd03:-6841','RCOND643684be:1661e09fd03:-684b','treasury.facts.YearEntry.year','year','YR',NULL,NULL,NULL,NULL,NULL,NULL,NULL,NULL,NULL,NULL,0),('RCONST643684be:1661e09fd03:-68d1','RCOND643684be:1661e09fd03:-68db','treasury.facts.YearEntry.year','year','YR',NULL,NULL,NULL,NULL,NULL,NULL,NULL,NULL,NULL,NULL,0),('RCONST643684be:1661e09fd03:-6961','RCOND643684be:1661e09fd03:-696b','treasury.facts.YearEntry.year','year','YR',NULL,NULL,NULL,NULL,NULL,NULL,NULL,NULL,NULL,NULL,0),('RCONST643684be:1661e09fd03:-69f1','RCOND643684be:1661e09fd03:-69fb','treasury.facts.YearEntry.year','year','YR',NULL,NULL,NULL,NULL,NULL,NULL,NULL,NULL,NULL,NULL,0),('RCONST643684be:1661e09fd03:-6a81','RCOND643684be:1661e09fd03:-6a8b','treasury.facts.YearEntry.year','year','YR',NULL,NULL,NULL,NULL,NULL,NULL,NULL,NULL,NULL,NULL,0),('RCONST643684be:1661e09fd03:-6b11','RCOND643684be:1661e09fd03:-6b1b','treasury.facts.YearEntry.year','year','YR',NULL,NULL,NULL,NULL,NULL,NULL,NULL,NULL,NULL,NULL,0),('RCONST643684be:1661e09fd03:-6bac','RCOND643684be:1661e09fd03:-6bb6','treasury.facts.YearEntry.year','year','YR',NULL,NULL,NULL,NULL,NULL,NULL,NULL,NULL,NULL,NULL,0),('RCONST643684be:1661e09fd03:-6c48','RCOND643684be:1661e09fd03:-6c52','treasury.facts.YearEntry.year','year','YR',NULL,NULL,NULL,NULL,NULL,NULL,NULL,NULL,NULL,NULL,0),('RCONST643684be:1661e09fd03:-6cd8','RCOND643684be:1661e09fd03:-6ce2','treasury.facts.YearEntry.year','year','YR',NULL,NULL,NULL,NULL,NULL,NULL,NULL,NULL,NULL,NULL,0),('RCONST643684be:1661e09fd03:-6d6e','RCOND643684be:1661e09fd03:-6d78','treasury.facts.YearEntry.year','year','YR',NULL,NULL,NULL,NULL,NULL,NULL,NULL,NULL,NULL,NULL,0),('RCONST643684be:1661e09fd03:-6e04','RCOND643684be:1661e09fd03:-6e0e','treasury.facts.YearEntry.year','year','YR',NULL,NULL,NULL,NULL,NULL,NULL,NULL,NULL,NULL,NULL,0),('RCONST643684be:1661e09fd03:-6e9a','RCOND643684be:1661e09fd03:-6ea4','treasury.facts.YearEntry.year','year','YR',NULL,NULL,NULL,NULL,NULL,NULL,NULL,NULL,NULL,NULL,0),('RCONST643684be:1661e09fd03:-6f30','RCOND643684be:1661e09fd03:-6f3b','treasury.facts.YearEntry.year','year','YR',NULL,NULL,NULL,NULL,NULL,NULL,NULL,NULL,NULL,NULL,0),('RCONST643684be:1661e09fd03:-6fc7','RCOND643684be:1661e09fd03:-6fd1','treasury.facts.YearEntry.year','year','YR',NULL,NULL,NULL,NULL,NULL,NULL,NULL,NULL,NULL,NULL,0),('RCONST643684be:1661e09fd03:-7071','RCOND643684be:1661e09fd03:-707b','treasury.facts.YearEntry.year','year','YR',NULL,NULL,NULL,NULL,NULL,NULL,NULL,NULL,NULL,NULL,0),('RCONST643684be:1661e09fd03:-710d','RCOND643684be:1661e09fd03:-7117','treasury.facts.YearEntry.year','year','YR',NULL,NULL,NULL,NULL,NULL,NULL,NULL,NULL,NULL,NULL,0),('RCONST643684be:1661e09fd03:-71a3','RCOND643684be:1661e09fd03:-71ad','treasury.facts.YearEntry.year','year','YR',NULL,NULL,NULL,NULL,NULL,NULL,NULL,NULL,NULL,NULL,0),('RCONST643684be:1661e09fd03:-7237','RCOND643684be:1661e09fd03:-7241','treasury.facts.YearEntry.year','year','YR',NULL,NULL,NULL,NULL,NULL,NULL,NULL,NULL,NULL,NULL,0),('RCONST643684be:1661e09fd03:-72cb','RCOND643684be:1661e09fd03:-72d5','treasury.facts.YearEntry.year','year','YR',NULL,NULL,NULL,NULL,NULL,NULL,NULL,NULL,NULL,NULL,0),('RCONST643684be:1661e09fd03:-7361','RCOND643684be:1661e09fd03:-736b','treasury.facts.YearEntry.year','year','YR',NULL,NULL,NULL,NULL,NULL,NULL,NULL,NULL,NULL,NULL,0),('RCONST643684be:1661e09fd03:-73f7','RCOND643684be:1661e09fd03:-7401','treasury.facts.YearEntry.year','year','YR',NULL,NULL,NULL,NULL,NULL,NULL,NULL,NULL,NULL,NULL,0),('RCONST643684be:1661e09fd03:-748b','RCOND643684be:1661e09fd03:-7495','treasury.facts.YearEntry.year','year','YR',NULL,NULL,NULL,NULL,NULL,NULL,NULL,NULL,NULL,NULL,0),('RCONST643684be:1661e09fd03:-751f','RCOND643684be:1661e09fd03:-7529','treasury.facts.YearEntry.year','year','YR',NULL,NULL,NULL,NULL,NULL,NULL,NULL,NULL,NULL,NULL,0),('RCONST643684be:1661e09fd03:-75b3','RCOND643684be:1661e09fd03:-75bd','treasury.facts.YearEntry.year','year','YR',NULL,NULL,NULL,NULL,NULL,NULL,NULL,NULL,NULL,NULL,0),('RCONST643684be:1661e09fd03:-7653','RCOND643684be:1661e09fd03:-765d','treasury.facts.YearEntry.year','year','YR',NULL,NULL,NULL,NULL,NULL,NULL,NULL,NULL,NULL,NULL,0),('RCONST643684be:1661e09fd03:-76f4','RCOND643684be:1661e09fd03:-76fe','treasury.facts.YearEntry.year','year','YR',NULL,NULL,NULL,NULL,NULL,NULL,NULL,NULL,NULL,NULL,0),('RCONST643684be:1661e09fd03:-799c','RCOND643684be:1661e09fd03:-79a6','treasury.facts.YearEntry.year','year','YR',NULL,NULL,NULL,NULL,NULL,NULL,NULL,NULL,NULL,NULL,0),('RCONST643684be:1661e09fd03:-7aa5','RCOND643684be:1661e09fd03:-7aaf','treasury.facts.YearEntry.year','year','YR',NULL,NULL,NULL,NULL,NULL,NULL,NULL,NULL,NULL,NULL,0),('RCONST643684be:1661e09fd03:-7b31','RCOND643684be:1661e09fd03:-7b3b','treasury.facts.YearEntry.year','year','YR',NULL,NULL,NULL,NULL,NULL,NULL,NULL,NULL,NULL,NULL,0),('RCONST643684be:1661e09fd03:-7bc7','RCOND643684be:1661e09fd03:-7bd1','treasury.facts.YearEntry.year','year','YR',NULL,NULL,NULL,NULL,NULL,NULL,NULL,NULL,NULL,NULL,0),('RCONST643684be:1661e09fd03:-7c5b','RCOND643684be:1661e09fd03:-7c65','treasury.facts.YearEntry.year','year','YR',NULL,NULL,NULL,NULL,NULL,NULL,NULL,NULL,NULL,NULL,0),('RCONST643684be:1661e09fd03:-7cfe','RCOND643684be:1661e09fd03:-7d08','treasury.facts.YearEntry.year','year','YR',NULL,NULL,NULL,NULL,NULL,NULL,NULL,NULL,NULL,NULL,0),('RCONST643684be:1661e09fd03:-7d9e','RCOND643684be:1661e09fd03:-7da8','treasury.facts.YearEntry.year','year','YR',NULL,NULL,NULL,NULL,NULL,NULL,NULL,NULL,NULL,NULL,0),('RCONST7f18462:16d8aafc019:-7618','RCOND7f18462:16d8aafc019:-7a00','market.facts.MarketUtilityBillItem.rate','rate','RATE',NULL,NULL,NULL,NULL,NULL,NULL,NULL,NULL,NULL,NULL,1),('RCONST7f18462:16d8aafc019:-79ba','RCOND7f18462:16d8aafc019:-7a00','market.facts.MarketUtilityBillItem.type','type','TYPE',NULL,NULL,NULL,NULL,NULL,NULL,NULL,NULL,NULL,NULL,0),('RCONSTb36ce9e:16d713f33e7:-70fd','RCONDb36ce9e:16d713f33e7:-715f','market.facts.MarketRentalRate.todate','todate',NULL,'on or after','>=',1,'RCONSTb36ce9e:16d713f33e7:-7238','FROMDATE',NULL,NULL,NULL,NULL,NULL,1),('RCONSTb36ce9e:16d713f33e7:-713d','RCONDb36ce9e:16d713f33e7:-715f','market.facts.MarketRentalRate.fromdate','fromdate',NULL,'on or before','<=',1,'RCONSTb36ce9e:16d713f33e7:-7238','FROMDATE',NULL,NULL,NULL,NULL,NULL,0),('RCONSTb36ce9e:16d713f33e7:-7238','RCONDb36ce9e:16d713f33e7:-7373','market.facts.MarketRentalBillItem.fromdate','fromdate','FROMDATE',NULL,NULL,NULL,NULL,NULL,NULL,NULL,NULL,NULL,NULL,0);
/*!40000 ALTER TABLE `sys_rule_condition_constraint` ENABLE KEYS */;
UNLOCK TABLES;

--
-- Table structure for table `sys_rule_condition_var`
--

DROP TABLE IF EXISTS `sys_rule_condition_var`;
/*!40101 SET @saved_cs_client     = @@character_set_client */;
/*!40101 SET character_set_client = utf8 */;
CREATE TABLE `sys_rule_condition_var` (
  `objid` varchar(50) NOT NULL,
  `parentid` varchar(50) DEFAULT NULL,
  `ruleid` varchar(50) DEFAULT NULL,
  `varname` varchar(50) DEFAULT NULL,
  `datatype` varchar(50) DEFAULT NULL,
  `pos` int(11) DEFAULT NULL,
  PRIMARY KEY (`objid`),
  KEY `ix_parentid` (`parentid`),
  CONSTRAINT `sys_rule_condition_var_ibfk_1` FOREIGN KEY (`parentid`) REFERENCES `sys_rule_condition` (`objid`)
) ENGINE=InnoDB DEFAULT CHARSET=utf8;
/*!40101 SET character_set_client = @saved_cs_client */;

--
-- Dumping data for table `sys_rule_condition_var`
--

LOCK TABLES `sys_rule_condition_var` WRITE;
/*!40000 ALTER TABLE `sys_rule_condition_var` DISABLE KEYS */;
INSERT INTO `sys_rule_condition_var` VALUES ('RC-45bf8d4d:1661a0ada12:-470f','RC-45bf8d4d:1661a0ada12:-470f','RUL233ea0cd:1661a0bd15b:-7095','PMT','treasury.facts.Payment',0),('RC108eedca:16d8b76dffd:-7fda','RC108eedca:16d8b76dffd:-7fda','RUL-43556c05:16d8b772b96:-7a2f','UB','market.facts.MarketUtilityBillItem',0),('RC1a7c7ce5:16d71a1bdd5:-7fb5','RC1a7c7ce5:16d71a1bdd5:-7fb5','RUL1227ea4c:16d71d1db9e:-7cd9','MA','market.facts.MarketAccount',1),('RC348eccad:16d711b1aca:-7fdb','RC348eccad:16d711b1aca:-7fdb','RUL-7ee17493:16d70d9d767:-78f7','MA','market.facts.MarketAccount',1),('RC56d4f84c:16d8a7008d3:-7f9a','RC56d4f84c:16d8a7008d3:-7f9a','RUL52256006:16d8a85571d:-7d2a','UB','market.facts.MarketUtilityBillItem',0),('RC56d4f84c:16d8a7008d3:-7fa6','RC56d4f84c:16d8a7008d3:-7fa6','RUL52256006:16d8a85571d:-7d52','UB','market.facts.MarketUtilityBillItem',0),('RCC-1a4c7581:16932dbf4d3:-601c','RC-1a4c7581:16932dbf4d3:-601d','RUL62b2bbe9:169320c31a6:-72b6','YR','integer',0),('RCC-26773b0f:16b688b1d33:-1718','RC-26773b0f:16b688b1d33:-1719','RUL-7bec29ea:16b698f187f:-7d0f','YR','integer',0),('RCC-26773b0f:16b688b1d33:-17a4','RC-26773b0f:16b688b1d33:-17a5','RUL-7bec29ea:16b698f187f:-7d73','YR','integer',0),('RCC-26773b0f:16b688b1d33:-1883','RC-26773b0f:16b688b1d33:-1884','RUL-7bec29ea:16b698f187f:-7e42','YR','integer',0),('RCC-26773b0f:16b7dd9cbb6:7aa1','RC-26773b0f:16b7dd9cbb6:7aa0','RUL65986c62:16b8733cd59:-77c4','YR','integer',0),('RCC-26773b0f:16b7dd9cbb6:7b99','RC-26773b0f:16b7dd9cbb6:7b98','RUL65986c62:16b8733cd59:-76e1','YR','integer',0),('RCC-26773b0f:16b7dd9cbb6:7c92','RC-26773b0f:16b7dd9cbb6:7c91','RUL65986c62:16b8733cd59:-740a','YR','integer',0),('RCC-26773b0f:16b7dd9cbb6:7e34','RC-26773b0f:16b7dd9cbb6:7e33','RUL65986c62:16b8733cd59:-7302','YR','integer',0),('RCC-26773b0f:16b7dd9cbb6:7ecf','RC-26773b0f:16b7dd9cbb6:7ece','RUL65986c62:16b8733cd59:-724b','YR','integer',0),('RCC-26773b0f:16b7dd9cbb6:7f79','RC-26773b0f:16b7dd9cbb6:7f78','RUL65986c62:16b8733cd59:-7198','YR','integer',0),('RCC-26773b0f:16ba325a2c4:6fde','RC-26773b0f:16ba325a2c4:6fdd','RUL-d7b291d:16bb121e4ff:-7aaa','YR','integer',0),('RCC-2cacdd7e:1684b422b57:-7b29','RC-2cacdd7e:1684b422b57:-7b2a','RUL-768d8b6f:1684b3bfb47:-7a5f','YR','integer',0),('RCC-2cacdd7e:1685928da91:-158d','RC-2cacdd7e:1685928da91:-158e','RUL-79e754f6:16859c6ae0f:-789a','YR','integer',0),('RCC-2cacdd7e:1685eb0f21f:2e15','RC-2cacdd7e:1685eb0f21f:2e14','RUL-44f5e71c:1685f4e4fc1:-78eb','YR','integer',0),('RCC-2cacdd7e:1685eb0f21f:3319','RC-2cacdd7e:1685eb0f21f:3318','RUL-44f5e71c:1685f4e4fc1:-74d1','YR','integer',0),('RCC-45bf8d4d:1661a0ada12:-470e','RC-45bf8d4d:1661a0ada12:-470f','RUL233ea0cd:1661a0bd15b:-7095','AMT','decimal',0),('RCC-45bf8d4d:1661f300b1a:-2ed2','RC-45bf8d4d:1661f300b1a:-2ed3','RUL-6c37a205:1662864a46d:6637','YR','integer',0),('RCC-45bf8d4d:1661f300b1a:-2faf','RC-45bf8d4d:1661f300b1a:-2fb0','RUL-6c37a205:1662864a46d:5155','YR','integer',0),('RCC-45bf8d4d:1661f300b1a:-30ab','RC-45bf8d4d:1661f300b1a:-30ac','RUL-6c37a205:1662864a46d:2dd8','YR','integer',0),('RCC-45bf8d4d:1661f300b1a:-30df','RC-45bf8d4d:1661f300b1a:-30e0','RUL-6c37a205:1662864a46d:2804','YR','integer',0),('RCC-45bf8d4d:1661f300b1a:-30f8','RC-45bf8d4d:1661f300b1a:-30f9','RUL-6c37a205:1662864a46d:2741','YR','integer',0),('RCC-45bf8d4d:1661f300b1a:-319f','RC-45bf8d4d:1661f300b1a:-31a0','RUL-6c37a205:1662864a46d:13be','YR','integer',0),('RCC-45bf8d4d:1661f300b1a:-36ca','RC-45bf8d4d:1661f300b1a:-36cb','RUL-6c37a205:1662864a46d:-48fd','YR','integer',0),('RCC-45bf8d4d:1661f300b1a:-3923','RC-45bf8d4d:1661f300b1a:-3924','RUL-6c37a205:1662864a46d:-6bd4','YR','integer',0),('RCC-45bf8d4d:1662eada1ef:-1cd0','RC-45bf8d4d:1662eada1ef:-1cd1','RUL-19ef0fa5:16635f3ac5a:-416c','YR','integer',0),('RCC-45bf8d4d:1662eada1ef:792a','RC-45bf8d4d:1662eada1ef:7929','RUL5f62b56:1663787d1f9:-69e8','YR','integer',0),('RCC-45bf8d4d:16637a3dfa1:-2747','RC-45bf8d4d:16637a3dfa1:-2748','RUL-3ff71b2e:166376a3ba2:-2447','YR','integer',0),('RCC-45bf8d4d:16637a3dfa1:-44a4','RC-45bf8d4d:16637a3dfa1:-44a5','RUL-77782c19:1663877d29b:-7694','YR','integer',0),('RCC-68088a4f:168615331b9:59e7','RC-68088a4f:168615331b9:59e6','RUL-40c82b8d:1686409c53e:-79be','YR','integer',0),('RCC-68088a4f:168615331b9:5aa3','RC-68088a4f:168615331b9:5aa2','RUL-40c82b8d:1686409c53e:-77a4','YR','integer',0),('RCC-68088a4f:168615331b9:5b37','RC-68088a4f:168615331b9:5b36','RUL-40c82b8d:1686409c53e:-75b1','YR','integer',0),('RCC-68088a4f:168615331b9:5ba3','RC-68088a4f:168615331b9:5ba2','RUL-40c82b8d:1686409c53e:-7479','YR','integer',0),('RCC-68088a4f:168615331b9:5dae','RC-68088a4f:168615331b9:5dad','RUL-40c82b8d:1686409c53e:-7144','YR','integer',0),('RCC-68088a4f:168615331b9:5df2','RC-68088a4f:168615331b9:5df1','RUL-40c82b8d:1686409c53e:-6f5a','YR','integer',0),('RCC-68088a4f:168699d94b3:-48aa','RC-68088a4f:168699d94b3:-48ab','RUL-1cfd06d0:1686dc812d6:-73c4','YR','integer',0),('RCC-68088a4f:16873bf4c0d:-1acc','RC-68088a4f:16873bf4c0d:-1acd','RUL-6d01e8c4:16873f49c59:-7980','YR','integer',0),('RCC-68088a4f:168829f31ef:64e8','RC-68088a4f:168829f31ef:64e7','RUL-437daf78:168836022ff:-6310','YR','integer',0),('RCC-68088a4f:16883a82b85:-4fb0','RC-68088a4f:16883a82b85:-4fb1','RUL4a470e05:168827d7bdd:4d94','YR','integer',0),('RCC-68088a4f:16892319780:3705','RC-68088a4f:16892319780:3704','RUL-569443be:16892554e50:-74a9','YR','integer',0),('RCC-68088a4f:1689370e5d2:7259','RC-68088a4f:1689370e5d2:7258','RUL39c05dd7:168974807f2:-6f31','YR','integer',0),('RCC-68088a4f:1689d090d21:-580c','RC-68088a4f:1689d090d21:-580d','RUL-4eede569:1689cfdb5e4:-7a1e','YR','integer',0),('RCC-7d13fa84:16811761f9d:-2c2a','RC-7d13fa84:16811761f9d:-2c2b','RUL-5123dd8c:168115eb643:-6abb','YR','integer',0),('RCC-7d13fa84:16811761f9d:-2d0e','RC-7d13fa84:16811761f9d:-2d0f','RUL-5123dd8c:168115eb643:-6b9a','YR','integer',0),('RCC-7d13fa84:16811761f9d:-2e74','RC-7d13fa84:16811761f9d:-2e75','RUL-5123dd8c:168115eb643:-6c5e','YR','integer',0),('RCC-7d13fa84:16811761f9d:-3018','RC-7d13fa84:16811761f9d:-3019','RUL-5123dd8c:168115eb643:-6d1f','YR','integer',0),('RCC-7d13fa84:16811761f9d:-3181','RC-7d13fa84:16811761f9d:-3182','RUL-5123dd8c:168115eb643:-6f3e','YR','integer',0),('RCC-7d13fa84:16811761f9d:-3b51','RC-7d13fa84:16811761f9d:-3b52','RUL-5123dd8c:168115eb643:-700a','YR','integer',0),('RCC-7d13fa84:16811761f9d:-3c5f','RC-7d13fa84:16811761f9d:-3c60','RUL-5123dd8c:168115eb643:-70d5','YR','integer',0),('RCC-7d13fa84:16811761f9d:-3f79','RC-7d13fa84:16811761f9d:-3f7a','RUL-5123dd8c:168115eb643:-7199','YR','integer',0),('RCC-7d13fa84:16811761f9d:-41cc','RC-7d13fa84:16811761f9d:-41cd','RUL-5123dd8c:168115eb643:-7298','YR','integer',0),('RCC-7d13fa84:16811761f9d:-466a','RC-7d13fa84:16811761f9d:-466b','RUL-5123dd8c:168115eb643:-735d','YR','integer',0),('RCC-7d13fa84:16811761f9d:-478d','RC-7d13fa84:16811761f9d:-478e','RUL-5123dd8c:168115eb643:-741a','YR','integer',0),('RCC-7d13fa84:16811761f9d:-48ed','RC-7d13fa84:16811761f9d:-48ee','RUL-5123dd8c:168115eb643:-74f8','YR','integer',0),('RCC-7d13fa84:16811761f9d:-49eb','RC-7d13fa84:16811761f9d:-49ec','RUL48f51a60:16811916880:-6c9a','YR','integer',0),('RCC-7d13fa84:16811761f9d:-4b0c','RC-7d13fa84:16811761f9d:-4b0d','RUL-5123dd8c:168115eb643:-765d','YR','integer',0),('RCC-7d13fa84:16811761f9d:-5019','RC-7d13fa84:16811761f9d:-501a','RUL-5123dd8c:168115eb643:-7730','YR','integer',0),('RCC-7d13fa84:16811761f9d:-545f','RC-7d13fa84:16811761f9d:-5460','RUL-5123dd8c:168115eb643:-77a4','YR','integer',0),('RCC-7d13fa84:16811761f9d:-7070','RC-7d13fa84:16811761f9d:-7071','RUL-4d94d562:168117759ed:-7850','YR','integer',0),('RCC-7d13fa84:16811761f9d:-73f9','RC-7d13fa84:16811761f9d:-73fa','RUL-4d94d562:168117759ed:-79b2','YR','integer',0),('RCC-7d13fa84:16811761f9d:-77ec','RC-7d13fa84:16811761f9d:-77ed','RUL-4d94d562:168117759ed:-7b78','YR','integer',0),('RCC1a7c7ce5:16d71a1bdd5:-7fb1','RC1a7c7ce5:16d71a1bdd5:-7fb3','RUL1227ea4c:16d71d1db9e:-7cd9','FROMDATE','date',0),('RCC1a7c7ce5:16d71a1bdd5:-7fb2','RC1a7c7ce5:16d71a1bdd5:-7fb3','RUL1227ea4c:16d71d1db9e:-7cd9','TODATE','date',1),('RCC20288499:166804c0832:254d','RC20288499:166804c0832:254c','RUL3278d89d:16685322455:-76f1','YR','integer',0),('RCC20288499:166804c0832:29a5','RC20288499:166804c0832:29a4','RUL3278d89d:16685322455:-71cb','YR','integer',0),('RCC20288499:1668dce10cd:3aff','RC20288499:1668dce10cd:3afe','RUL4244c18c:1669a2e04c1:-7409','YR','integer',0),('RCC20288499:1668dce10cd:3f38','RC20288499:1668dce10cd:3f37','RUL4244c18c:1669a2e04c1:-6974','YR','integer',0),('RCC20288499:1669ac4a274:3c34','RC20288499:1669ac4a274:3c33','RUL-77a8ccdb:1669f52bdd2:-7451','YR','integer',0),('RCC20288499:1669ac4a274:4d8a','RC20288499:1669ac4a274:4d89','RUL-7f4806f6:1669e60c231:-49cc','YR','integer',0),('RCC20288499:166bde4d1ff:2102','RC20288499:166bde4d1ff:2101','RUL-6ab52532:166c2b60168:-7ddf','YR','integer',0),('RCC348eccad:16d711b1aca:-7fdc','RC348eccad:16d711b1aca:-7fde','RUL-7ee17493:16d70d9d767:-78f7','TODATE','date',1),('RCC348eccad:16d711b1aca:-7fdd','RC348eccad:16d711b1aca:-7fde','RUL-7ee17493:16d70d9d767:-78f7','FROMDATE','date',0),('RCC3a39601c:1697f494436:-3e08','RC3a39601c:1697f494436:-3e09','RUL-1a8380d5:1697fe412e2:-7a8e','YR','integer',0),('RCC56d4f84c:16d8a7008d3:-7f98','RC56d4f84c:16d8a7008d3:-7f9a','RUL52256006:16d8a85571d:-7d2a','YR','integer',1),('RCC56d4f84c:16d8a7008d3:-7f99','RC56d4f84c:16d8a7008d3:-7f9a','RUL52256006:16d8a85571d:-7d2a','MON','integer',2),('RCC56d4f84c:16d8a7008d3:-7fa5','RC56d4f84c:16d8a7008d3:-7fa6','RUL52256006:16d8a85571d:-7d52','VOL','integer',0),('RCOND-1ee6075f:16d8936bd7f:-7d78','RCOND-1ee6075f:16d8936bd7f:-7d78','RUL-1ee6075f:16d8936bd7f:-7e0e','MRI','market.facts.MarketRentalBillItem',0),('RCOND-34e42a37:16d80c4f0f5:-7b51','RCOND-34e42a37:16d80c4f0f5:-7b51','RUL-34e42a37:16d80c4f0f5:-7be7','MRI','market.facts.MarketRentalBillItem',0),('RCOND-3a94e44c:16d704b3871:-7b7a','RCOND-3a94e44c:16d704b3871:-7b7a','RUL-3a94e44c:16d704b3871:-7d1b','MA','market.facts.MarketAccount',1),('RCOND-43556c05:16d8b772b96:-7d54','RCOND-43556c05:16d8b772b96:-7d54','RUL-43556c05:16d8b772b96:-7e06','UB','market.facts.MarketUtilityBillItem',0),('RCOND-6363f4cb:16d894d3001:-7bf5','RCOND-6363f4cb:16d894d3001:-7bf5','RUL-6363f4cb:16d894d3001:-7c32','UB','market.facts.MarketUtilityBillItem',0),('RCOND-680ae160:16d9617f270:-793c','RCOND-680ae160:16d9617f270:-793c','RUL7daf902e:16d960d7fa6:-7afd','MBI','treasury.facts.MonthBillItem',1),('RCOND-7726e459:16d7fbda956:-7486','RCOND-7726e459:16d7fbda956:-7486','RUL-7726e459:16d7fbda956:-7b73','HOLIDAYS','treasury.facts.HolidayFact',3),('RCOND-7726e459:16d7fbda956:-78b0','RCOND-7726e459:16d7fbda956:-78b0','RUL-7726e459:16d7fbda956:-7b73','MA','market.facts.MarketAccount',2),('RCOND-7726e459:16d7fbda956:-7acd','RCOND-7726e459:16d7fbda956:-7acd','RUL-7726e459:16d7fbda956:-7b73','MRI','market.facts.MarketRentalBillItem',0),('RCOND3b53e7d0:16d804aa097:-6ce5','RCOND3b53e7d0:16d804aa097:-6ce5','RUL3b53e7d0:16d804aa097:-7877','MA','market.facts.MarketAccount',1),('RCOND3b53e7d0:16d804aa097:-77df','RCOND3b53e7d0:16d804aa097:-77df','RUL3b53e7d0:16d804aa097:-7877','MRI','market.facts.MarketRentalBillItem',0),('RCOND4eb2e53:16d86892506:-79c6','RCOND4eb2e53:16d86892506:-79c6','RUL4eb2e53:16d86892506:-7ab8','UB','market.facts.MarketUtilityBillItem',0),('RCOND7f18462:16d8aafc019:-7a00','RCOND7f18462:16d8aafc019:-7a00','RUL7f18462:16d8aafc019:-7a9d','UB','market.facts.MarketUtilityBillItem',0),('RCONDb36ce9e:16d713f33e7:-6f81','RCONDb36ce9e:16d713f33e7:-6f81','RULb36ce9e:16d713f33e7:-7415','MA','market.facts.MarketAccount',2),('RCONDb36ce9e:16d713f33e7:-715f','RCONDb36ce9e:16d713f33e7:-715f','RULb36ce9e:16d713f33e7:-7415','MRR','market.facts.MarketRentalRate',1),('RCONDb36ce9e:16d713f33e7:-7373','RCONDb36ce9e:16d713f33e7:-7373','RULb36ce9e:16d713f33e7:-7415','MRI','market.facts.MarketRentalBillItem',0),('RCONST-1ee6075f:16d8936bd7f:-7c97','RCOND-1ee6075f:16d8936bd7f:-7d78','RUL-1ee6075f:16d8936bd7f:-7e0e','TODATE','date',1),('RCONST-1ee6075f:16d8936bd7f:-7d1a','RCOND-1ee6075f:16d8936bd7f:-7d78','RUL-1ee6075f:16d8936bd7f:-7e0e','FROMDATE','date',0),('RCONST-3a94e44c:16d704b3871:-7c36','RCOND-3a94e44c:16d704b3871:-7c7d','RUL-3a94e44c:16d704b3871:-7d1b','TODATE','date',1),('RCONST-3a94e44c:16d704b3871:-7c67','RCOND-3a94e44c:16d704b3871:-7c7d','RUL-3a94e44c:16d704b3871:-7d1b','FROMDATE','date',0),('RCONST-6363f4cb:16d894d3001:-7b99','RCOND-6363f4cb:16d894d3001:-7bf5','RUL-6363f4cb:16d894d3001:-7c32','VOL','integer',0),('RCONST-680ae160:16d9617f270:-78d8','RCOND-680ae160:16d9617f270:-793c','RUL7daf902e:16d960d7fa6:-7afd','BILLCODE','string',0),('RCONST-6a89d374:1661d85cb82:-14fc','RCOND-6a89d374:1661d85cb82:-1506','RUL-2dd925b1:16618d545dc:-7440','YR','integer',0),('RCONST-6a89d374:1661d85cb82:-15f6','RCOND-6a89d374:1661d85cb82:-1600','RUL-2dd925b1:16618d545dc:-73a4','YR','integer',0),('RCONST-6a89d374:1661d85cb82:-1686','RCOND-6a89d374:1661d85cb82:-1690','RUL-2dd925b1:16618d545dc:-7308','YR','integer',0),('RCONST-6a89d374:1661d85cb82:-1716','RCOND-6a89d374:1661d85cb82:-1721','RUL-2dd925b1:16618d545dc:-726c','YR','integer',0),('RCONST-6a89d374:1661d85cb82:-17a7','RCOND-6a89d374:1661d85cb82:-17b1','RUL-2dd925b1:16618d545dc:-71d0','YR','integer',0),('RCONST-6a89d374:1661d85cb82:-1837','RCOND-6a89d374:1661d85cb82:-1841','RUL-2dd925b1:16618d545dc:-7134','YR','integer',0),('RCONST-6a89d374:1661d85cb82:-18c7','RCOND-6a89d374:1661d85cb82:-18d1','RUL-2dd925b1:16618d545dc:-7098','YR','integer',0),('RCONST-6a89d374:1661d85cb82:-1957','RCOND-6a89d374:1661d85cb82:-1961','RUL-2dd925b1:16618d545dc:-6f73','YR','integer',0),('RCONST-6a89d374:1661d85cb82:-19e7','RCOND-6a89d374:1661d85cb82:-19f1','RUL-2dd925b1:16618d545dc:-6ed7','YR','integer',0),('RCONST-6a89d374:1661d85cb82:-1a77','RCOND-6a89d374:1661d85cb82:-1a82','RUL-2dd925b1:16618d545dc:-6e3b','YR','integer',0),('RCONST-6a89d374:1661d85cb82:-1b0e','RCOND-6a89d374:1661d85cb82:-1b18','RUL-2dd925b1:16618d545dc:-6d9f','YR','integer',0),('RCONST-6a89d374:1661d85cb82:-1ba4','RCOND-6a89d374:1661d85cb82:-1bae','RUL-2dd925b1:16618d545dc:-6cde','YR','integer',0),('RCONST-6a89d374:1661d85cb82:-1c34','RCOND-6a89d374:1661d85cb82:-1c3e','RUL-2dd925b1:16618d545dc:-6c42','YR','integer',0),('RCONST-6a89d374:1661d85cb82:-1cca','RCOND-6a89d374:1661d85cb82:-1cd4','RUL-2dd925b1:16618d545dc:-6abe','YR','integer',0),('RCONST-6a89d374:1661d85cb82:-1d5a','RCOND-6a89d374:1661d85cb82:-1d64','RUL-2dd925b1:16618d545dc:-6a44','YR','integer',0),('RCONST-6a89d374:1661d85cb82:-1df0','RCOND-6a89d374:1661d85cb82:-1dfa','RUL-2dd925b1:16618d545dc:-69a8','YR','integer',0),('RCONST-6a89d374:1661d85cb82:-1e86','RCOND-6a89d374:1661d85cb82:-1e90','RUL-2dd925b1:16618d545dc:-68f3','YR','integer',0),('RCONST-6a89d374:1661d85cb82:-1f16','RCOND-6a89d374:1661d85cb82:-1f20','RUL-2dd925b1:16618d545dc:-6857','YR','integer',0),('RCONST-6a89d374:1661d85cb82:-1fd5','RCOND-6a89d374:1661d85cb82:-1fdf','RUL-2dd925b1:16618d545dc:-6790','YR','integer',0),('RCONST-6a89d374:1661d85cb82:-2065','RCOND-6a89d374:1661d85cb82:-206f','RUL-2dd925b1:16618d545dc:-66c6','YR','integer',0),('RCONST-6a89d374:1661d85cb82:-20f5','RCOND-6a89d374:1661d85cb82:-20ff','RUL-2dd925b1:16618d545dc:-662a','YR','integer',0),('RCONST-6a89d374:1661d85cb82:-2185','RCOND-6a89d374:1661d85cb82:-218f','RUL-2dd925b1:16618d545dc:-6589','YR','integer',0),('RCONST-6a89d374:1661d85cb82:-221b','RCOND-6a89d374:1661d85cb82:-2226','RUL-2dd925b1:16618d545dc:-64b8','YR','integer',0),('RCONST-6a89d374:1661d85cb82:-22b2','RCOND-6a89d374:1661d85cb82:-22bd','RUL-2dd925b1:16618d545dc:-641c','YR','integer',0),('RCONST-6a89d374:1661d85cb82:-2375','RCOND-6a89d374:1661d85cb82:-237f','RUL-2dd925b1:16618d545dc:-62df','YR','integer',0),('RCONST-6a89d374:1661d85cb82:-2405','RCOND-6a89d374:1661d85cb82:-240f','RUL-2dd925b1:16618d545dc:-62a3','YR','integer',0),('RCONST-6a89d374:1661d85cb82:-24bb','RCOND-6a89d374:1661d85cb82:-24c5','RUL-2dd925b1:16618d545dc:-6084','YR','integer',0),('RCONST-6a89d374:1661d85cb82:-254b','RCOND-6a89d374:1661d85cb82:-2555','RUL-2dd925b1:16618d545dc:-5fd1','YR','integer',0),('RCONST-6a89d374:1661d85cb82:-25db','RCOND-6a89d374:1661d85cb82:-25e5','RUL-2dd925b1:16618d545dc:-5f19','YR','integer',0),('RCONST-6a89d374:1661d85cb82:-26ad','RCOND-6a89d374:1661d85cb82:-26b7','RUL-2dd925b1:16618d545dc:-5e7d','YR','integer',0),('RCONST-6a89d374:1661d85cb82:-273b','RCOND-6a89d374:1661d85cb82:-2745','RUL-2dd925b1:16618d545dc:-5de1','YR','integer',0),('RCONST-6a89d374:1661d85cb82:-27c9','RCOND-6a89d374:1661d85cb82:-27d4','RUL-2dd925b1:16618d545dc:-5d45','YR','integer',0),('RCONST-6a89d374:1661d85cb82:-2858','RCOND-6a89d374:1661d85cb82:-2863','RUL-2dd925b1:16618d545dc:-5c7c','YR','integer',0),('RCONST-6a89d374:1661d85cb82:-28ef','RCOND-6a89d374:1661d85cb82:-28f9','RUL-2dd925b1:16618d545dc:-5bde','YR','integer',0),('RCONST-6a89d374:1661d85cb82:-2983','RCOND-6a89d374:1661d85cb82:-298e','RUL-2dd925b1:16618d545dc:-5b42','YR','integer',0),('RCONST-6a89d374:1661d85cb82:-2a18','RCOND-6a89d374:1661d85cb82:-2a22','RUL-2dd925b1:16618d545dc:-59e3','YR','integer',0),('RCONST-6a89d374:1661d85cb82:-2aa8','RCOND-6a89d374:1661d85cb82:-2ab2','RUL-2dd925b1:16618d545dc:-5942','YR','integer',0),('RCONST-6a89d374:1661d85cb82:-2b89','RCOND-6a89d374:1661d85cb82:-2b93','RUL-2dd925b1:16618d545dc:-58a6','YR','integer',0),('RCONST-6a89d374:1661d85cb82:-2c19','RCOND-6a89d374:1661d85cb82:-2c23','RUL-2dd925b1:16618d545dc:-5814','YR','integer',0),('RCONST-6a89d374:1661d85cb82:-2ca9','RCOND-6a89d374:1661d85cb82:-2cb3','RUL-2dd925b1:16618d545dc:-5778','YR','integer',0),('RCONST-6a89d374:1661d85cb82:-2d3f','RCOND-6a89d374:1661d85cb82:-2d4a','RUL-2dd925b1:16618d545dc:-56dc','YR','integer',0),('RCONST-6a89d374:1661d85cb82:-2dd0','RCOND-6a89d374:1661d85cb82:-2ddb','RUL-2dd925b1:16618d545dc:-5640','YR','integer',0),('RCONST-6a89d374:1661d85cb82:-2e73','RCOND-6a89d374:1661d85cb82:-2e7d','RUL-2dd925b1:16618d545dc:-55a4','YR','integer',0),('RCONST-6a89d374:1661d85cb82:-2f03','RCOND-6a89d374:1661d85cb82:-2f0d','RUL-2dd925b1:16618d545dc:-5508','YR','integer',0),('RCONST-6a89d374:1661d85cb82:-2fa9','RCOND-6a89d374:1661d85cb82:-2fb3','RUL-2dd925b1:16618d545dc:-546c','YR','integer',0),('RCONST-6a89d374:1661d85cb82:-3039','RCOND-6a89d374:1661d85cb82:-3043','RUL-2dd925b1:16618d545dc:-5396','YR','integer',0),('RCONST-6a89d374:1661d85cb82:-30c9','RCOND-6a89d374:1661d85cb82:-30d3','RUL-2dd925b1:16618d545dc:-52fa','YR','integer',0),('RCONST-6a89d374:1661d85cb82:-3185','RCOND-6a89d374:1661d85cb82:-3190','RUL-2dd925b1:16618d545dc:-525e','YR','integer',0),('RCONST-6a89d374:1661d85cb82:-3216','RCOND-6a89d374:1661d85cb82:-3220','RUL-2dd925b1:16618d545dc:-51c2','YR','integer',0),('RCONST-6a89d374:1661d85cb82:-3474','RCOND-6a89d374:1661d85cb82:-347f','RUL-2dd925b1:16618d545dc:-5101','YR','integer',0),('RCONST-6a89d374:1661d85cb82:-3541','RCOND-6a89d374:1661d85cb82:-354b','RUL-2dd925b1:16618d545dc:-5044','YR','integer',0),('RCONST-6a89d374:1661d85cb82:-35e5','RCOND-6a89d374:1661d85cb82:-35ef','RUL-2dd925b1:16618d545dc:-4fa8','YR','integer',0),('RCONST-6a89d374:1661d85cb82:-3689','RCOND-6a89d374:1661d85cb82:-3694','RUL-2dd925b1:16618d545dc:-4edc','YR','integer',0),('RCONST-6a89d374:1661d85cb82:-371e','RCOND-6a89d374:1661d85cb82:-3728','RUL-2dd925b1:16618d545dc:-4e40','YR','integer',0),('RCONST-6a89d374:1661d85cb82:-37bc','RCOND-6a89d374:1661d85cb82:-37c6','RUL-2dd925b1:16618d545dc:-4d9f','YR','integer',0),('RCONST-6a89d374:1661d85cb82:-388a','RCOND-6a89d374:1661d85cb82:-3894','RUL-2dd925b1:16618d545dc:-4d03','YR','integer',0),('RCONST-6a89d374:1661d85cb82:-39a4','RCOND-6a89d374:1661d85cb82:-39ae','RUL-2dd925b1:16618d545dc:-4c4b','YR','integer',0),('RCONST-6a89d374:1661d85cb82:-6436','RCOND-6a89d374:1661d85cb82:-6440','RUL-2dd925b1:16618d545dc:-61ec','YR','integer',0),('RCONST-6ee1a4fe:16d8b2b7f29:-7be0','RCOND7f18462:16d8aafc019:-7a00','RUL7f18462:16d8aafc019:-7a9d','YR','integer',3),('RCONST-6ee1a4fe:16d8b2b7f29:-7c87','RCOND7f18462:16d8aafc019:-7a00','RUL7f18462:16d8aafc019:-7a9d','MON','integer',2),('RCONST-71332b50:1606d366167:-7a9c','RCOND-71332b50:1606d366167:-7aa6','RUL-71332b50:1606d366167:-7bd8','YR','integer',0),('RCONST-7726e459:16d7fbda956:-75c2','RCOND-7726e459:16d7fbda956:-7a57','RUL-7726e459:16d7fbda956:-7b73','CURRDATE','date',0),('RCONST155f617f:1661e808a94:-584c','RCOND155f617f:1661e808a94:-5859','RUL-7e3b185e:16609ed6c3c:-6b22','YR','integer',0),('RCONST3b53e7d0:16d804aa097:-68a2','RCOND3b53e7d0:16d804aa097:-77df','RUL3b53e7d0:16d804aa097:-7877','AMT','decimal',4),('RCONST3b53e7d0:16d804aa097:-6ead','RCOND3b53e7d0:16d804aa097:-77df','RUL3b53e7d0:16d804aa097:-7877','RATE','decimal',4),('RCONST3b53e7d0:16d804aa097:-74d7','RCOND3b53e7d0:16d804aa097:-77df','RUL3b53e7d0:16d804aa097:-7877','TODATE','date',2),('RCONST3b53e7d0:16d804aa097:-756f','RCOND3b53e7d0:16d804aa097:-77df','RUL3b53e7d0:16d804aa097:-7877','FROMDATE','date',1),('RCONST3b53e7d0:16d804aa097:-75ec','RCOND3b53e7d0:16d804aa097:-77df','RUL3b53e7d0:16d804aa097:-7877','DUEDATE','date',0),('RCONST4eb2e53:16d86892506:-7711','RCOND4eb2e53:16d86892506:-79c6','RUL4eb2e53:16d86892506:-7ab8','MON','integer',2),('RCONST4eb2e53:16d86892506:-77a2','RCOND4eb2e53:16d86892506:-79c6','RUL4eb2e53:16d86892506:-7ab8','YR','integer',1),('RCONST643684be:1661e09fd03:-5db9','RCOND643684be:1661e09fd03:-5dc3','RUL-2dd925b1:16618d545dc:-74dc','YR','integer',0),('RCONST643684be:1661e09fd03:-5e49','RCOND643684be:1661e09fd03:-5e53','RUL-2dd925b1:16618d545dc:-7578','YR','integer',0),('RCONST643684be:1661e09fd03:-5f57','RCOND643684be:1661e09fd03:-5f61','RUL-2dd925b1:16618d545dc:-7614','YR','integer',0),('RCONST643684be:1661e09fd03:-5fe7','RCOND643684be:1661e09fd03:-5ff1','RUL-2dd925b1:16618d545dc:-76b8','YR','integer',0),('RCONST643684be:1661e09fd03:-6077','RCOND643684be:1661e09fd03:-6081','RUL-2dd925b1:16618d545dc:-7754','YR','integer',0),('RCONST643684be:1661e09fd03:-6107','RCOND643684be:1661e09fd03:-6111','RUL-2dd925b1:16618d545dc:-780c','YR','integer',0),('RCONST643684be:1661e09fd03:-6197','RCOND643684be:1661e09fd03:-61a1','RUL-2dd925b1:16618d545dc:-78a8','YR','integer',0),('RCONST643684be:1661e09fd03:-6227','RCOND643684be:1661e09fd03:-6231','RUL-2dd925b1:16618d545dc:-7944','YR','integer',0),('RCONST643684be:1661e09fd03:-62b7','RCOND643684be:1661e09fd03:-62c1','RUL-2dd925b1:16618d545dc:-7a23','YR','integer',0),('RCONST643684be:1661e09fd03:-63a9','RCOND643684be:1661e09fd03:-63b3','RUL-2dd925b1:16618d545dc:-7abf','YR','integer',0),('RCONST643684be:1661e09fd03:-64e1','RCOND643684be:1661e09fd03:-64eb','RUL-2dd925b1:16618d545dc:-7b79','YR','integer',0),('RCONST643684be:1661e09fd03:-6571','RCOND643684be:1661e09fd03:-657b','RUL-3eefd6b1:1661489c227:-7dd8','YR','integer',0),('RCONST643684be:1661e09fd03:-6601','RCOND643684be:1661e09fd03:-660b','RUL-43452d36:1660a2ea19c:-5fc7','YR','integer',0),('RCONST643684be:1661e09fd03:-6691','RCOND643684be:1661e09fd03:-669b','RUL-43452d36:1660a2ea19c:-608f','YR','integer',0),('RCONST643684be:1661e09fd03:-6721','RCOND643684be:1661e09fd03:-672b','RUL-43452d36:1660a2ea19c:-6152','YR','integer',0),('RCONST643684be:1661e09fd03:-67b1','RCOND643684be:1661e09fd03:-67bb','RUL-43452d36:1660a2ea19c:-6223','YR','integer',0),('RCONST643684be:1661e09fd03:-6841','RCOND643684be:1661e09fd03:-684b','RUL-43452d36:1660a2ea19c:-62d4','YR','integer',0),('RCONST643684be:1661e09fd03:-68d1','RCOND643684be:1661e09fd03:-68db','RUL-43452d36:1660a2ea19c:-6380','YR','integer',0),('RCONST643684be:1661e09fd03:-6961','RCOND643684be:1661e09fd03:-696b','RUL-43452d36:1660a2ea19c:-6448','YR','integer',0),('RCONST643684be:1661e09fd03:-69f1','RCOND643684be:1661e09fd03:-69fb','RUL-43452d36:1660a2ea19c:-64ea','YR','integer',0),('RCONST643684be:1661e09fd03:-6a81','RCOND643684be:1661e09fd03:-6a8b','RUL-43452d36:1660a2ea19c:-658c','YR','integer',0),('RCONST643684be:1661e09fd03:-6b11','RCOND643684be:1661e09fd03:-6b1b','RUL-43452d36:1660a2ea19c:-664a','YR','integer',0),('RCONST643684be:1661e09fd03:-6bac','RCOND643684be:1661e09fd03:-6bb6','RUL-43452d36:1660a2ea19c:-66f1','YR','integer',0),('RCONST643684be:1661e09fd03:-6c48','RCOND643684be:1661e09fd03:-6c52','RUL-43452d36:1660a2ea19c:-67b9','YR','integer',0),('RCONST643684be:1661e09fd03:-6cd8','RCOND643684be:1661e09fd03:-6ce2','RUL-43452d36:1660a2ea19c:-6890','YR','integer',0),('RCONST643684be:1661e09fd03:-6d6e','RCOND643684be:1661e09fd03:-6d78','RUL-43452d36:1660a2ea19c:-6958','YR','integer',0),('RCONST643684be:1661e09fd03:-6e04','RCOND643684be:1661e09fd03:-6e0e','RUL-43452d36:1660a2ea19c:-69fa','YR','integer',0),('RCONST643684be:1661e09fd03:-6e9a','RCOND643684be:1661e09fd03:-6ea4','RUL-43452d36:1660a2ea19c:-6af6','YR','integer',0),('RCONST643684be:1661e09fd03:-6f30','RCOND643684be:1661e09fd03:-6f3b','RUL-43452d36:1660a2ea19c:-6b8e','YR','integer',0),('RCONST643684be:1661e09fd03:-6fc7','RCOND643684be:1661e09fd03:-6fd1','RUL-43452d36:1660a2ea19c:-6c5b','YR','integer',0),('RCONST643684be:1661e09fd03:-7071','RCOND643684be:1661e09fd03:-707b','RUL-43452d36:1660a2ea19c:-6d05','YR','integer',0),('RCONST643684be:1661e09fd03:-710d','RCOND643684be:1661e09fd03:-7117','RUL-43452d36:1660a2ea19c:-6dc3','YR','integer',0),('RCONST643684be:1661e09fd03:-71a3','RCOND643684be:1661e09fd03:-71ad','RUL-43452d36:1660a2ea19c:-6e90','YR','integer',0),('RCONST643684be:1661e09fd03:-7237','RCOND643684be:1661e09fd03:-7241','RUL-43452d36:1660a2ea19c:-6f37','YR','integer',0),('RCONST643684be:1661e09fd03:-72cb','RCOND643684be:1661e09fd03:-72d5','RUL-43452d36:1660a2ea19c:-7044','YR','integer',0),('RCONST643684be:1661e09fd03:-7361','RCOND643684be:1661e09fd03:-736b','RUL-43452d36:1660a2ea19c:-7129','YR','integer',0),('RCONST643684be:1661e09fd03:-73f7','RCOND643684be:1661e09fd03:-7401','RUL-43452d36:1660a2ea19c:-7200','YR','integer',0),('RCONST643684be:1661e09fd03:-748b','RCOND643684be:1661e09fd03:-7495','RUL-43452d36:1660a2ea19c:-730c','YR','integer',0),('RCONST643684be:1661e09fd03:-751f','RCOND643684be:1661e09fd03:-7529','RUL-43452d36:1660a2ea19c:-7406','YR','integer',0),('RCONST643684be:1661e09fd03:-75b3','RCOND643684be:1661e09fd03:-75bd','RUL-43452d36:1660a2ea19c:-749b','YR','integer',0),('RCONST643684be:1661e09fd03:-7653','RCOND643684be:1661e09fd03:-765d','RUL-43452d36:1660a2ea19c:-7568','YR','integer',0),('RCONST643684be:1661e09fd03:-76f4','RCOND643684be:1661e09fd03:-76fe','RUL-43452d36:1660a2ea19c:-7701','YR','integer',0),('RCONST643684be:1661e09fd03:-799c','RCOND643684be:1661e09fd03:-79a6','RUL-43452d36:1660a2ea19c:-7e19','YR','integer',0),('RCONST643684be:1661e09fd03:-7aa5','RCOND643684be:1661e09fd03:-7aaf','RUL-43452d36:1660a2ea19c:-7d75','YR','integer',0),('RCONST643684be:1661e09fd03:-7b31','RCOND643684be:1661e09fd03:-7b3b','RUL-43452d36:1660a2ea19c:-7c44','YR','integer',0),('RCONST643684be:1661e09fd03:-7bc7','RCOND643684be:1661e09fd03:-7bd1','RUL-43452d36:1660a2ea19c:-7b72','YR','integer',0),('RCONST643684be:1661e09fd03:-7c5b','RCOND643684be:1661e09fd03:-7c65','RUL-43452d36:1660a2ea19c:-7acb','YR','integer',0),('RCONST643684be:1661e09fd03:-7cfe','RCOND643684be:1661e09fd03:-7d08','RUL-43452d36:1660a2ea19c:-7a29','YR','integer',0),('RCONST643684be:1661e09fd03:-7d9e','RCOND643684be:1661e09fd03:-7da8','RUL-43452d36:1660a2ea19c:-77a8','YR','integer',0),('RCONST7f18462:16d8aafc019:-7618','RCOND7f18462:16d8aafc019:-7a00','RUL7f18462:16d8aafc019:-7a9d','RATE','decimal',1),('RCONST7f18462:16d8aafc019:-79ba','RCOND7f18462:16d8aafc019:-7a00','RUL7f18462:16d8aafc019:-7a9d','TYPE','string',0),('RCONSTb36ce9e:16d713f33e7:-7238','RCONDb36ce9e:16d713f33e7:-7373','RULb36ce9e:16d713f33e7:-7415','FROMDATE','date',0);
/*!40000 ALTER TABLE `sys_rule_condition_var` ENABLE KEYS */;
UNLOCK TABLES;

--
-- Table structure for table `sys_rule_deployed`
--

DROP TABLE IF EXISTS `sys_rule_deployed`;
/*!40101 SET @saved_cs_client     = @@character_set_client */;
/*!40101 SET character_set_client = utf8 */;
CREATE TABLE `sys_rule_deployed` (
  `objid` varchar(50) NOT NULL,
  `ruletext` longtext,
  PRIMARY KEY (`objid`),
  CONSTRAINT `sys_rule_deployed_ibfk_1` FOREIGN KEY (`objid`) REFERENCES `sys_rule` (`objid`)
) ENGINE=InnoDB DEFAULT CHARSET=utf8;
/*!40101 SET character_set_client = @saved_cs_client */;

--
-- Dumping data for table `sys_rule_deployed`
--

LOCK TABLES `sys_rule_deployed` WRITE;
/*!40000 ALTER TABLE `sys_rule_deployed` DISABLE KEYS */;
/*!40000 ALTER TABLE `sys_rule_deployed` ENABLE KEYS */;
UNLOCK TABLES;

--
-- Table structure for table `sys_rule_fact`
--

DROP TABLE IF EXISTS `sys_rule_fact`;
/*!40101 SET @saved_cs_client     = @@character_set_client */;
/*!40101 SET character_set_client = utf8 */;
CREATE TABLE `sys_rule_fact` (
  `objid` varchar(50) NOT NULL,
  `name` varchar(50) NOT NULL,
  `title` varchar(160) DEFAULT NULL,
  `factclass` varchar(50) DEFAULT NULL,
  `sortorder` int(11) DEFAULT NULL,
  `handler` varchar(50) DEFAULT NULL,
  `defaultvarname` varchar(25) DEFAULT NULL,
  `dynamic` int(11) DEFAULT NULL,
  `lookuphandler` varchar(50) DEFAULT NULL,
  `lookupkey` varchar(50) DEFAULT NULL,
  `lookupvalue` varchar(50) DEFAULT NULL,
  `lookupdatatype` varchar(50) DEFAULT NULL,
  `dynamicfieldname` varchar(50) DEFAULT NULL,
  `builtinconstraints` varchar(50) DEFAULT NULL,
  `domain` varchar(50) DEFAULT NULL,
  `factsuperclass` varchar(50) DEFAULT NULL,
  PRIMARY KEY (`objid`)
) ENGINE=InnoDB DEFAULT CHARSET=utf8;
/*!40101 SET character_set_client = @saved_cs_client */;

--
-- Dumping data for table `sys_rule_fact`
--

LOCK TABLES `sys_rule_fact` WRITE;
/*!40000 ALTER TABLE `sys_rule_fact` DISABLE KEYS */;
INSERT INTO `sys_rule_fact` VALUES ('com.rameses.rules.common.CurrentDate','com.rameses.rules.common.CurrentDate','Current Date','com.rameses.rules.common.CurrentDate',0,NULL,NULL,NULL,NULL,NULL,NULL,NULL,NULL,NULL,'SYSTEM',NULL),('market.facts.MarketAccount','market.facts.MarketAccount','Market Account','market.facts.MarketAccount',1,NULL,'MA',NULL,NULL,NULL,NULL,NULL,NULL,NULL,'MARKET',NULL),('market.facts.MarketAttribute','market.facts.MarketAttribute','Market Attribute','market.facts.MarketAttribute',1,NULL,NULL,NULL,NULL,NULL,NULL,NULL,NULL,NULL,'MARKET',NULL),('market.facts.MarketBilling','market.facts.MarketBilling','Market Billing','market.facts.MarketBilling',0,NULL,NULL,NULL,NULL,NULL,NULL,NULL,NULL,NULL,'MARKET',NULL),('market.facts.MarketRentalBillItem','market.facts.MarketRentalBillItem','Market Rental Bill Item','market.facts.MarketRentalBillItem',1,NULL,'MRI',NULL,NULL,NULL,NULL,NULL,NULL,NULL,'MARKET','treasury.facts.AbstractBillItem'),('market.facts.MarketRentalRate','market.facts.MarketRentalRate','Market Rental Rate','market.facts.MarketRentalRate',50,NULL,'MRR',NULL,NULL,NULL,NULL,NULL,NULL,NULL,'MARKET',NULL),('market.facts.MarketRentalUnit','market.facts.MarketRentalUnit','Market Rental Unit','market.facts.MarketRentalUnit',1,NULL,'MRU',NULL,NULL,NULL,NULL,NULL,NULL,NULL,'MARKET',NULL),('market.facts.MarketUtilityBillItem','market.facts.MarketUtilityBillItem','Market Utility Bill Item','market.facts.MarketUtilityBillItem',1,NULL,'UB',NULL,NULL,NULL,NULL,NULL,NULL,NULL,'MARKET','treasury.facts.AbstractBillItem'),('treasury.facts.BillDate','treasury.facts.BillDate','Bill Date','treasury.facts.BillDate',1,NULL,NULL,NULL,NULL,NULL,NULL,NULL,NULL,NULL,'TREASURY',NULL),('treasury.facts.BillSubItem','treasury.facts.BillSubItem','Bill Sub Item','treasury.facts.BillSubItem',1,NULL,'BILLSUB',NULL,NULL,NULL,NULL,NULL,NULL,NULL,'TREASURY','treasury.facts.AbstractBillItem'),('treasury.facts.DueDate','treasury.facts.DueDate','Due Date','treasury.facts.DueDate',1,NULL,NULL,NULL,NULL,NULL,NULL,NULL,NULL,NULL,'TREASURY',NULL),('treasury.facts.ExcessPayment','treasury.facts.ExcessPayment','Excess Payment','treasury.facts.ExcessPayment',5,NULL,'EXPMT',NULL,NULL,NULL,NULL,NULL,NULL,NULL,'TREASURY',NULL),('treasury.facts.HolidayFact','treasury.facts.HolidayFact','Holidays','treasury.facts.HolidayFact',1,NULL,'HOLIDAYS',NULL,NULL,NULL,NULL,NULL,NULL,NULL,'TREASURY',NULL),('treasury.facts.InterestItem','treasury.facts.InterestItem','Interest Item','treasury.facts.InterestItem',4,NULL,NULL,NULL,NULL,NULL,NULL,NULL,NULL,NULL,'TREASURY','treasury.facts.AbstractBillItem'),('treasury.facts.MonthBillItem','treasury.facts.MonthBillItem','Month Bill Item','treasury.facts.MonthBillItem',1,NULL,'MBI',NULL,NULL,NULL,NULL,NULL,NULL,NULL,'TREASURY','treasury.facts.AbstractBillItem'),('treasury.facts.MonthEntry','treasury.facts.MonthEntry','Month Entry','treasury.facts.MonthEntry',1,NULL,'MONTHENTRY',NULL,NULL,NULL,NULL,NULL,NULL,NULL,'TREASURY',NULL),('treasury.facts.Payment','treasury.facts.Payment','Payment','treasury.facts.Payment',5,NULL,'PMT',NULL,NULL,NULL,NULL,NULL,NULL,NULL,'TREASURY',NULL),('treasury.facts.SurchargeItem','treasury.facts.SurchargeItem','Surcharge Item','treasury.facts.SurchargeItem',4,NULL,'SUR',NULL,NULL,NULL,NULL,NULL,NULL,NULL,'TREASURY','treasury.facts.AbstractBillItem'),('treasury.facts.VarDate','treasury.facts.VarDate','Variable Date','treasury.facts.VarDate',1,NULL,NULL,NULL,NULL,NULL,NULL,NULL,NULL,NULL,'TREASURY',NULL),('treasury.facts.YearEntry','treasury.facts.YearEntry','Year Entry','treasury.facts.YearEntry',1,NULL,NULL,NULL,NULL,NULL,NULL,NULL,NULL,NULL,'TREASURY',NULL);
/*!40000 ALTER TABLE `sys_rule_fact` ENABLE KEYS */;
UNLOCK TABLES;

--
-- Table structure for table `sys_rule_fact_field`
--

DROP TABLE IF EXISTS `sys_rule_fact_field`;
/*!40101 SET @saved_cs_client     = @@character_set_client */;
/*!40101 SET character_set_client = utf8 */;
CREATE TABLE `sys_rule_fact_field` (
  `objid` varchar(100) NOT NULL,
  `parentid` varchar(50) DEFAULT NULL,
  `name` varchar(50) NOT NULL,
  `title` varchar(160) DEFAULT NULL,
  `datatype` varchar(50) DEFAULT NULL,
  `sortorder` int(11) DEFAULT NULL,
  `handler` varchar(50) DEFAULT NULL,
  `lookuphandler` varchar(50) DEFAULT NULL,
  `lookupkey` varchar(50) DEFAULT NULL,
  `lookupvalue` varchar(50) DEFAULT NULL,
  `lookupdatatype` varchar(50) DEFAULT NULL,
  `multivalued` int(11) DEFAULT NULL,
  `required` int(11) DEFAULT NULL,
  `vardatatype` varchar(50) DEFAULT NULL,
  `lovname` varchar(50) DEFAULT NULL,
  PRIMARY KEY (`objid`),
  KEY `ix_parentid` (`parentid`),
  CONSTRAINT `sys_rule_fact_field_ibfk_1` FOREIGN KEY (`parentid`) REFERENCES `sys_rule_fact` (`objid`)
) ENGINE=InnoDB DEFAULT CHARSET=utf8;
/*!40101 SET character_set_client = @saved_cs_client */;

--
-- Dumping data for table `sys_rule_fact_field`
--

LOCK TABLES `sys_rule_fact_field` WRITE;
/*!40000 ALTER TABLE `sys_rule_fact_field` DISABLE KEYS */;
INSERT INTO `sys_rule_fact_field` VALUES ('com.rameses.rules.common.CurrentDate.date','com.rameses.rules.common.CurrentDate','date','Date','date',4,'date',NULL,NULL,NULL,NULL,NULL,NULL,'date',NULL),('com.rameses.rules.common.CurrentDate.day','com.rameses.rules.common.CurrentDate','day','Day','integer',5,'integer',NULL,NULL,NULL,NULL,NULL,NULL,'integer',NULL),('com.rameses.rules.common.CurrentDate.month','com.rameses.rules.common.CurrentDate','month','Month','integer',3,'integer',NULL,NULL,NULL,NULL,NULL,NULL,'integer',NULL),('com.rameses.rules.common.CurrentDate.qtr','com.rameses.rules.common.CurrentDate','qtr','Qtr','integer',1,'integer',NULL,NULL,NULL,NULL,NULL,NULL,'integer',NULL),('com.rameses.rules.common.CurrentDate.year','com.rameses.rules.common.CurrentDate','year','Year','integer',2,'integer',NULL,NULL,NULL,NULL,NULL,NULL,'integer',NULL),('market.facts.MarketAccount.extarea','market.facts.MarketAccount','extarea','Ext. Area','decimal',2,'decimal',NULL,NULL,NULL,NULL,NULL,NULL,'decimal',NULL),('market.facts.MarketAccount.extrate','market.facts.MarketAccount','extrate','Ext Rate','decimal',1,'decimal',NULL,NULL,NULL,NULL,NULL,NULL,'decimal',NULL),('market.facts.MarketAccount.partialbalance','market.facts.MarketAccount','partialbalance','Partial Balance','decimal',4,'decimal',NULL,NULL,NULL,NULL,NULL,NULL,'decimal',NULL),('market.facts.MarketAccount.paymentmode','market.facts.MarketAccount','paymentmode','Mode of Payment','string',3,'lov',NULL,NULL,NULL,NULL,NULL,NULL,'string','MARKET_PAYMENTMODE'),('market.facts.MarketAttribute.name','market.facts.MarketAttribute','name','Name','string',1,'lookup','market_attribute:lookup','name','title',NULL,NULL,NULL,'string',NULL),('market.facts.MarketBilling.fromdate','market.facts.MarketBilling','fromdate','From Date','date',1,'date',NULL,NULL,NULL,NULL,NULL,NULL,'date',NULL),('market.facts.MarketBilling.todate','market.facts.MarketBilling','todate','To Date','date',2,'date',NULL,NULL,NULL,NULL,NULL,NULL,'date',NULL),('market.facts.MarketRentalBillItem.account','market.facts.MarketRentalBillItem','account','Account','string',1,'lookup','revenueitem:lookup','objid','title',NULL,NULL,NULL,'object',NULL),('market.facts.MarketRentalBillItem.amount','market.facts.MarketRentalBillItem','amount','Amount','decimal',2,'decimal',NULL,NULL,NULL,NULL,NULL,NULL,'decimal',NULL),('market.facts.MarketRentalBillItem.duedate','market.facts.MarketRentalBillItem','duedate','Due Date','date',3,'date',NULL,NULL,NULL,NULL,NULL,NULL,'date',NULL),('market.facts.MarketRentalBillItem.fromdate','market.facts.MarketRentalBillItem','fromdate','From Date','date',6,'date',NULL,NULL,NULL,NULL,NULL,NULL,'date',NULL),('market.facts.MarketRentalBillItem.mode','market.facts.MarketRentalBillItem','mode','Mode','string',10,'lov',NULL,NULL,NULL,NULL,NULL,NULL,'string','MARKET_PAYMENTMODE'),('market.facts.MarketRentalBillItem.month','market.facts.MarketRentalBillItem','month','Month','integer',5,'integer',NULL,NULL,NULL,NULL,NULL,NULL,'integer',NULL),('market.facts.MarketRentalBillItem.numdays','market.facts.MarketRentalBillItem','numdays','No. of Days','integer',8,'integer',NULL,NULL,NULL,NULL,NULL,NULL,'integer',NULL),('market.facts.MarketRentalBillItem.rate','market.facts.MarketRentalBillItem','rate','Rate','decimal',9,'decimal',NULL,NULL,NULL,NULL,NULL,NULL,'decimal',NULL),('market.facts.MarketRentalBillItem.todate','market.facts.MarketRentalBillItem','todate','To Date','date',7,'date',NULL,NULL,NULL,NULL,NULL,NULL,'date',NULL),('market.facts.MarketRentalBillItem.year','market.facts.MarketRentalBillItem','year','Year','integer',4,'integer',NULL,NULL,NULL,NULL,NULL,NULL,'integer',NULL),('market.facts.MarketRentalRate.fromdate','market.facts.MarketRentalRate','fromdate','From Date','date',1,'date',NULL,NULL,NULL,NULL,NULL,NULL,'date',NULL),('market.facts.MarketRentalRate.rate','market.facts.MarketRentalRate','rate','Rate','decimal',3,'decimal',NULL,NULL,NULL,NULL,NULL,NULL,'decimal',NULL),('market.facts.MarketRentalRate.ratetype','market.facts.MarketRentalRate','ratetype','Rate Type','string',4,'lov',NULL,NULL,NULL,NULL,NULL,NULL,'string','MARKET_RATE_TYPES'),('market.facts.MarketRentalRate.todate','market.facts.MarketRentalRate','todate','To Date','date',2,'date',NULL,NULL,NULL,NULL,NULL,NULL,'date',NULL),('market.facts.MarketRentalUnit.areasqm','market.facts.MarketRentalUnit','areasqm','Area (Sqm)','decimal',6,'decimal',NULL,NULL,NULL,NULL,NULL,NULL,'decimal',NULL),('market.facts.MarketRentalUnit.clusterid','market.facts.MarketRentalUnit','clusterid','Cluster','string',2,'lookup','market_cluster:lookup','objid','name',NULL,NULL,NULL,'string',NULL),('market.facts.MarketRentalUnit.ratetype','market.facts.MarketRentalUnit','ratetype','Rate Type','string',7,'lov',NULL,NULL,NULL,NULL,NULL,NULL,'string','MARKET_RATE_TYPES'),('market.facts.MarketRentalUnit.sectionid','market.facts.MarketRentalUnit','sectionid','Section','string',3,'lookup','market_section:lookup','objid','name',NULL,NULL,NULL,'string',NULL),('market.facts.MarketRentalUnit.startdate','market.facts.MarketRentalUnit','startdate','Start Date','date',5,'date',NULL,NULL,NULL,NULL,NULL,NULL,'date',NULL),('market.facts.MarketRentalUnit.unitid','market.facts.MarketRentalUnit','unitid','Unit','string',4,'lookup','market_rentalunit_all:lookup','objid','code',NULL,NULL,NULL,'string',NULL),('market.facts.MarketRentalUnit.unittype','market.facts.MarketRentalUnit','unittype','Unit Type','string',1,'lov',NULL,NULL,NULL,NULL,NULL,NULL,'string','MARKET_UNIT_TYPES'),('market.facts.MarketUtilityBillItem.amount','market.facts.MarketUtilityBillItem','amount','Amount','decimal',5,'decimal',NULL,NULL,NULL,NULL,NULL,NULL,'decimal',NULL),('market.facts.MarketUtilityBillItem.billcode','market.facts.MarketUtilityBillItem','billcode','Bill code','string',8,'lookup','market_itemaccount:lookup','objid','title',NULL,NULL,NULL,'string',NULL),('market.facts.MarketUtilityBillItem.fromdate','market.facts.MarketUtilityBillItem','fromdate','From Date','date',2,'date',NULL,NULL,NULL,NULL,NULL,NULL,'date',NULL),('market.facts.MarketUtilityBillItem.month','market.facts.MarketUtilityBillItem','month','Month','integer',10,'integer',NULL,NULL,NULL,NULL,NULL,NULL,'integer',NULL),('market.facts.MarketUtilityBillItem.nextbilldate','market.facts.MarketUtilityBillItem','nextbilldate','Next Bill Date','date',4,'date',NULL,NULL,NULL,NULL,NULL,NULL,'date',NULL),('market.facts.MarketUtilityBillItem.rate','market.facts.MarketUtilityBillItem','rate','Rate','decimal',7,'decimal',NULL,NULL,NULL,NULL,NULL,NULL,'decimal',NULL),('market.facts.MarketUtilityBillItem.todate','market.facts.MarketUtilityBillItem','todate','To Date','date',3,'date',NULL,NULL,NULL,NULL,NULL,NULL,'date',NULL),('market.facts.MarketUtilityBillItem.type','market.facts.MarketUtilityBillItem','type','Type','string',1,'lov',NULL,NULL,NULL,NULL,NULL,NULL,'string','MARKET_UTILITY_TYPES'),('market.facts.MarketUtilityBillItem.volume','market.facts.MarketUtilityBillItem','volume','Volume','integer',6,'integer',NULL,NULL,NULL,NULL,NULL,NULL,'integer',NULL),('market.facts.MarketUtilityBillItem.year','market.facts.MarketUtilityBillItem','year','Year','integer',9,'integer',NULL,NULL,NULL,NULL,NULL,NULL,'integer',NULL),('treasury.facts.BillDate.date','treasury.facts.BillDate','date','Date','date',1,'date',NULL,NULL,NULL,NULL,NULL,NULL,'date',NULL),('treasury.facts.BillDate.day','treasury.facts.BillDate','day','Day','integer',4,'integer',NULL,NULL,NULL,NULL,NULL,NULL,'integer',NULL),('treasury.facts.BillDate.month','treasury.facts.BillDate','month','Month','integer',3,'integer',NULL,NULL,NULL,NULL,NULL,NULL,'integer',NULL),('treasury.facts.BillDate.qtr','treasury.facts.BillDate','qtr','Qtr','integer',5,'integer',NULL,NULL,NULL,NULL,NULL,NULL,'integer',NULL),('treasury.facts.BillDate.year','treasury.facts.BillDate','year','Year','integer',2,'integer',NULL,NULL,NULL,NULL,NULL,NULL,'integer',NULL),('treasury.facts.BillSubItem.account','treasury.facts.BillSubItem','account','Account','string',2,'lookup','revenueitem:lookup','objid','title',NULL,NULL,NULL,'object',NULL),('treasury.facts.BillSubItem.account.objid','treasury.facts.BillSubItem','account.objid','Account','string',1,'lookup','revenueitem:lookup','objid','title',NULL,NULL,NULL,'string',NULL),('treasury.facts.BillSubItem.amount','treasury.facts.BillSubItem','amount','Amount','decimal',3,'decimal',NULL,NULL,NULL,NULL,NULL,NULL,'decimal',NULL),('treasury.facts.BillSubItem.duedate','treasury.facts.BillSubItem','duedate','Due Date','date',4,'date',NULL,NULL,NULL,NULL,NULL,NULL,'date',NULL),('treasury.facts.BillSubItem.parent','treasury.facts.BillSubItem','parent','Parent','string',6,'var',NULL,NULL,NULL,NULL,NULL,NULL,'treasury.facts.AbstractBillItem',NULL),('treasury.facts.BillSubItem.txntype','treasury.facts.BillSubItem','txntype','Txn Type','string',5,'lookup','billitem_txntype:lookup','objid','title',NULL,NULL,NULL,'string',NULL),('treasury.facts.DueDate.date','treasury.facts.DueDate','date','Date','date',1,'date',NULL,NULL,NULL,NULL,NULL,NULL,'date',NULL),('treasury.facts.DueDate.day','treasury.facts.DueDate','day','Day','integer',4,'integer',NULL,NULL,NULL,NULL,NULL,NULL,'integer',NULL),('treasury.facts.DueDate.month','treasury.facts.DueDate','month','Month','integer',3,'integer',NULL,NULL,NULL,NULL,NULL,NULL,'integer',NULL),('treasury.facts.DueDate.qtr','treasury.facts.DueDate','qtr','Qtr','integer',5,'integer',NULL,NULL,NULL,NULL,NULL,NULL,'integer',NULL),('treasury.facts.DueDate.year','treasury.facts.DueDate','year','Year','integer',2,'integer',NULL,NULL,NULL,NULL,NULL,NULL,'integer',NULL),('treasury.facts.ExcessPayment.amount','treasury.facts.ExcessPayment','amount','Amount','decimal',1,'decimal',NULL,NULL,NULL,NULL,NULL,NULL,'decimal',NULL),('treasury.facts.HolidayFact.id','treasury.facts.HolidayFact','id','ID','string',1,'string',NULL,NULL,NULL,NULL,NULL,NULL,'string',NULL),('treasury.facts.InterestItem.account','treasury.facts.InterestItem','account','Account','string',2,'lookup','revenueitem:lookup','objid','title',NULL,NULL,NULL,'object',NULL),('treasury.facts.InterestItem.amount','treasury.facts.InterestItem','amount','Amount','decimal',3,'decimal',NULL,NULL,NULL,NULL,NULL,NULL,'decimal',NULL),('treasury.facts.InterestItem.parent','treasury.facts.InterestItem','parent','Parent BillItem','string',1,'var',NULL,NULL,NULL,NULL,NULL,NULL,'treasury.facts.AbstractBillItem',NULL),('treasury.facts.MonthBillItem.account','treasury.facts.MonthBillItem','account','Account','string',1,'lookup','revenueitem:lookup','objid','title',NULL,NULL,NULL,'object',NULL),('treasury.facts.MonthBillItem.amount','treasury.facts.MonthBillItem','amount','Amount','decimal',2,'decimal',NULL,NULL,NULL,NULL,NULL,NULL,'decimal',NULL),('treasury.facts.MonthBillItem.billcode','treasury.facts.MonthBillItem','billcode','Bill Code','string',11,'lookup','market_itemaccount:lookup','objid','title',NULL,NULL,NULL,'string',NULL),('treasury.facts.MonthBillItem.duedate','treasury.facts.MonthBillItem','duedate','Due Date','date',3,'date',NULL,NULL,NULL,NULL,NULL,NULL,'date',NULL),('treasury.facts.MonthBillItem.fromdate','treasury.facts.MonthBillItem','fromdate','From Date','date',6,'date',NULL,NULL,NULL,NULL,NULL,NULL,'date',NULL),('treasury.facts.MonthBillItem.month','treasury.facts.MonthBillItem','month','Month','integer',5,'integer',NULL,NULL,NULL,NULL,NULL,NULL,'integer',NULL),('treasury.facts.MonthBillItem.numdays','treasury.facts.MonthBillItem','numdays','No. of Days','integer',8,'integer',NULL,NULL,NULL,NULL,NULL,NULL,'integer',NULL),('treasury.facts.MonthBillItem.partialunpaid','treasury.facts.MonthBillItem','partialunpaid','Partial Unpaid','decimal',9,'decimal',NULL,NULL,NULL,NULL,NULL,NULL,'decimal',NULL),('treasury.facts.MonthBillItem.todate','treasury.facts.MonthBillItem','todate','To Date','date',7,'date',NULL,NULL,NULL,NULL,NULL,NULL,'date',NULL),('treasury.facts.MonthBillItem.txntype','treasury.facts.MonthBillItem','txntype','Txn Type','string',10,'lookup','billitem_txntype:lookup','objid','title',NULL,NULL,NULL,'string',NULL),('treasury.facts.MonthBillItem.year','treasury.facts.MonthBillItem','year','Year','integer',4,'integer',NULL,NULL,NULL,NULL,NULL,NULL,'integer',NULL),('treasury.facts.MonthEntry.duedate','treasury.facts.MonthEntry','duedate','Due date','date',13,'date',NULL,NULL,NULL,NULL,NULL,NULL,'date',NULL),('treasury.facts.MonthEntry.first','treasury.facts.MonthEntry','first','First','boolean',11,'boolean',NULL,NULL,NULL,NULL,NULL,NULL,'boolean',NULL),('treasury.facts.MonthEntry.fromdate','treasury.facts.MonthEntry','fromdate','From Date','date',4,'date',NULL,NULL,NULL,NULL,NULL,NULL,'date',NULL),('treasury.facts.MonthEntry.fromday','treasury.facts.MonthEntry','fromday','From Day','integer',6,'integer',NULL,NULL,NULL,NULL,NULL,NULL,'integer',NULL),('treasury.facts.MonthEntry.index','treasury.facts.MonthEntry','index','Index','integer',10,'integer',NULL,NULL,NULL,NULL,NULL,NULL,'integer',NULL),('treasury.facts.MonthEntry.last','treasury.facts.MonthEntry','last','Last','boolean',12,'boolean',NULL,NULL,NULL,NULL,NULL,NULL,'boolean',NULL),('treasury.facts.MonthEntry.maxdays','treasury.facts.MonthEntry','maxdays','Month Max Days','integer',9,'integer',NULL,NULL,NULL,NULL,NULL,NULL,'integer',NULL),('treasury.facts.MonthEntry.month','treasury.facts.MonthEntry','month','Month','integer',2,'integer',NULL,NULL,NULL,NULL,NULL,NULL,'integer',NULL),('treasury.facts.MonthEntry.numdays','treasury.facts.MonthEntry','numdays','No. of Days','integer',8,'integer',NULL,NULL,NULL,NULL,NULL,NULL,'integer',NULL),('treasury.facts.MonthEntry.qtr','treasury.facts.MonthEntry','qtr','Qtr','integer',3,'integer',NULL,NULL,NULL,NULL,NULL,NULL,'integer',NULL),('treasury.facts.MonthEntry.todate','treasury.facts.MonthEntry','todate','To Date','date',5,'date',NULL,NULL,NULL,NULL,NULL,NULL,'date',NULL),('treasury.facts.MonthEntry.today','treasury.facts.MonthEntry','today','To Day','integer',7,'integer',NULL,NULL,NULL,NULL,NULL,NULL,'integer',NULL),('treasury.facts.MonthEntry.year','treasury.facts.MonthEntry','year','Year','integer',1,'integer',NULL,NULL,NULL,NULL,NULL,NULL,'integer',NULL),('treasury.facts.Payment.amount','treasury.facts.Payment','amount','Amount','decimal',1,'decimal',NULL,NULL,NULL,NULL,NULL,NULL,'decimal',NULL),('treasury.facts.SurchargeItem.account','treasury.facts.SurchargeItem','account','Account','string',2,'lookup','revenueitem:lookup','objid','title',NULL,NULL,NULL,'object',NULL),('treasury.facts.SurchargeItem.amount','treasury.facts.SurchargeItem','amount','Amount','decimal',3,'decimal',NULL,NULL,NULL,NULL,NULL,NULL,'decimal',NULL),('treasury.facts.SurchargeItem.parent','treasury.facts.SurchargeItem','parent','Parent Bill Item','string',1,'var',NULL,NULL,NULL,NULL,NULL,NULL,'treasury.facts.AbstractBillItem',NULL),('treasury.facts.SurchargeItem.txntype','treasury.facts.SurchargeItem','txntype','Txn Type','string',4,'lookup','market_itemaccount:lookup','objid','title',NULL,NULL,NULL,'string',NULL),('treasury.facts.VarDate.date','treasury.facts.VarDate','date','Date','date',1,'date',NULL,NULL,NULL,NULL,NULL,NULL,'date',NULL),('treasury.facts.VarDate.day','treasury.facts.VarDate','day','Day','integer',4,'integer',NULL,NULL,NULL,NULL,NULL,NULL,'integer',NULL),('treasury.facts.VarDate.month','treasury.facts.VarDate','month','Month','integer',3,'integer',NULL,NULL,NULL,NULL,NULL,NULL,'integer',NULL),('treasury.facts.VarDate.qtr','treasury.facts.VarDate','qtr','Qtr','integer',5,'integer',NULL,NULL,NULL,NULL,NULL,NULL,'integer',NULL),('treasury.facts.VarDate.tag','treasury.facts.VarDate','tag','Tag','string',6,'string',NULL,NULL,NULL,NULL,NULL,NULL,'string',NULL),('treasury.facts.VarDate.year','treasury.facts.VarDate','year','Year','integer',2,'integer',NULL,NULL,NULL,NULL,NULL,NULL,'integer',NULL),('treasury.facts.YearEntry.year','treasury.facts.YearEntry','year','Year','integer',1,'integer',NULL,NULL,NULL,NULL,NULL,NULL,'integer',NULL);
/*!40000 ALTER TABLE `sys_rule_fact_field` ENABLE KEYS */;
UNLOCK TABLES;

--
-- Table structure for table `sys_rulegroup`
--

DROP TABLE IF EXISTS `sys_rulegroup`;
/*!40101 SET @saved_cs_client     = @@character_set_client */;
/*!40101 SET character_set_client = utf8 */;
CREATE TABLE `sys_rulegroup` (
  `name` varchar(50) NOT NULL,
  `ruleset` varchar(50) NOT NULL,
  `title` varchar(160) DEFAULT NULL,
  `sortorder` int(11) DEFAULT NULL,
  PRIMARY KEY (`name`,`ruleset`),
  KEY `ruleset` (`ruleset`),
  CONSTRAINT `sys_rulegroup_ibfk_1` FOREIGN KEY (`ruleset`) REFERENCES `sys_ruleset` (`name`)
) ENGINE=InnoDB DEFAULT CHARSET=utf8;
/*!40101 SET character_set_client = @saved_cs_client */;

--
-- Dumping data for table `sys_rulegroup`
--

LOCK TABLES `sys_rulegroup` WRITE;
/*!40000 ALTER TABLE `sys_rulegroup` DISABLE KEYS */;
INSERT INTO `sys_rulegroup` VALUES ('account-mapping','marketbilling','Account Mapping',12),('after-compute-fee','marketrentalrate','After Compute Fee',2),('after-compute-rental-rates','marketbilling','After Compute Rental Rate ',4),('apply-due-dates','marketbilling','Apply Due Dates',6),('apply-payment','marketbilling','Apply Payment',9),('apply-rental-rates','marketbilling','Apply Rental Rates',3),('build-rental-items','marketbilling','Build Rental Items',2),('compute','marketutility','Compute Rate',0),('compute-fee','marketrentalrate','Compute Fee',1),('initial','marketbilling','Initial',1),('initial','marketrentalrate','Initial',0),('interest','marketbilling','Interest',8),('post-apply-payment','marketbilling','Post Apply Payment',10),('recurringfee','marketbilling','Apply Recurring Fee',5),('summary','marketbilling','Summary',11),('surcharge','marketbilling','Surcharge',7);
/*!40000 ALTER TABLE `sys_rulegroup` ENABLE KEYS */;
UNLOCK TABLES;

--
-- Table structure for table `sys_ruleset`
--

DROP TABLE IF EXISTS `sys_ruleset`;
/*!40101 SET @saved_cs_client     = @@character_set_client */;
/*!40101 SET character_set_client = utf8 */;
CREATE TABLE `sys_ruleset` (
  `name` varchar(50) NOT NULL,
  `title` varchar(160) DEFAULT NULL,
  `packagename` varchar(50) DEFAULT NULL,
  `domain` varchar(50) DEFAULT NULL,
  `role` varchar(50) DEFAULT NULL,
  `permission` varchar(50) DEFAULT NULL,
  PRIMARY KEY (`name`)
) ENGINE=InnoDB DEFAULT CHARSET=utf8;
/*!40101 SET character_set_client = @saved_cs_client */;

--
-- Dumping data for table `sys_ruleset`
--

LOCK TABLES `sys_ruleset` WRITE;
/*!40000 ALTER TABLE `sys_ruleset` DISABLE KEYS */;
INSERT INTO `sys_ruleset` VALUES ('marketbilling','Market Billing','marketbilling','MARKET','RULE_AUTHOR',NULL),('marketrentalrate','Market Rental Rate','marketrentalrate','MARKET','RULE_AUTHOR',NULL),('marketutility','Market Utility','marketutility','MARKET','RULE_AUTHOR',NULL);
/*!40000 ALTER TABLE `sys_ruleset` ENABLE KEYS */;
UNLOCK TABLES;

--
-- Table structure for table `sys_ruleset_actiondef`
--

DROP TABLE IF EXISTS `sys_ruleset_actiondef`;
/*!40101 SET @saved_cs_client     = @@character_set_client */;
/*!40101 SET character_set_client = utf8 */;
CREATE TABLE `sys_ruleset_actiondef` (
  `ruleset` varchar(50) NOT NULL,
  `actiondef` varchar(50) NOT NULL,
  PRIMARY KEY (`ruleset`,`actiondef`),
  KEY `actiondef` (`actiondef`),
  CONSTRAINT `sys_ruleset_actiondef_ibfk_2` FOREIGN KEY (`ruleset`) REFERENCES `sys_ruleset` (`name`)
) ENGINE=InnoDB DEFAULT CHARSET=utf8;
/*!40101 SET character_set_client = @saved_cs_client */;

--
-- Dumping data for table `sys_ruleset_actiondef`
--

LOCK TABLES `sys_ruleset_actiondef` WRITE;
/*!40000 ALTER TABLE `sys_ruleset_actiondef` DISABLE KEYS */;
INSERT INTO `sys_ruleset_actiondef` VALUES ('marketbilling','enterprise.actions.PrintTest'),('marketbilling','market.actions.AddDailyMarketRentalBillItems'),('marketrentalrate','market.actions.AddMarketRentalRate'),('marketbilling','market.actions.AddMonthlyMarketRentalBillItems'),('marketbilling','market.actions.AddWeeklyMarketRentalBillItems'),('marketbilling','market.actions.SetMarketRentalBillItemAmount'),('marketbilling','treasury.actions.AddBillItem'),('marketbilling','treasury.actions.AddDiscountItem'),('marketbilling','treasury.actions.AddInterestItem'),('marketbilling','treasury.actions.AddSurchargeItem'),('marketbilling','treasury.actions.ApplyPayment'),('marketbilling','treasury.actions.RemoveBillItem'),('marketbilling','treasury.actions.SetBillItemAccount'),('marketbilling','treasury.actions.SetBillItemProperty'),('marketutility','treasury.actions.SetBillItemProperty'),('marketbilling','treasury.actions.SummarizeBillItem');
/*!40000 ALTER TABLE `sys_ruleset_actiondef` ENABLE KEYS */;
UNLOCK TABLES;

--
-- Table structure for table `sys_ruleset_fact`
--

DROP TABLE IF EXISTS `sys_ruleset_fact`;
/*!40101 SET @saved_cs_client     = @@character_set_client */;
/*!40101 SET character_set_client = utf8 */;
CREATE TABLE `sys_ruleset_fact` (
  `ruleset` varchar(50) NOT NULL,
  `rulefact` varchar(50) NOT NULL,
  PRIMARY KEY (`ruleset`,`rulefact`),
  KEY `rulefact` (`rulefact`),
  CONSTRAINT `sys_ruleset_fact_ibfk_2` FOREIGN KEY (`ruleset`) REFERENCES `sys_ruleset` (`name`)
) ENGINE=InnoDB DEFAULT CHARSET=utf8;
/*!40101 SET character_set_client = @saved_cs_client */;

--
-- Dumping data for table `sys_ruleset_fact`
--

LOCK TABLES `sys_ruleset_fact` WRITE;
/*!40000 ALTER TABLE `sys_ruleset_fact` DISABLE KEYS */;
INSERT INTO `sys_ruleset_fact` VALUES ('marketbilling','com.rameses.rules.common.CurrentDate'),('marketrentalrate','com.rameses.rules.common.CurrentDate'),('marketutility','com.rameses.rules.common.CurrentDate'),('marketbilling','market.facts.MarketAccount'),('marketrentalrate','market.facts.MarketAccount'),('marketutility','market.facts.MarketAccount'),('marketbilling','market.facts.MarketAttribute'),('marketrentalrate','market.facts.MarketAttribute'),('marketutility','market.facts.MarketAttribute'),('marketbilling','market.facts.MarketBilling'),('marketbilling','market.facts.MarketRentalBillItem'),('marketbilling','market.facts.MarketRentalRate'),('marketrentalrate','market.facts.MarketRentalRate'),('marketbilling','market.facts.MarketRentalUnit'),('marketrentalrate','market.facts.MarketRentalUnit'),('marketutility','market.facts.MarketRentalUnit'),('marketbilling','market.facts.MarketUtilityBillItem'),('marketutility','market.facts.MarketUtilityBillItem'),('marketbilling','treasury.facts.BillDate'),('marketbilling','treasury.facts.ExcessPayment'),('marketbilling','treasury.facts.HolidayFact'),('marketbilling','treasury.facts.InterestItem'),('marketbilling','treasury.facts.MonthBillItem'),('marketbilling','treasury.facts.Payment'),('marketbilling','treasury.facts.SurchargeItem');
/*!40000 ALTER TABLE `sys_ruleset_fact` ENABLE KEYS */;
UNLOCK TABLES;

--
-- Table structure for table `sys_sequence`
--

DROP TABLE IF EXISTS `sys_sequence`;
/*!40101 SET @saved_cs_client     = @@character_set_client */;
/*!40101 SET character_set_client = utf8 */;
CREATE TABLE `sys_sequence` (
  `objid` varchar(100) NOT NULL,
  `nextSeries` int(11) DEFAULT NULL,
  PRIMARY KEY (`objid`)
) ENGINE=InnoDB DEFAULT CHARSET=utf8;
/*!40101 SET character_set_client = @saved_cs_client */;

--
-- Dumping data for table `sys_sequence`
--

LOCK TABLES `sys_sequence` WRITE;
/*!40000 ALTER TABLE `sys_sequence` DISABLE KEYS */;
/*!40000 ALTER TABLE `sys_sequence` ENABLE KEYS */;
UNLOCK TABLES;

--
-- Table structure for table `sys_usergroup`
--

DROP TABLE IF EXISTS `sys_usergroup`;
/*!40101 SET @saved_cs_client     = @@character_set_client */;
/*!40101 SET character_set_client = utf8 */;
CREATE TABLE `sys_usergroup` (
  `objid` varchar(50) NOT NULL,
  `title` varchar(255) DEFAULT NULL,
  `domain` varchar(25) DEFAULT NULL,
  `userclass` varchar(25) DEFAULT NULL,
  `orgclass` varchar(50) DEFAULT NULL,
  `role` varchar(50) DEFAULT NULL,
  PRIMARY KEY (`objid`)
) ENGINE=InnoDB DEFAULT CHARSET=utf8;
/*!40101 SET character_set_client = @saved_cs_client */;

--
-- Dumping data for table `sys_usergroup`
--

LOCK TABLES `sys_usergroup` WRITE;
/*!40000 ALTER TABLE `sys_usergroup` DISABLE KEYS */;
INSERT INTO `sys_usergroup` VALUES ('MARKET.ADMIN','MARKET ADMIN','MARKET',NULL,NULL,'ADMIN'),('MARKET.MASTER','MARKET MASTER','MARKET',NULL,NULL,'MASTER'),('MARKET.RULE_AUTHOR','MARKET RULE_AUTHOR','MARKET',NULL,NULL,'RULE_AUTHOR');
/*!40000 ALTER TABLE `sys_usergroup` ENABLE KEYS */;
UNLOCK TABLES;

--
-- Temporary table structure for view `vw_market_payment_item`
--

DROP TABLE IF EXISTS `vw_market_payment_item`;
/*!50001 DROP VIEW IF EXISTS `vw_market_payment_item`*/;
SET @saved_cs_client     = @@character_set_client;
SET character_set_client = utf8;
/*!50001 CREATE TABLE `vw_market_payment_item` (
  `objid` tinyint NOT NULL,
  `parentid` tinyint NOT NULL,
  `acctid` tinyint NOT NULL,
  `itemid` tinyint NOT NULL,
  `refid` tinyint NOT NULL,
  `reftype` tinyint NOT NULL,
  `month` tinyint NOT NULL,
  `year` tinyint NOT NULL,
  `fromdate` tinyint NOT NULL,
  `todate` tinyint NOT NULL,
  `amount` tinyint NOT NULL,
  `discount` tinyint NOT NULL,
  `surcharge` tinyint NOT NULL,
  `interest` tinyint NOT NULL,
  `rate` tinyint NOT NULL,
  `ratetype` tinyint NOT NULL,
  `payment_refno` tinyint NOT NULL,
  `payment_refdate` tinyint NOT NULL,
  `payment_refid` tinyint NOT NULL,
  `yearmonth` tinyint NOT NULL
) ENGINE=MyISAM */;
SET character_set_client = @saved_cs_client;

--
-- Temporary table structure for view `vw_market_utility_current`
--

DROP TABLE IF EXISTS `vw_market_utility_current`;
/*!50001 DROP VIEW IF EXISTS `vw_market_utility_current`*/;
SET @saved_cs_client     = @@character_set_client;
SET character_set_client = utf8;
/*!50001 CREATE TABLE `vw_market_utility_current` (
  `objid` tinyint NOT NULL,
  `acctid` tinyint NOT NULL,
  `type` tinyint NOT NULL,
  `readingdate` tinyint NOT NULL,
  `reader_objid` tinyint NOT NULL,
  `reader_name` tinyint NOT NULL,
  `reading` tinyint NOT NULL,
  `volume` tinyint NOT NULL,
  `capacity` tinyint NOT NULL,
  `rate` tinyint NOT NULL,
  `amount` tinyint NOT NULL,
  `amtpaid` tinyint NOT NULL,
  `fromdate` tinyint NOT NULL,
  `todate` tinyint NOT NULL,
  `nextbilldate` tinyint NOT NULL,
  `year` tinyint NOT NULL,
  `month` tinyint NOT NULL,
  `previd` tinyint NOT NULL,
  `nextid` tinyint NOT NULL,
  `prev_objid` tinyint NOT NULL,
  `prev_reading` tinyint NOT NULL,
  `prev_month` tinyint NOT NULL,
  `prev_year` tinyint NOT NULL,
  `yearmonth` tinyint NOT NULL
) ENGINE=MyISAM */;
SET character_set_client = @saved_cs_client;

--
-- Temporary table structure for view `vw_market_utility_log`
--

DROP TABLE IF EXISTS `vw_market_utility_log`;
/*!50001 DROP VIEW IF EXISTS `vw_market_utility_log`*/;
SET @saved_cs_client     = @@character_set_client;
SET character_set_client = utf8;
/*!50001 CREATE TABLE `vw_market_utility_log` (
  `objid` tinyint NOT NULL,
  `acctid` tinyint NOT NULL,
  `type` tinyint NOT NULL,
  `readingdate` tinyint NOT NULL,
  `reader_objid` tinyint NOT NULL,
  `reader_name` tinyint NOT NULL,
  `reading` tinyint NOT NULL,
  `volume` tinyint NOT NULL,
  `capacity` tinyint NOT NULL,
  `rate` tinyint NOT NULL,
  `amount` tinyint NOT NULL,
  `amtpaid` tinyint NOT NULL,
  `fromdate` tinyint NOT NULL,
  `todate` tinyint NOT NULL,
  `nextbilldate` tinyint NOT NULL,
  `year` tinyint NOT NULL,
  `month` tinyint NOT NULL,
  `previd` tinyint NOT NULL,
  `nextid` tinyint NOT NULL,
  `prev_objid` tinyint NOT NULL,
  `prev_reading` tinyint NOT NULL,
  `prev_month` tinyint NOT NULL,
  `prev_year` tinyint NOT NULL,
  `yearmonth` tinyint NOT NULL,
  `balance` tinyint NOT NULL
) ENGINE=MyISAM */;
SET character_set_client = @saved_cs_client;

--
-- Final view structure for view `vw_market_payment_item`
--

/*!50001 DROP TABLE IF EXISTS `vw_market_payment_item`*/;
/*!50001 DROP VIEW IF EXISTS `vw_market_payment_item`*/;
/*!50001 SET @saved_cs_client          = @@character_set_client */;
/*!50001 SET @saved_cs_results         = @@character_set_results */;
/*!50001 SET @saved_col_connection     = @@collation_connection */;
/*!50001 SET character_set_client      = utf8 */;
/*!50001 SET character_set_results     = utf8 */;
/*!50001 SET collation_connection      = utf8_general_ci */;
/*!50001 CREATE ALGORITHM=UNDEFINED */
/*!50013 DEFINER=`root`@`localhost` SQL SECURITY DEFINER */
/*!50001 VIEW `vw_market_payment_item` AS select `me`.`objid` AS `objid`,`me`.`parentid` AS `parentid`,`me`.`acctid` AS `acctid`,`me`.`itemid` AS `itemid`,`me`.`refid` AS `refid`,`me`.`reftype` AS `reftype`,`me`.`month` AS `month`,`me`.`year` AS `year`,`me`.`fromdate` AS `fromdate`,`me`.`todate` AS `todate`,`me`.`amount` AS `amount`,`me`.`discount` AS `discount`,`me`.`surcharge` AS `surcharge`,`me`.`interest` AS `interest`,`me`.`rate` AS `rate`,`me`.`ratetype` AS `ratetype`,`pmt`.`refno` AS `payment_refno`,`pmt`.`refdate` AS `payment_refdate`,`pmt`.`refid` AS `payment_refid`,((`me`.`year` * 12) + `me`.`month`) AS `yearmonth` from (`market_payment_item` `me` join `market_payment` `pmt` on((`me`.`parentid` = `pmt`.`objid`))) */;
/*!50001 SET character_set_client      = @saved_cs_client */;
/*!50001 SET character_set_results     = @saved_cs_results */;
/*!50001 SET collation_connection      = @saved_col_connection */;

--
-- Final view structure for view `vw_market_utility_current`
--

/*!50001 DROP TABLE IF EXISTS `vw_market_utility_current`*/;
/*!50001 DROP VIEW IF EXISTS `vw_market_utility_current`*/;
/*!50001 SET @saved_cs_client          = @@character_set_client */;
/*!50001 SET @saved_cs_results         = @@character_set_results */;
/*!50001 SET @saved_col_connection     = @@collation_connection */;
/*!50001 SET character_set_client      = utf8 */;
/*!50001 SET character_set_results     = utf8 */;
/*!50001 SET collation_connection      = utf8_general_ci */;
/*!50001 CREATE ALGORITHM=UNDEFINED */
/*!50013 DEFINER=`root`@`localhost` SQL SECURITY DEFINER */
/*!50001 VIEW `vw_market_utility_current` AS select `me`.`objid` AS `objid`,`me`.`acctid` AS `acctid`,`me`.`type` AS `type`,`me`.`readingdate` AS `readingdate`,`me`.`reader_objid` AS `reader_objid`,`me`.`reader_name` AS `reader_name`,`me`.`reading` AS `reading`,`me`.`volume` AS `volume`,`me`.`capacity` AS `capacity`,`me`.`rate` AS `rate`,`me`.`amount` AS `amount`,`me`.`amtpaid` AS `amtpaid`,`me`.`fromdate` AS `fromdate`,`me`.`todate` AS `todate`,`me`.`nextbilldate` AS `nextbilldate`,`me`.`year` AS `year`,`me`.`month` AS `month`,`me`.`previd` AS `previd`,`me`.`nextid` AS `nextid`,`prev`.`objid` AS `prev_objid`,`prev`.`reading` AS `prev_reading`,`prev`.`month` AS `prev_month`,`prev`.`year` AS `prev_year`,((`me`.`year` * 12) + `me`.`month`) AS `yearmonth` from (`market_utility` `me` left join `market_utility` `prev` on((`me`.`previd` = `prev`.`objid`))) where isnull(`me`.`nextid`) */;
/*!50001 SET character_set_client      = @saved_cs_client */;
/*!50001 SET character_set_results     = @saved_cs_results */;
/*!50001 SET collation_connection      = @saved_col_connection */;

--
-- Final view structure for view `vw_market_utility_log`
--

/*!50001 DROP TABLE IF EXISTS `vw_market_utility_log`*/;
/*!50001 DROP VIEW IF EXISTS `vw_market_utility_log`*/;
/*!50001 SET @saved_cs_client          = @@character_set_client */;
/*!50001 SET @saved_cs_results         = @@character_set_results */;
/*!50001 SET @saved_col_connection     = @@collation_connection */;
/*!50001 SET character_set_client      = utf8 */;
/*!50001 SET character_set_results     = utf8 */;
/*!50001 SET collation_connection      = utf8_general_ci */;
/*!50001 CREATE ALGORITHM=UNDEFINED */
/*!50013 DEFINER=`root`@`localhost` SQL SECURITY DEFINER */
/*!50001 VIEW `vw_market_utility_log` AS select `me`.`objid` AS `objid`,`me`.`acctid` AS `acctid`,`me`.`type` AS `type`,`me`.`readingdate` AS `readingdate`,`me`.`reader_objid` AS `reader_objid`,`me`.`reader_name` AS `reader_name`,`me`.`reading` AS `reading`,`me`.`volume` AS `volume`,`me`.`capacity` AS `capacity`,`me`.`rate` AS `rate`,`me`.`amount` AS `amount`,`me`.`amtpaid` AS `amtpaid`,`me`.`fromdate` AS `fromdate`,`me`.`todate` AS `todate`,`me`.`nextbilldate` AS `nextbilldate`,`me`.`year` AS `year`,`me`.`month` AS `month`,`me`.`previd` AS `previd`,`me`.`nextid` AS `nextid`,`prev`.`objid` AS `prev_objid`,`prev`.`reading` AS `prev_reading`,`prev`.`month` AS `prev_month`,`prev`.`year` AS `prev_year`,((`me`.`year` * 12) + `me`.`month`) AS `yearmonth`,(`me`.`amount` - `me`.`amtpaid`) AS `balance` from (`market_utility` `me` left join `market_utility` `prev` on((`me`.`previd` = `prev`.`objid`))) */;
/*!50001 SET character_set_client      = @saved_cs_client */;
/*!50001 SET character_set_results     = @saved_cs_results */;
/*!50001 SET collation_connection      = @saved_col_connection */;
/*!40103 SET TIME_ZONE=@OLD_TIME_ZONE */;

/*!40101 SET SQL_MODE=@OLD_SQL_MODE */;
/*!40014 SET FOREIGN_KEY_CHECKS=@OLD_FOREIGN_KEY_CHECKS */;
/*!40014 SET UNIQUE_CHECKS=@OLD_UNIQUE_CHECKS */;
/*!40101 SET CHARACTER_SET_CLIENT=@OLD_CHARACTER_SET_CLIENT */;
/*!40101 SET CHARACTER_SET_RESULTS=@OLD_CHARACTER_SET_RESULTS */;
/*!40101 SET COLLATION_CONNECTION=@OLD_COLLATION_CONNECTION */;
/*!40111 SET SQL_NOTES=@OLD_SQL_NOTES */;

-- Dump completed on 2019-11-09 12:44:47
